stock_id,symbol,isin,first_seen
2,20MICRONS,INE144J01027,2026-09-07
3,21STCENMGM,INE253B01015,2026-09-07
10351,360ONE,INE466L01038,2026-09-07
10226,3BBLACKBIO,INE994E01018,2026-09-07
10415,3IINFOLTD,INE748C01038,2026-09-07
4,3IINFOTECH,,2026-09-07
5,3MINDIA,INE470A01017,2026-09-07
6,3PLAND,INE105C01023,2026-09-07
7,5PAISA,INE618L01018,2026-09-07
8,63MOONS,INE111B01023,2026-09-07
2053799,8KMILES,,2026-09-07
9,A2ZINFRA,INE619I01012,2026-09-07
9707,AAATECH,INE0D0U01013,2026-09-07
11711,AADHARHFC,INE883F01010,2026-09-07
11382,AAKASH,INE087Z01024,2026-09-07
9658,AAREYDRUGS,INE198H01019,2026-09-07
10515,AARNAV,INE750R01016,2026-09-07
9297,AARON,INE721Z01010,2026-09-07
9996,AARTECH,INE01C001026,2026-09-07
10,AARTIDRUGS,INE767A01016,2026-09-07
11,AARTIIND,INE769A01020,2026-09-07
10917,AARTIPHARM,INE0LRU01027,2026-09-07
10595,AARTISURF,INE09EO01013,2026-09-07
12,AARVEEDEN,,2026-09-07
10955,AARVI,INE754X01016,2026-09-07
9977,AASTHA,INE2FMX01012,2026-09-07
13,AAVAS,INE216P01012,2026-09-07
14,ABAN,INE421A01028,2026-09-07
11293,ABANSENT,INE365O01028,2026-09-07
15,ABB,INE117A01022,2026-09-07
16,ABBOTINDIA,INE358A01014,2026-09-07
17,ABCAPITAL,INE674K01013,2026-09-07
10411,ABCOTS,INE08PH01015,2026-09-07
10017,ABDL,INE552Z01027,2026-09-07
18,ABFRL,INE647O01011,2026-09-07
492854,ABGSEC,,2026-09-07
9610,ABINFRA,INE00YB01025,2026-09-07
9951,ABLBL,INE14LE01019,2026-09-07
11613,ABMINTLLTD,INE251C01025,2026-09-07
11325,ABMKNO,INE850B01026,2026-09-07
10969,ABREL,INE055A01016,2026-09-07
1369691,ABSL10BANK,,2026-09-07
10115,ABSLAMC,INE404A01024,2026-09-07
19,ABSLBANETF,,2026-09-07
11849,ABSLLIQUID,,2026-09-07
1350340,ABSLMSCIN,,2026-09-07
20,ABSLNN50ET,,2026-09-07
427564,ABSLPSE,,2026-09-07
21,ACC,INE012A01025,2026-09-07
22,ACCELYA,INE793A01012,2026-09-07
9493,ACCURACY,INE648Z01023,2026-09-07
23,ACE,INE731H01025,2026-09-07
10846,ACEINTEG,INE543V01017,2026-09-07
10581,ACGL,INE451C01013,2026-09-07
9295,ACI,INE128X01021,2026-09-07
11019,ACL,INE666E01020,2026-09-07
199850,ACLGATI,,2026-09-07
11531,ACMESOLAR,INE622W01025,2026-09-07
10941,ACSTECH,INE366C01021,2026-09-07
11269,ACUTAAS,INE00FF01025,2026-09-07
9891,ADANIENSOL,INE931S01010,2026-09-07
24,ADANIENT,INE423A01024,2026-09-07
25,ADANIGAS,,2026-09-07
26,ADANIGREEN,INE364U01010,2026-09-07
27,ADANIPORTS,INE742F01042,2026-09-07
28,ADANIPOWER,INE814H01029,2026-09-07
29,ADANITRANS,,2026-09-07
11173,ADDIND,INE757C01021,2026-09-07
30,ADFFOODS,INE982B01027,2026-09-07
31,ADHUNIKIND,,2026-09-07
9806,ADL,INE0CHO01012,2026-09-07
32,ADLABS,,2026-09-07
9552,ADOR,INE045A01017,2026-09-07
33,ADORWELD,,2026-09-07
34,ADROITINFO,INE737B01033,2026-09-07
35,ADSL,INE102I01027,2026-09-07
10530,ADVAIT,INE0ALI01010,2026-09-07
11406,ADVANCE,INE1B0W01010,2026-09-07
36,ADVANIHOTR,INE199C01026,2026-09-07
9896,ADVENTHTL,INE28GN01010,2026-09-07
37,ADVENZYMES,INE837H01020,2026-09-07
11357,ADVIKCA,INE178T01024,2026-09-07
38,AEGISCHEM,,2026-09-07
11172,AEGISLOG,INE208C01025,2026-09-07
10910,AEGISVOPAK,INE0INX01018,2026-09-07
10942,AEPL,INE757T01025,2026-09-07
11638,AEQUS,INE947N01017,2026-09-07
10641,AEROENTER,INE065D01027,2026-09-07
11134,AEROFLEX,INE024001021,2026-09-07
9852,AERONEU,INE035801013,2026-09-07
9866,AEROPLANE,INE05TO01019,2026-09-07
10789,AETHER,INE0BWX01014,2026-09-07
9696,AFCONS,INE101I01011,2026-09-07
10063,AFFLE,INE00WC01027,2026-09-07
10170,AFFORDABLE,INE692Z01013,2026-09-07
11222,AFIL,INE916Y01027,2026-09-07
11434,AFSL,INE00ZE01026,2026-09-07
39,AGARIND,INE204E01012,2026-09-07
9960,AGARWALEYE,INE943P01029,2026-09-07
1770110,AGCNET,,2026-09-07
11667,AGI,INE415A01038,2026-09-07
9969,AGIIL,INE976R01033,2026-09-07
9943,AGL,INE1YPB01014,2026-09-07
1696374,AGLSL,,2026-09-07
40,AGRITECH,INE449G01018,2026-09-07
41,AGROPHOS,INE740V01019,2026-09-07
11874,AGSTRA,,2026-09-07
11098,AHCL,INE0Y8W01025,2026-09-07
11875,AHL,,2026-09-07
9937,AHLADA,INE00PV01013,2026-09-07
42,AHLEAST,INE926K01017,2026-09-07
43,AHLUCONT,INE758C01029,2026-09-07
44,AHLWEST,INE915K01010,2026-09-07
45,AIAENG,INE212H01026,2026-09-07
10222,AIIL,INE206F01022,2026-09-07
46,AIONJSW,,2026-09-07
47,AIRAN,INE645W01026,2026-09-07
11656,AIROLAM,INE801L01010,2026-09-07
48,AJANTPHARM,INE031B01049,2026-09-07
11554,AJAXENGG,INE274Y01021,2026-09-07
49,AJMERA,INE298G01035,2026-09-07
11563,AJOONI,INE820Y01021,2026-09-07
10489,AKASH,INE737W01013,2026-09-07
11188,AKCAPIT,INE701G01012,2026-09-07
11746,AKG,INE00Y801016,2026-09-07
9968,AKI,INE642Z01026,2026-09-07
10940,AKSHAR,INE256Z01025,2026-09-07
50,AKSHARCHEM,INE542B01011,2026-09-07
51,AKSHOPTFBR,INE523B01011,2026-09-07
11258,AKUMS,INE09XN01023,2026-09-07
52,AKZOINDIA,,2026-09-07
53,ALANKIT,INE914E01040,2026-09-07
54,ALBERTDAVD,INE155C01010,2026-09-07
1696390,ALBK,,2026-09-07
1967130,ALCHEM,,2026-09-07
55,ALEMBICLTD,INE426A01027,2026-09-07
11213,ALFREDHE,INE782D01027,2026-09-07
11279,ALGOQUANT,INE598D01035,2026-09-07
56,ALICON,INE062D01024,2026-09-07
10777,ALIVUS,INE03Q201024,2026-09-07
57,ALKALI,INE773I01017,2026-09-07
58,ALKEM,INE540L01014,2026-09-07
59,ALKYLAMINE,INE150B01039,2026-09-07
60,ALLCARGO,INE418H01029,2026-09-07
10286,ALLDIGI,INE835G01018,2026-09-07
61,ALLSEC,,2026-09-07
9892,ALLTIME,INE0GV601021,2026-09-07
62,ALMONDZ,INE326B01035,2026-09-07
63,ALOKINDS,INE270A01029,2026-09-07
1696399,ALOKTEXT,,2026-09-07
64,ALPA,INE385I01010,2026-09-07
342001,ALPHA,,2026-09-07
156841,ALPHAETF,,2026-09-07
65,ALPHAGEO,INE137C01018,2026-09-07
11566,ALPINETEX,INE1JCQ01037,2026-09-07
225233,ALPL30IETF,,2026-09-07
66,ALPSINDUS,,2026-09-07
11179,ALUFLUOR,INE058F01019,2026-09-07
10889,AMAGI,INE121R01077,2026-09-07
11507,AMAL,INE841D01013,2026-09-07
11428,AMANTA,INE084K01015,2026-09-07
67,AMARAJABAT,,2026-09-07
11194,AMARJOTHI,INE484D01012,2026-09-07
11020,AMBALALSA,INE432A01017,2026-09-07
68,AMBER,INE371P01015,2026-09-07
10142,AMBICAAGAR,INE792B01012,2026-09-07
69,AMBIKCO,INE540G01014,2026-09-07
70,AMBUJACEM,INE079A01024,2026-09-07
71,AMDIND,INE005I01014,2026-09-07
11903,AMIORG,,2026-09-07
1420939,AMIRCHAND,,2026-09-07
72,AMJLAND,INE606A01024,2026-09-07
9858,AMNPLST,INE275D01022,2026-09-07
73,AMRUTANJAN,INE098F01031,2026-09-07
10074,ANANDRATHI,INE463V01026,2026-09-07
74,ANANTRAJ,INE242C01024,2026-09-07
1696410,ANDHRABANK,,2026-09-07
75,ANDHRACEMT,,2026-09-07
76,ANDHRAPAP,INE435A01051,2026-09-07
77,ANDHRSUGAR,INE715B01021,2026-09-07
1816353,ANDPAPER,,2026-09-07
9357,ANDREWYU,INE449C01025,2026-09-07
2075386,ANGELBRKG,,2026-09-07
11457,ANGELONE,INE732I01021,2026-09-07
78,ANIKINDS,INE087B01017,2026-09-07
79,ANKITMETAL,,2026-09-07
10831,ANMOL,INE02AR01019,2026-09-07
9567,ANNAPURNA,INE0MGM01017,2026-09-07
11580,ANNU,INE103001017,2026-09-07
80,ANSALAPI,,2026-09-07
11663,ANSALBU,INE030C01015,2026-09-07
81,ANSALHSG,,2026-09-07
9327,ANTELOPUS,INE818A01017,2026-09-07
10019,ANTGRAPHIC,INE414B01021,2026-09-07
10021,ANTHEM,INE0CZ201020,2026-09-07
11614,ANUHPHR,INE489G01022,2026-09-07
82,ANUP,INE294Z01018,2026-09-07
10294,ANURAS,INE930P01018,2026-09-07
1082202,AONEGOLD,,2026-09-07
850919,AONELIQUID,,2026-09-07
930861,AONENIFTY,,2026-09-07
1364957,AONESILVER,,2026-09-07
1207360,AONETMMQ50,,2026-09-07
818068,AONETOTAL,,2026-09-07
83,APARINDS,INE372A01015,2026-09-07
84,APCL,INE071F01012,2026-09-07
85,APCOTEXIND,INE116A01032,2026-09-07
86,APEX,INE346W01013,2026-09-07
87,APLAPOLLO,INE702C01027,2026-09-07
88,APLLTD,INE901L01018,2026-09-07
89,APOLLO,INE713T01028,2026-09-07
90,APOLLOHOSP,INE437A01024,2026-09-07
91,APOLLOPIPE,INE126J01016,2026-09-07
92,APOLLOTYRE,INE438A01022,2026-09-07
93,APOLSINHOT,INE451F01024,2026-09-07
11572,APOORVA,INE217S01014,2026-09-07
94,APTECHT,INE266F01018,2026-09-07
9563,APTUS,INE852O01025,2026-09-07
11779,AQYLON,INE416A01051,2026-09-07
95,ARCHIDPLY,INE877I01016,2026-09-07
96,ARCHIES,INE731A01020,2026-09-07
9409,ARCL,INE372M01010,2026-09-07
97,ARCOTECH,,2026-09-07
10813,ARDEE,INE0XNF01022,2026-09-07
11590,ARE&M,INE885A01032,2026-09-07
98,ARENTERP,INE610C01014,2026-09-07
11718,ARFIN,INE784R01023,2026-09-07
99,ARIES,INE298I01015,2026-09-07
100,ARIHANT,INE413D01011,2026-09-07
10675,ARIHANTCAP,INE420B01036,2026-09-07
101,ARIHANTSUP,INE643K01018,2026-09-07
10753,ARIS,INE0H9P01028,2026-09-07
972283,ARISINFRA,,2026-09-07
10532,ARKADE,INE0QRL01017,2026-09-07
102,ARMANFIN,INE109C01017,2026-09-07
103,AROGRANITE,INE210C01013,2026-09-07
9790,ARROWGREEN,INE570D01018,2026-09-07
1696433,ARROWTEX,,2026-09-07
104,ARSHIYA,,2026-09-07
9900,ARSSBL,INE549H01021,2026-09-07
105,ARSSINFRA,,2026-09-07
106,ARTEMISMED,INE025R01021,2026-09-07
9914,ARTNIRMAN,INE738V01013,2026-09-07
9810,ARVEE,INE006Z01016,2026-09-07
107,ARVIND,INE034A01011,2026-09-07
108,ARVINDFASN,INE955V01021,2026-09-07
109,ARVSMART,INE034S01021,2026-09-07
10805,ARYAMAN,INE032E01017,2026-09-07
110,ASAHIINDIA,INE439A01020,2026-09-07
111,ASAHISONG,INE228I01012,2026-09-07
112,ASAL,INE900C01027,2026-09-07
113,ASALCBR,INE073G01016,2026-09-07
114,ASHAPURMIN,INE348A01023,2026-09-07
115,ASHIANA,INE365D01021,2026-09-07
1450391,ASHIKA,,2026-09-07
11078,ASHIKAG,INE094B01013,2026-09-07
116,ASHIMASYN,INE440A01010,2026-09-07
117,ASHOKA,INE442H01029,2026-09-07
10657,ASHOKAMET,INE760Y01011,2026-09-07
118,ASHOKLEY,INE208A01029,2026-09-07
10434,ASIANENE,INE276G01015,2026-09-07
119,ASIANHOTNR,INE363A01022,2026-09-07
120,ASIANPAINT,INE021A01026,2026-09-07
121,ASIANTILES,INE022I01019,2026-09-07
9950,ASIANTNE,INE822B01017,2026-09-07
11677,ASKAUTOLTD,INE491J01022,2026-09-07
10504,ASMS,INE855F01042,2026-09-07
122,ASPINWALL,INE991I01015,2026-09-07
10727,ASSAMENT,INE165G01010,2026-09-07
10084,ASTAR,INE194D01017,2026-09-07
123,ASTEC,INE563J01010,2026-09-07
124,ASTERDM,INE914M01019,2026-09-07
125,ASTRAL,INE006I01046,2026-09-07
126,ASTRAMICRO,INE386C01029,2026-09-07
127,ASTRAZEN,INE203A01020,2026-09-07
128,ASTRON,,2026-09-07
10287,ATALREAL,INE0ALR01029,2026-09-07
10424,ATAM,INE09KD01013,2026-09-07
129,ATFL,,2026-09-07
10370,ATGL,INE399L01023,2026-09-07
9873,ATHERENERG,INE0LEZ01016,2026-09-07
11550,ATL,INE0NN701020,2026-09-07
130,ATLANTA,,2026-09-07
10547,ATLANTAA,INE285H01022,2026-09-07
11153,ATLANTAELE,INE0Z4F01028,2026-09-07
10264,ATLASCYCLE,INE446A01025,2026-09-07
131,ATUL,INE100A01010,2026-09-07
132,ATULAUTO,INE951D01028,2026-09-07
133,AUBANK,INE949L01017,2026-09-07
9601,AUGMONT,INE16W401027,2026-09-07
1140829,AURIGROW,,2026-09-07
134,AURIONPRO,INE132H01018,2026-09-07
135,AUROPHARMA,INE406A01037,2026-09-07
10885,AURUM,INE898S01029,2026-09-07
11142,AURUS,INE142K01011,2026-09-07
136,AUSOMENT,INE218C01016,2026-09-07
10234,AUSTENG,INE759F01012,2026-09-07
137,AUTOAXLES,INE449A01011,2026-09-07
11970,AUTOBEES,,2026-09-07
225306,AUTOIETF,,2026-09-07
138,AUTOIND,INE718H01014,2026-09-07
139,AUTOLITIND,,2026-09-07
140,AVADHSUGAR,INE349W01017,2026-09-07
1450429,AVAILFC,,2026-09-07
9927,AVALON,INE0LCL01028,2026-09-07
11547,AVANCE,INE758A01072,2026-09-07
9753,AVANTEL,INE005B01027,2026-09-07
141,AVANTIFEED,INE871C01038,2026-09-07
11461,AVG,INE680Z01018,2026-09-07
9324,AVL,INE679V01027,2026-09-07
11148,AVONMORE,INE323B01024,2026-09-07
10487,AVROIND,INE652Z01025,2026-09-07
142,AVTNPL,INE488D01021,2026-09-07
9967,AWFIS,INE108V01019,2026-09-07
9344,AWHCL,INE01BK01022,2026-09-07
10980,AWL,INE699H01024,2026-09-07
143,AXISBANK,INE238A01034,2026-09-07
11982,AXISBNKETF,,2026-09-07
11983,AXISBPSETF,,2026-09-07
144,AXISCADES,INE555B01013,2026-09-07
11985,AXISCETF,,2026-09-07
145,AXISGOLD,,2026-09-07
11987,AXISHCETF,,2026-09-07
11988,AXISILVER,,2026-09-07
146,AXISNIFTY,,2026-09-07
11990,AXISTECETF,,2026-09-07
838540,AXISVALUE,,2026-09-07
10993,AXITA,INE02EZ01022,2026-09-07
11992,AXSENSEX,,2026-09-07
11773,AXTEL,INE767C01012,2026-09-07
11416,AYE,INE501X01029,2026-09-07
147,AYMSYNTEX,INE193B01039,2026-09-07
9576,AZAD,INE02IJ01035,2026-09-07
10839,AZADIND,INE566M01017,2026-09-07
148,BAFNAPH,INE878I01022,2026-09-07
149,BAGFILMS,INE116D01028,2026-09-07
9342,BAIDFIN,INE020D01022,2026-09-07
150,BAJAJ-AUTO,INE917I01010,2026-09-07
151,BAJAJCON,INE933K01021,2026-09-07
152,BAJAJELEC,INE193E01025,2026-09-07
153,BAJAJFINSV,INE918I01026,2026-09-07
11818,BAJAJHCARE,INE411U01027,2026-09-07
10390,BAJAJHFL,INE377Y01014,2026-09-07
154,BAJAJHIND,INE306A01021,2026-09-07
155,BAJAJHLDNG,INE118A01012,2026-09-07
11069,BAJAJINDEF,INE0O9T01021,2026-09-07
9991,BAJAJST,INE704G01024,2026-09-07
9418,BAJEL,INE0KQN01018,2026-09-07
156,BAJFINANCE,INE296A01032,2026-09-07
9908,BALAJEE,INE0S2G01011,2026-09-07
157,BALAJITELE,INE794B01026,2026-09-07
158,BALAMINES,INE050E01027,2026-09-07
10554,BALAXI,INE618N01022,2026-09-07
159,BALKRISHNA,INE875R01011,2026-09-07
160,BALKRISIND,INE787D01026,2026-09-07
161,BALLARPUR,,2026-09-07
162,BALMLAWRIE,INE164A01016,2026-09-07
163,BALPHARMA,INE083D01012,2026-09-07
164,BALRAMCHIN,INE119A01028,2026-09-07
10960,BALUFORGE,INE011E01029,2026-09-07
165,BANARBEADS,INE655B01011,2026-09-07
166,BANARISUG,INE459A01010,2026-09-07
167,BANCOINDIA,INE213C01025,2026-09-07
168,BANDHANBNK,INE545U01014,2026-09-07
169,BANG,INE863I01016,2026-09-07
1384505,BANK10ADD,,2026-09-07
1611149,BANK10BETF,,2026-09-07
10164,BANKA,INE862Y01015,2026-09-07
1235668,BANKADD,,2026-09-07
170,BANKBARODA,INE028A01039,2026-09-07
171,BANKBEES,,2026-09-07
1252272,BANKBETA,,2026-09-07
275838,BANKBETF,,2026-09-07
41682,BANKETF,,2026-09-07
299154,BANKETFADD,,2026-09-07
225355,BANKIETF,,2026-09-07
172,BANKINDIA,INE084A01016,2026-09-07
342134,BANKNIFTY1,,2026-09-07
613366,BANKPSU,,2026-09-07
11302,BANSALWIRE,INE0B9K01025,2026-09-07
173,BANSWRAS,INE629D01020,2026-09-07
12022,BARBEQUE,,2026-09-07
174,BASF,INE373A01013,2026-09-07
175,BASML,INE186H01022,2026-09-07
176,BATAINDIA,INE176A01028,2026-09-07
10880,BATLIBOI,INE177C01022,2026-09-07
177,BAYERCROP,INE462A01022,2026-09-07
12027,BBETF0432,,2026-09-07
178,BBL,INE464A01036,2026-09-07
470066,BBNPNBETF,,2026-09-07
223553,BBNPPGOLD,,2026-09-07
10732,BBOX,INE676A01027,2026-09-07
179,BBTC,INE050A01025,2026-09-07
10739,BBTCL,INE01EE01011,2026-09-07
180,BCG,INE425B01027,2026-09-07
9784,BCLIND,INE412G01024,2026-09-07
10994,BCONCEPTS,INE977Y01011,2026-09-07
181,BCP,,2026-09-07
10988,BCPL,INE00SW01015,2026-09-07
182,BDL,INE171Z01026,2026-09-07
183,BEARDSELL,INE520H01022,2026-09-07
9840,BECTORFOOD,INE495P01020,2026-09-07
184,BEDMUTHA,INE844K01012,2026-09-07
9642,BEEKAY,INE213D01015,2026-09-07
185,BEL,INE263A01024,2026-09-07
11196,BELLACASA,INE344T01014,2026-09-07
11381,BELRISE,INE894V01022,2026-09-07
186,BEML,INE258A01024,2026-09-07
9701,BENARAS,INE664D01019,2026-09-07
11238,BENGALASM,INE083K01017,2026-09-07
187,BEPL,INE922A01025,2026-09-07
188,BERGEPAINT,INE463A01038,2026-09-07
9870,BESTAGRO,INE052T01021,2026-09-07
11812,BETA,INE351Y01019,2026-09-07
189,BFINVEST,INE878K01010,2026-09-07
87783,BFSI,,2026-09-07
190,BFUTILITIE,INE243D01012,2026-09-07
191,BGRENERGY,INE661I01014,2026-09-07
9657,BHAGCHEM,INE414D01027,2026-09-07
192,BHAGERIA,INE354C01027,2026-09-07
193,BHAGYANGR,INE458B01036,2026-09-07
194,BHAGYAPROP,,2026-09-07
195,BHANDARI,INE474E01029,2026-09-07
11160,BHARATCOAL,INE05XR01022,2026-09-07
196,BHARATFORG,INE465A01025,2026-09-07
197,BHARATGEAR,INE561C01019,2026-09-07
198,BHARATRAS,INE838B01021,2026-09-07
11359,BHARATSE,INE415D01024,2026-09-07
199,BHARATWIRE,INE316L01019,2026-09-07
200,BHARTIARTL,INE397D01024,2026-09-07
10235,BHARTIHEXA,INE343G01021,2026-09-07
201,BHEL,INE257A01026,2026-09-07
11093,BI,INE986A01012,2026-09-07
202,BIGBLOC,INE412U01025,2026-09-07
11157,BIKAJI,INE00E101023,2026-09-07
203,BIL,INE828A01016,2026-09-07
204,BILENERGY,,2026-09-07
11593,BILVYAPAR,INE071A01013,2026-09-07
10196,BIMETAL,INE469A01019,2026-09-07
386300,BINANIIND,,2026-09-07
205,BINDALAGRO,,2026-09-07
206,BIOCON,INE376G01013,2026-09-07
207,BIOFILCHEM,INE829A01014,2026-09-07
208,BIRLACABLE,INE800A01015,2026-09-07
209,BIRLACORPN,INE340A01012,2026-09-07
210,BIRLAMONEY,INE865C01022,2026-09-07
11043,BIRLANU,INE557A01011,2026-09-07
9758,BIRLAPREC,INE372E01025,2026-09-07
211,BIRLATYRE,,2026-09-07
1696535,BKMINDST,,2026-09-07
9700,BLACKBUCK,INE0UIZ01018,2026-09-07
11748,BLACKROSE,INE761G01016,2026-09-07
11324,BLAL,INE0N7W01012,2026-09-07
212,BLBLIMITED,INE791A01024,2026-09-07
10688,BLEL,INE1EEM01017,2026-09-07
9757,BLIL,INE525F01025,2026-09-07
213,BLISSGVS,INE416D01022,2026-09-07
214,BLKASHYAP,INE350H01032,2026-09-07
215,BLS,INE153T01027,2026-09-07
9347,BLSE,INE0NLT01010,2026-09-07
10683,BLUECHIP,INE657B01025,2026-09-07
10531,BLUECLOUDS,INE373T01047,2026-09-07
11620,BLUECOAST,INE472B01011,2026-09-07
216,BLUEDART,INE233B01017,2026-09-07
9720,BLUEJET,INE0KBH01020,2026-09-07
217,BLUESTARCO,INE472A01039,2026-09-07
9416,BLUESTONE,INE304W01038,2026-09-07
10059,BLUSPRING,INE0U4101014,2026-09-07
11611,BMWVENTLTD,INE965W01036,2026-09-07
9350,BNAGROCHEM,INE00HZ01011,2026-09-07
10413,BNALTD,INE489D01011,2026-09-07
1582667,BNKETFAXIS,,2026-09-07
218,BODALCHEM,INE338D01028,2026-09-07
10998,BOHRAIND,INE802W01023,2026-09-07
219,BOMDYEING,INE032A01023,2026-09-07
11682,BONLON,INE0B9A01018,2026-09-07
9328,BORANA,INE16SF01016,2026-09-07
10792,BOROLTD,INE02PY01013,2026-09-07
1767,BORORENEW,INE666D01022,2026-09-07
11016,BOROSCI,INE02L001032,2026-09-07
1696544,BOROSIL,,2026-09-07
9307,BOSCH-HCIL,INE782A01015,2026-09-07
220,BOSCHLTD,INE323A01026,2026-09-07
221,BPCL,INE029A01011,2026-09-07
222,BPL,INE110A01019,2026-09-07
9880,BPLPHARMA,INE365Y01019,2026-09-07
11344,BRAHMINFRA,INE320I01017,2026-09-07
223,BRFL,,2026-09-07
224,BRIGADE,INE791I01019,2026-09-07
9843,BRIGHOTEL,INE03NU01014,2026-09-07
10259,BRIGHTBR,INE630D01010,2026-09-07
225,BRITANNIA,INE216A01030,2026-09-07
226,BRNL,INE727S01012,2026-09-07
227,BROOKS,INE650L01011,2026-09-07
228,BSE,INE118H01025,2026-09-07
225414,BSE500IETF,,2026-09-07
1770286,BSELINFRA,,2026-09-07
11205,BSHSL,INE032Z01020,2026-09-07
229,BSL,INE594B01012,2026-09-07
230,BSLGOLDETF,,2026-09-07
231,BSLNIFTY,,2026-09-07
12085,BSLSENETFG,,2026-09-07
232,BSOFT,INE836A01035,2026-09-07
10635,BTML,INE0EEJ01023,2026-09-07
11502,BTTL,INE274K01012,2026-09-07
9354,BUILDPRO,INE24OJ01011,2026-09-07
2153917,BURGERKING,,2026-09-07
233,BURNPUR,INE817H01022,2026-09-07
234,BUTTERFLY,INE295F01017,2026-09-07
9853,BVCL,INE139I01011,2026-09-07
235,BYKE,INE319B01014,2026-09-07
236,CADILAHC,,2026-09-07
237,CALSOFT,INE526B01014,2026-09-07
238,CAMLINFINE,INE052I01032,2026-09-07
9356,CAMPUS,INE278Y01022,2026-09-07
11777,CAMS,INE596I01020,2026-09-07
239,CANBK,INE476A01022,2026-09-07
240,CANFINHOME,INE477A01020,2026-09-07
9846,CANHLIFE,INE01TY01017,2026-09-07
241,CANTABIL,INE068L01024,2026-09-07
242,CAPACITE,INE264T01014,2026-09-07
10544,CAPILLARY,INE0ILV01024,2026-09-07
10251,CAPITALSFB,INE646H01017,2026-09-07
243,CAPLIPOINT,INE475E01026,2026-09-07
244,CAPTRUST,INE707C01018,2026-09-07
245,CARBORUNIV,INE120A01034,2026-09-07
246,CAREERP,,2026-09-07
247,CARERATING,INE752H01013,2026-09-07
9627,CARRARO,INE0V7W01012,2026-09-07
11455,CARTRADE,INE290S01011,2026-09-07
9796,CARYSIL,INE482D01024,2026-09-07
836622,CASHIETF,,2026-09-07
248,CASTEXTECH,,2026-09-07
249,CASTROLIND,INE172A01027,2026-09-07
9369,CCAVENUE,INE483S01020,2026-09-07
9795,CCCL,INE429I01024,2026-09-07
250,CCHHL,INE652F01027,2026-09-07
251,CCL,INE421D01022,2026-09-07
252,CDSL,INE736A01011,2026-09-07
253,CEATLTD,INE482A01020,2026-09-07
254,CEBBCO,,2026-09-07
9921,CEIGALL,INE0AG901020,2026-09-07
11399,CEINSYS,INE016Q01014,2026-09-07
255,CELEBRITY,INE185H01016,2026-09-07
11763,CELLO,INE0LMW01024,2026-09-07
1623248,CEMNTGROWW,,2026-09-07
10463,CEMPRO,INE686A01026,2026-09-07
256,CENTENKA,INE485A01015,2026-09-07
257,CENTEXT,INE281A01026,2026-09-07
258,CENTRALBK,INE483A01010,2026-09-07
259,CENTRUM,INE660C01027,2026-09-07
260,CENTUM,INE320B01020,2026-09-07
261,CENTURYPLY,INE348B01021,2026-09-07
262,CENTURYTEX,,2026-09-07
263,CERA,INE739E01017,2026-09-07
500814,CEREBRAINT,,2026-09-07
264,CESC,INE486A01021,2026-09-07
265,CESCVENT,,2026-09-07
10878,CEWATER,INE037Z01029,2026-09-07
11655,CFEL,INE700F01024,2026-09-07
266,CGCL,INE180C01042,2026-09-07
267,CGPOWER,INE067A01029,2026-09-07
10040,CGVAK,INE084D01010,2026-09-07
268,CHALET,INE427F01016,2026-09-07
269,CHAMBLFERT,INE085A01013,2026-09-07
270,CHEMBOND,INE995D01025,2026-09-07
9579,CHEMBONDCH,INE0TGX01019,2026-09-07
9611,CHEMCON,INE03YM01018,2026-09-07
10872,CHEMCRUX,INE298W01016,2026-09-07
271,CHEMFAB,INE783X01023,2026-09-07
1193761,CHEMICAL,,2026-09-07
10001,CHEMPLASTS,INE488A01050,2026-09-07
272,CHENNPETRO,INE178A01016,2026-09-07
11002,CHEVIOT,INE974B01016,2026-09-07
1177689,CHOICEGOLD,,2026-09-07
9625,CHOICEIN,INE102B01014,2026-09-07
273,CHOLAFIN,INE121A01024,2026-09-07
274,CHOLAHLDNG,INE149A01033,2026-09-07
1894698,CHROMATIC,,2026-09-07
9948,CIEINDIA,INE536H01010,2026-09-07
11610,CIFL,INE345H01024,2026-09-07
275,CIGNITITEC,,2026-09-07
276,CIMMCO,,2026-09-07
277,CINELINE,INE704H01022,2026-09-07
278,CINEVISTA,INE039B01026,2026-09-07
279,CIPLA,INE059A01026,2026-09-07
1770335,CKFSL,,2026-09-07
10822,CLCIND,INE376C01038,2026-09-07
10835,CLEAN,INE227W01023,2026-09-07
10626,CLEANMAX,INE647U01026,2026-09-07
280,CLEDUCATE,INE201M01029,2026-09-07
281,CLNINDIA,,2026-09-07
10141,CLSEL,INE419D01026,2026-09-07
282,CMICABLES,,2026-09-07
11492,CMLL,INE11XY01018,2026-09-07
9999,CMPDI,INE05HV01027,2026-09-07
11239,CMRGREEN,INE00WV01027,2026-09-07
10807,CMSINFO,INE925R01014,2026-09-07
9913,CNL,INE985W01018,2026-09-07
1696604,CNOVAPETRO,,2026-09-07
283,COALINDIA,INE522F01014,2026-09-07
9574,COASTCORP,INE377E01024,2026-09-07
284,COCHINSHIP,INE704P01025,2026-09-07
10548,COCKERILL,INE515A01019,2026-09-07
11057,COFFEEDAY,INE335K01011,2026-09-07
9973,COFORGE,INE591G01025,2026-09-07
10706,COHANCE,INE03QK01018,2026-09-07
285,COLPAL,INE259A01022,2026-09-07
11512,COMFINTE,INE819A01049,2026-09-07
225478,COMMOIETF,,2026-09-07
9404,COMPEAU,INE823B01015,2026-09-07
286,COMPINFO,,2026-09-07
287,COMPUSOFT,INE453B01029,2026-09-07
9443,COMSYN,INE073V01015,2026-09-07
288,CONCOR,INE111A01025,2026-09-07
10304,CONCORDBIO,INE338H01029,2026-09-07
289,CONFIPET,INE552D01024,2026-09-07
342265,CONS,,2026-09-07
290,CONSOFINVT,INE025A01027,2026-09-07
1582773,CONSUMAXIS,,2026-09-07
12152,CONSUMBEES,,2026-09-07
729924,CONSUMER,,2026-09-07
225484,CONSUMIETF,,2026-09-07
291,CONTROLPR,INE663B01015,2026-09-07
292,CORALFINAC,INE558D01021,2026-09-07
10884,CORDELIA,INE0LZF01039,2026-09-07
293,CORDSCABLE,INE792I01017,2026-09-07
294,COROMANDEL,INE169A01031,2026-09-07
11343,CORONA,INE02ZQ01018,2026-09-07
1696618,CORPBANK,,2026-09-07
295,COSMOFILMS,,2026-09-07
10195,COSMOFIRST,INE757A01017,2026-09-07
296,COUNCODOS,INE695B01025,2026-09-07
1696621,COX&KINGS,,2026-09-07
10847,CPCAP,INE521J01018,2026-09-07
10365,CPEDU,INE0P6P01016,2026-09-07
11821,CPL,INE536P01021,2026-09-07
10759,CPPLUS,INE819V01029,2026-09-07
297,CPSEETF,,2026-09-07
9549,CRAFTSMAN,INE00LO01017,2026-09-07
11788,CRAMC,INE218I01013,2026-09-07
9465,CRAVATEX,INE145E01017,2026-09-07
298,CREATIVE,,2026-09-07
10327,CREATIVEYE,INE230B01021,2026-09-07
299,CREDITACC,INE741K01010,2026-09-07
300,CREST,INE559D01011,2026-09-07
2175881,CRESTO,,2026-09-13
301,CRISIL,INE007A01025,2026-09-07
10744,CRIZAC,INE0S4R01014,2026-09-07
1696626,CRMFGETF,,2026-09-07
302,CROMPTON,INE299U01018,2026-09-07
10087,CROWN,INE491V01019,2026-09-07
9370,CRSL,INE716D01033,2026-09-07
303,CSBBANK,INE679A01013,2026-09-07
10297,CSLFINANCE,INE718F01018,2026-09-07
10600,CSM,INE0ZK601013,2026-09-07
304,CTE,INE627H01017,2026-09-07
305,CUB,INE491A01021,2026-09-07
9939,CUBEXTUB,INE144D01012,2026-09-07
306,CUMMINSIND,INE298A01020,2026-09-07
307,CUPID,INE509F01029,2026-09-07
10983,CURAA,INE117B01020,2026-09-07
9592,CYBERMEDIA,INE278G01037,2026-09-07
308,CYBERTECH,INE214A01019,2026-09-07
309,CYIENT,INE136B01020,2026-09-07
11346,CYIENTDLM,INE055S01018,2026-09-07
310,DAAWAT,,2026-09-07
311,DABUR,INE016A01026,2026-09-07
11537,DAICHI,INE928C01010,2026-09-07
312,DALBHARAT,INE00R701025,2026-09-07
313,DALMIASUG,INE495A01022,2026-09-07
9389,DAMCAPITAL,INE284H01025,2026-09-07
314,DAMODARIND,INE497D01022,2026-09-07
9414,DANGEE,INE688Y01022,2026-09-07
315,DATAMATICS,INE365B01017,2026-09-07
11557,DATAPATTNS,INE0IX101010,2026-09-07
11802,DAVANGERE,INE179G01029,2026-09-07
316,DBCORP,INE950I01011,2026-09-07
11569,DBEIL,INE0OPA01027,2026-09-07
317,DBL,INE917M01012,2026-09-07
11354,DBOL,INE0I3401014,2026-09-07
318,DBREALTY,INE879I01012,2026-09-07
1867,DBSTOCKBRO,INE921B01025,2026-09-07
319,DCAL,INE385W01011,2026-09-07
320,DCBBANK,INE503A01015,2026-09-07
10516,DCI,INE0A1101019,2026-09-07
321,DCM,INE498A01018,2026-09-07
9279,DCMFINSERV,INE891B01012,2026-09-07
322,DCMNVL,INE08KP01019,2026-09-07
323,DCMSHRIRAM,INE499A01024,2026-09-07
10288,DCMSIL,INE0OU201013,2026-09-07
11308,DCMSRIND,INE843D01027,2026-09-07
324,DCW,INE500A01029,2026-09-07
10764,DCXINDIA,INE0KL801015,2026-09-07
10374,DDEVPLSTIK,INE0HR601026,2026-09-07
325,DECCANCE,INE583C01021,2026-09-07
9278,DECNGOLD,INE945F01025,2026-09-07
9725,DEEDEV,INE841L01016,2026-09-07
9614,DEEP,INE00IY01012,2026-09-07
2170632,DEEPA,,2026-09-13
326,DEEPAKFERT,INE501A01019,2026-09-07
327,DEEPAKNTR,INE288B01029,2026-09-07
169511,DEEPENR,,2026-09-07
328,DEEPIND,,2026-09-07
10916,DEEPINDS,INE0FHS01024,2026-09-07
1348411,DEFENCE,,2026-09-07
10038,DELHIVERY,INE148O01028,2026-09-07
11644,DELPHIFX,INE726L01027,2026-09-07
329,DELTACORP,INE124G01033,2026-09-07
330,DELTAMAGNT,INE393A01011,2026-09-07
331,DEN,INE947J01015,2026-09-07
332,DENORA,INE244A01016,2026-09-07
9687,DENTA,INE0R4L01018,2026-09-07
11260,DEVIT,INE060X01034,2026-09-07
11169,DEVX,INE0VOV01021,2026-09-07
10228,DEVYANI,INE872J01023,2026-09-07
333,DFMFOODS,,2026-09-07
334,DGCONTENT,INE03JI01017,2026-09-07
9496,DHABRIYA,INE260R01016,2026-09-07
335,DHAMPURSUG,INE041A01016,2026-09-07
336,DHANBANK,INE680A01011,2026-09-07
12206,DHANI,,2026-09-07
337,DHANUKA,INE435G01025,2026-09-07
11721,DHARMAJ,INE00OQ01016,2026-09-07
338,DHARSUGAR,,2026-09-07
10601,DHATRE,INE715T01031,2026-09-07
339,DHFL,,2026-09-07
10895,DHOOTTRANS,INE01NH01023,2026-09-07
10080,DHRUV,INE506Z01015,2026-09-07
340,DHUNINV,INE320L01011,2026-09-07
10283,DIACABS,INE989C01038,2026-09-07
10747,DIAMINESQ,INE591D01014,2026-09-07
341,DIAMONDYD,INE393P01035,2026-09-07
342,DICIND,INE303A01010,2026-09-07
9301,DIFFNKG,INE184O01015,2026-09-07
9867,DIGIDRIVE,INE0PSC01024,2026-09-07
343,DIGISPICE,INE927C01020,2026-09-07
9367,DIGITIDE,INE0U4701011,2026-09-07
10093,DIGJAMLMTD,INE731U01028,2026-09-07
12214,DIL,,2026-09-07
9281,DISAQ,INE131C01011,2026-09-07
344,DISHTV,INE836F01026,2026-09-07
9989,DIVGIITTS,INE753U01022,2026-09-07
1245404,DIVIDEND,,2026-09-07
345,DIVISLAB,INE361B01024,2026-09-07
12218,DIVOPPBEES,,2026-09-07
346,DIXON,INE935N01020,2026-09-07
11288,DJML,INE0B1K01014,2026-09-07
347,DLF,INE271C01023,2026-09-07
348,DLINKINDIA,INE250K01012,2026-09-07
9424,DMART,INE192R01011,2026-09-07
10469,DMCC,INE505A01010,2026-09-07
349,DNAMEDIA,INE016M01021,2026-09-07
10935,DODLA,INE021O01019,2026-09-07
350,DOLAT,,2026-09-07
10945,DOLATALGO,INE966A01022,2026-09-07
351,DOLLAR,INE325C01035,2026-09-07
2178609,DOLLEX,,2026-09-13
9593,DOLPHIN,INE920A01037,2026-09-07
11603,DOMS,INE321T01012,2026-09-07
352,DONEAR,INE668D01028,2026-09-07
11257,DPABHUSHAN,INE266Y01019,2026-09-07
353,DPSCLTD,INE360C01024,2026-09-07
354,DPWIRES,INE864X01013,2026-09-07
1804774,DQE,,2026-09-07
11113,DRAGARWQ,INE934C01018,2026-09-07
11604,DRCSYSTEMS,INE03RS01027,2026-09-07
11102,DREAMFOLKS,INE0JS101016,2026-09-07
355,DREDGECORP,INE506A01018,2026-09-07
356,DRREDDY,INE089A01031,2026-09-07
9512,DSFCL,INE0OFM01015,2026-09-07
11307,DSKULKARNI,INE891A01022,2026-09-07
12237,DSPBANKETF,,2026-09-07
12238,DSPGOLDETF,,2026-09-07
26232,DSPITETF,,2026-09-07
12239,DSPN50ETF,,2026-09-07
12240,DSPNEWETF,,2026-09-07
50530,DSPPSBKETF,,2026-09-07
50531,DSPPVBKETF,,2026-09-07
12241,DSPQ50ETF,,2026-09-07
50533,DSPSENXETF,,2026-09-07
12242,DSPSILVETF,,2026-09-07
357,DSSL,INE417B01040,2026-09-07
358,DTIL,INE341R01014,2026-09-07
10555,DUCON,INE741L01018,2026-09-07
10271,DUCON-RE1,INE741L20034,2026-09-07
359,DVL,INE477B01010,2026-09-07
360,DWARKESH,INE366A01041,2026-09-07
9771,DYCL,INE600Y01019,2026-09-07
361,DYNAMATECH,INE221B01012,2026-09-07
362,DYNPRO,INE256H01015,2026-09-07
11506,E2E,INE255Z01027,2026-09-07
9978,EASEMYTRIP,INE07O001026,2026-09-07
363,EASTSILK,INE962C01035,2026-09-07
10046,EASTWEST,INE595R01023,2026-09-07
8095,EBANK,,2026-09-07
1637879,EBANK10,,2026-09-07
584106,EBANKNIFTY,,2026-09-07
364,EBBETF0423,,2026-09-07
12252,EBBETF0425,,2026-09-07
365,EBBETF0430,,2026-09-07
12254,EBBETF0431,,2026-09-07
12255,EBBETF0433,,2026-09-07
11042,EBGNG,INE18JU01028,2026-09-07
10400,EBIX,INE432F01032,2026-09-07
1939000,EBIXFOREX,,2026-09-07
735982,ECAPINSURE,,2026-09-07
366,ECLERX,INE738I01010,2026-09-07
10464,ECORECO,INE316A01038,2026-09-07
10398,ECOSMOBLTY,INE06HJ01020,2026-09-07
367,EDELWEISS,INE532F01054,2026-09-07
9277,EFCIL,INE886D01026,2026-09-07
174976,EGOLD,,2026-09-07
368,EICHERMOT,INE066A01021,2026-09-07
369,EIDPARRY,INE126A01031,2026-09-07
11759,EIEL,INE0LLY01014,2026-09-07
11201,EIFFL,INE546V01010,2026-09-07
370,EIHAHOTELS,INE276C01014,2026-09-07
371,EIHOTEL,INE230A01023,2026-09-07
372,EIMCOELECO,INE158B01016,2026-09-07
373,EKC,INE184H01027,2026-09-07
11164,EKI,INE0CPR01018,2026-09-07
9373,ELANTAS,INE280B01018,2026-09-07
10269,ELCIDIN,INE927X01018,2026-09-07
9385,ELDEHSG,INE668G01021,2026-09-07
374,ELECON,INE205B01031,2026-09-07
375,ELECTCAST,INE086A01029,2026-09-07
376,ELECTHERM,INE822G01016,2026-09-07
377,ELGIEQUIP,INE285A01027,2026-09-07
378,ELGIRUBCO,INE819L01012,2026-09-07
10973,ELIN,INE050401020,2026-09-07
1129776,ELIQUID,,2026-09-07
10663,ELITECON,INE669R01026,2026-09-07
11623,ELLEN,INE236E01022,2026-09-07
1080432,ELM250,,2026-09-07
1637910,ELMDIV,,2026-09-07
10503,ELPROINTL,INE579B01039,2026-09-07
379,EMAMILTD,INE548C01032,2026-09-07
380,EMAMIPAP,INE830C01026,2026-09-07
381,EMAMIREAL,INE778K01012,2026-09-07
11817,EMBDL,INE069I01010,2026-09-07
10925,EMCURE,INE168P01015,2026-09-07
1623451,EMETAL,,2026-09-07
9396,EMIL,INE02YR01019,2026-09-07
382,EMKAY,INE296H01011,2026-09-07
383,EMMBI,INE753K01015,2026-09-07
11478,EMMVEE,INE1C6T01020,2026-09-07
9737,EMPIND,INE515H01014,2026-09-07
11363,EMPOWER,INE507F01023,2026-09-07
10100,EMSLIMITED,INE0OV601013,2026-09-07
10276,EMUDHRA,INE01QM01018,2026-09-07
655612,EMULTIMQ,,2026-09-07
384,ENDURANCE,INE913H01037,2026-09-07
1184755,ENERGY,,2026-09-07
1689100,ENERGYAXIS,,2026-09-07
385,ENERGYDEV,INE306C01019,2026-09-07
1512401,ENEXT50,,2026-09-07
386,ENGINERSIN,INE510A01028,2026-09-07
1207825,ENIFTY,,2026-09-07
387,ENIL,INE265F01028,2026-09-07
9643,ENKEIWHEL,INE130L01014,2026-09-07
9836,ENRIN,INE1NPP01017,2026-09-07
10270,ENTERO,INE010601016,2026-09-07
1696705,EON,,2026-09-07
9875,EPACK,INE0G5901015,2026-09-07
11765,EPACKPEB,INE0MLS01022,2026-09-07
11191,EPIGRAL,INE071N01016,2026-09-07
10500,EPL,INE255A01020,2026-09-07
3482,EQ30,,2026-09-07
832719,EQUAL200,,2026-09-07
912363,EQUAL50,,2026-09-07
299412,EQUAL50ADD,,2026-09-07
9546,EQUIPPP,INE217G01035,2026-09-07
388,EQUITAS,,2026-09-07
11730,EQUITASBNK,INE063P01018,2026-09-07
389,ERIS,INE406M01024,2026-09-07
390,EROSMEDIA,,2026-09-07
391,ESABINDIA,INE284A01012,2026-09-07
9906,ESAFSFB,INE818W01011,2026-09-07
392,ESCORTS,INE042A01014,2026-09-07
10420,ESDS,INE0DRI01029,2026-09-07
1207841,ESENSEX,,2026-09-07
88023,ESG,,2026-09-07
193058,ESILVER,,2026-09-07
393,ESSARSHPNG,INE122M01019,2026-09-07
394,ESSELPACK,,2026-09-07
10986,ESSENTIA,INE418N01035,2026-09-07
395,ESTER,INE778B01029,2026-09-07
10160,ETERNAL,INE758T01015,2026-09-07
9798,ETHOSLTD,INE04TZ01018,2026-09-07
9816,EUREKAFORB,INE0KCE01017,2026-09-07
9766,EUROBOND,INE505V01016,2026-09-07
396,EUROMULTI,,2026-09-07
10471,EUROPRATIK,INE198501012,2026-09-07
397,EUROTEXIND,INE022C01012,2026-09-07
10583,EVEREADY,INE128A01029,2026-09-07
398,EVERESTIND,INE295A01018,2026-09-07
870356,EVIETF,,2026-09-07
500995,EVINDIA,,2026-09-07
399,EXCEL,,2026-09-07
400,EXCELINDUS,INE369A01029,2026-09-07
10930,EXCELSOFT,INE606N01019,2026-09-07
11068,EXICOM,INE777F01014,2026-09-07
401,EXIDEIND,INE302A01020,2026-09-07
402,EXPLEOSOL,INE201K01015,2026-09-07
10492,EXXARO,INE0GFE01026,2026-09-07
9713,FABTECH,INE0HF201011,2026-09-07
403,FACT,INE188A01015,2026-09-07
404,FAIRCHEM,,2026-09-07
11323,FAIRCHEMOR,INE0DNW01011,2026-09-07
10187,FAZE3Q,INE963C01033,2026-09-07
405,FCL,INE045J01034,2026-09-07
406,FCONSUMER,,2026-09-07
407,FCSSOFT,INE512B01022,2026-09-07
408,FDC,INE258B01022,2026-09-07
11509,FEDDERSHOL,INE417D01020,2026-09-07
409,FEDERALBNK,INE171A01029,2026-09-07
10668,FEDFINA,INE007N01010,2026-09-07
410,FEL,,2026-09-07
411,FELDVR,,2026-09-07
11161,FERMENTA,INE225B01021,2026-09-07
11085,FIBERWEB,INE296C01020,2026-09-07
412,FIEMIND,INE737H01014,2026-09-07
413,FILATEX,INE816B01035,2026-09-07
11772,FILATFASH,INE185E01021,2026-09-07
414,FINCABLES,INE235A01022,2026-09-07
415,FINEORG,INE686Y01026,2026-09-07
225653,FINIETF,,2026-09-07
10520,FINKURVE,INE734I01027,2026-09-07
10385,FINOPB,INE02NC01014,2026-09-07
416,FINPIPE,INE183A01024,2026-09-07
10616,FIRSTCRY,INE02RE01045,2026-09-07
10166,FISCHER,INE771F01041,2026-09-07
9928,FIVESTAR,INE128S01021,2026-09-07
10961,FLAIR,INE00Y201027,2026-09-07
1138996,FLEXIADD,,2026-09-07
417,FLEXITUFF,INE060J01017,2026-09-07
418,FLFL,,2026-09-07
419,FLUOROCHEM,INE09N301011,2026-09-07
1510003,FMCGADD,,2026-09-07
225660,FMCGIETF,,2026-09-07
420,FMGOETZE,INE529A01010,2026-09-07
421,FMNL,INE360L01017,2026-09-07
9605,FOCUS,INE593W01028,2026-09-07
10133,FOODSIN,INE976E01023,2026-09-07
422,FORCEMOT,INE451A01017,2026-09-07
423,FORTIS,INE061F01013,2026-09-07
424,FOSECOIND,INE519A01011,2026-09-07
9550,FRACTAL,INE212S01015,2026-09-07
10079,FREDUN,INE194R01017,2026-09-07
425,FRETAIL,,2026-09-07
10402,FRONTSP,INE572D01014,2026-09-07
426,FSC,,2026-09-07
427,FSL,INE684F01012,2026-09-07
10537,FUSION,INE139R01012,2026-09-07
2157287,G5,,2026-09-07
428,GABRIEL,INE524A01029,2026-09-07
429,GAEL,INE036B01030,2026-09-07
430,GAIL,INE129A01019,2026-09-07
10808,GAJA,INE18UN01038,2026-09-07
431,GAL,,2026-09-07
9559,GALAPREC,INE0RE001014,2026-09-07
432,GALAXYSURF,INE600K01018,2026-09-07
433,GALLANTT,INE297H01019,2026-09-07
434,GALLISPAT,,2026-09-07
435,GAMMNINFRA,,2026-09-07
11498,GANDHAR,INE717W01049,2026-09-07
436,GANDHITUBE,INE524B01027,2026-09-07
437,GANECOS,INE845D01014,2026-09-07
10801,GANESHBE,INE388A01029,2026-09-07
9924,GANESHCP,INE652V01016,2026-09-07
10051,GANESHHOU,INE460C01014,2026-09-07
438,GANESHHOUC,,2026-09-07
11447,GANGAFORGE,INE691Z01023,2026-09-07
439,GANGESSECU,INE335W01016,2026-09-07
1696753,GARDENSILK,,2026-09-07
440,GARFIBRES,INE276A01018,2026-09-07
10491,GARUDA,INE0JVO01026,2026-09-07
11536,GATECH,INE224E01028,2026-09-07
11376,GATECHDVR,INE224E01036,2026-09-07
9729,GATEWAY,INE079J01017,2026-09-07
441,GATI,,2026-09-07
11767,GAUDIUMIVF,INE0P8B01020,2026-09-07
442,GAYAHWS,INE287Z01012,2026-09-07
443,GAYAPROJ,INE336H01023,2026-09-07
444,GBGLOBAL,,2026-09-07
10396,GCSL,INE199P01028,2026-09-07
445,GDL,,2026-09-07
446,GEECEE,INE916G01016,2026-09-07
447,GEEKAYWIRE,INE669X01032,2026-09-07
10248,GEMAROMA,INE06XZ01023,2026-09-07
9538,GENCON,INE854S01022,2026-09-07
448,GENESYS,INE727B01026,2026-09-07
12336,GENSOL,,2026-09-07
449,GENUSPAPER,INE949P01018,2026-09-07
450,GENUSPOWER,INE955D01029,2026-09-07
451,GEOJITFSL,INE007B01023,2026-09-07
452,GEPIL,,2026-09-07
453,GESHIP,INE017A01032,2026-09-07
454,GET&D,,2026-09-07
455,GFLLIMITED,INE538A01037,2026-09-07
10103,GFSTEELS,INE534A01028,2026-09-07
456,GHCL,INE539A01019,2026-09-07
10875,GHCLTEXTIL,INE0PA801013,2026-09-07
457,GICHSGFIN,INE289B01019,2026-09-07
10016,GICL,INE947T01022,2026-09-07
458,GICRE,INE481Y01014,2026-09-07
459,GILLANDERS,INE047B01011,2026-09-07
460,GILLETTE,INE322A01010,2026-09-07
1252718,GILT10BETA,,2026-09-07
1252719,GILT5BETA,,2026-09-07
12349,GILT5YBEES,,2026-09-07
461,GINNIFILA,INE424C01010,2026-09-07
462,GIPCL,INE162A01010,2026-09-07
1710149,GISOLUTION,,2026-09-07
9584,GKB,INE265D01015,2026-09-07
11475,GKENERGY,INE1AG301022,2026-09-07
9616,GKSL,INE0V0W01025,2026-09-07
463,GKWLIMITED,INE528A01020,2026-09-07
10183,GLAND,INE068V01023,2026-09-07
464,GLAXO,INE159A01016,2026-09-07
465,GLENMARK,INE935A01035,2026-09-07
11483,GLFL,INE540A01017,2026-09-07
10033,GLOBAL,INE291W01037,2026-09-07
10937,GLOBALE,INE0URU01010,2026-09-07
466,GLOBALVECT,INE792H01019,2026-09-07
10338,GLOBE,INE581X01021,2026-09-07
10836,GLOBECIVIL,INE0V3U01015,2026-09-07
467,GLOBOFFS,,2026-09-07
468,GLOBUSSPR,INE615I01010,2026-09-07
9637,GLOSTERLTD,INE350Z01018,2026-09-07
11227,GLOTTIS,INE0TQE01026,2026-09-07
12356,GLS,,2026-09-07
469,GMBREW,INE075D01018,2026-09-07
470,GMDCLTD,INE131A01031,2026-09-07
471,GMMPFAUDLR,INE541A01023,2026-09-07
10687,GMRAIRPORT,INE776C01039,2026-09-07
472,GMRINFRA,,2026-09-07
11495,GMRP&UI,INE0CU601026,2026-09-07
473,GNA,INE934S01014,2026-09-07
474,GNFC,INE113A01013,2026-09-07
10621,GNRL,INE207H01018,2026-09-07
475,GOACARBON,INE426D01013,2026-09-07
476,GOCLCORP,INE077F01035,2026-09-07
11372,GOCOLORS,INE0BJS01011,2026-09-07
11243,GODAVARIB,INE497S01012,2026-09-07
477,GODFRYPHLP,INE260B01028,2026-09-07
403583,GODHA,,2026-09-07
11067,GODIGIT,INE03JT01014,2026-09-07
478,GODREJAGRO,INE850D01014,2026-09-07
479,GODREJCP,INE102D01028,2026-09-07
480,GODREJIND,INE233A01035,2026-09-07
481,GODREJPROP,INE484J01027,2026-09-07
482,GOKEX,INE887G01027,2026-09-07
483,GOKUL,INE020J01029,2026-09-07
484,GOKULAGRO,INE314T01033,2026-09-07
377376,GOLD1,,2026-09-07
832833,GOLD360,,2026-09-07
1236150,GOLDADD,,2026-09-07
1583081,GOLDAXIS,,2026-09-07
485,GOLDBEES,,2026-09-07
1252759,GOLDBETA,,2026-09-07
1233786,GOLDBND,,2026-09-07
319154,GOLDCASE,,2026-09-07
486,GOLDENTOBC,,2026-09-07
88113,GOLDETF,,2026-09-07
299517,GOLDETFADD,,2026-09-07
487,GOLDIAM,INE025B01025,2026-09-07
225730,GOLDIETF,,2026-09-07
488,GOLDSHARE,,2026-09-07
489,GOLDTECH,INE805A01014,2026-09-07
490,GOODLUCK,INE127I01024,2026-09-07
9830,GOODYEAR,INE533A01012,2026-09-07
11398,GOPAL,INE0L9R01028,2026-09-07
9690,GOYALALUM,INE705X01026,2026-09-07
491,GPIL,INE177H01039,2026-09-07
492,GPPL,INE517F01014,2026-09-07
9748,GPTHEALTH,INE486R01017,2026-09-07
493,GPTINFRA,INE390G01014,2026-09-07
10458,GRADIENTE,INE361K01017,2026-09-07
10604,GRANDOAK,INE926B01016,2026-09-07
494,GRANULES,INE101D01020,2026-09-07
495,GRAPHITE,INE371A01025,2026-09-07
496,GRASIM,INE047A01021,2026-09-07
10408,GRAUWEIL,INE266D01021,2026-09-07
10233,GRAVISSHO,INE214F01026,2026-09-07
497,GRAVITA,INE024L01027,2026-09-07
498,GREAVESCOT,INE224A01026,2026-09-07
499,GREENLAM,INE544R01021,2026-09-07
500,GREENPANEL,INE08ZM01014,2026-09-07
501,GREENPLY,INE461C01038,2026-09-07
502,GREENPOWER,INE999K01014,2026-09-07
503,GRINDWELL,INE536A01023,2026-09-07
10438,GRINFRA,INE201P01022,2026-09-07
9746,GRMOVER,INE192H01020,2026-09-07
504,GROBTEA,INE646C01018,2026-09-07
537546,GROWEV,,2026-09-07
11706,GROWW,INE0HOQ01053,2026-09-07
1219669,GROWWCAPM,,2026-09-07
1290941,GROWWCHEM,,2026-09-07
619460,GROWWDEFNC,,2026-09-07
554567,GROWWEV,,2026-09-07
636637,GROWWGOLD,,2026-09-07
1372898,GROWWHOSPI,,2026-09-07
598981,GROWWLIQID,,2026-09-07
960562,GROWWLOVOL,,2026-09-07
1189521,GROWWMC150,,2026-09-07
1250412,GROWWMETAL,,2026-09-07
883105,GROWWMOM50,,2026-09-07
812508,GROWWN200,,2026-09-07
985084,GROWWNET,,2026-09-07
1011630,GROWWNIFTY,,2026-09-07
1061460,GROWWNXT50,,2026-09-07
1036327,GROWWPOWER,,2026-09-07
1334232,GROWWPSE,,2026-09-07
1411856,GROWWPSUBK,,2026-09-07
784103,GROWWRAIL,,2026-09-07
1127698,GROWWRLTY,,2026-09-07
1162062,GROWWSC250,,2026-09-07
925129,GROWWSLVR,,2026-09-07
505,GRPLTD,INE137I01015,2026-09-07
506,GRSE,INE382Z01011,2026-09-07
1696814,GRUH,,2026-09-07
10553,GRWRHITECH,INE291A01017,2026-09-07
507,GSCLCEMENT,,2026-09-07
547037,GSEC10ABSL,,2026-09-07
1665599,GSEC10ADD,,2026-09-07
225751,GSEC10IETF,,2026-09-07
89822,GSEC10YEAR,,2026-09-07
225753,GSEC5IETF,,2026-09-07
508,GSFC,INE026A01025,2026-09-07
509,GSKCONS,,2026-09-07
9377,GSLSU,INE0JSX01015,2026-09-07
11155,GSPCROP,INE713R01022,2026-09-07
510,GSPL,,2026-09-07
511,GSS,INE871H01011,2026-09-07
9378,GTECJAINX,INE586X01012,2026-09-07
512,GTL,INE043A01012,2026-09-07
513,GTLINFRA,INE221H01019,2026-09-07
514,GTNIND,,2026-09-07
1696823,GTNTEX,,2026-09-07
515,GTPL,INE869I01013,2026-09-07
516,GUFICBIO,INE742B01025,2026-09-07
517,GUJALKALI,INE186A01019,2026-09-07
518,GUJAPOLLO,INE826C01016,2026-09-07
10630,GUJENERGY,INE844O01030,2026-09-07
519,GUJGASLTD,,2026-09-07
10480,GUJRAFFIA,INE610B01024,2026-09-07
9524,GUJTHEM,INE942C01045,2026-09-07
520,GULFOILLUB,INE635Q01029,2026-09-07
521,GULFPETRO,INE586G01017,2026-09-07
522,GULPOLY,INE255D01024,2026-09-07
523,GVKPIL,INE251H01024,2026-09-07
10701,GVPIL,INE878A01011,2026-09-07
9993,GVPTECH,INE382T01030,2026-09-07
11430,GVT&D,INE200A01026,2026-09-07
9770,GYFTR,INE724A01017,2026-09-07
524,HAL,INE066F01020,2026-09-07
10638,HALDER,INE115S01010,2026-09-07
10987,HALDYNGL,INE506D01020,2026-09-07
9525,HALEOSLABS,INE320X01016,2026-09-07
11669,HAMPTON,INE299D01022,2026-09-07
10735,HAPPSTMNDS,INE419U01012,2026-09-07
11386,HAPPYFORGE,INE330T01021,2026-09-07
11805,HARDWYN,INE626Z01029,2026-09-07
9558,HARIOMPIPE,INE00EV01017,2026-09-07
525,HARITASEAT,,2026-09-07
526,HARRMALAYA,INE544A01019,2026-09-07
10237,HARSHA,INE0JUS01029,2026-09-07
527,HATHWAY,INE982F01036,2026-09-07
528,HATSUN,INE473B01035,2026-09-07
529,HAVELLS,INE176B01034,2026-09-07
10708,HAVISHA,INE293B01029,2026-09-07
11605,HAWKINCOOK,INE979B01015,2026-09-07
11340,HAZOOR,INE550F01049,2026-09-07
2035790,HBANKETF,,2026-09-07
9709,HBESD,INE640B01021,2026-09-07
10110,HBLENGINE,INE292B01021,2026-09-07
530,HBLPOWER,,2026-09-07
11448,HBPOR,INE638B01025,2026-09-07
11579,HBSL,INE550B01022,2026-09-07
531,HCC,INE549A01026,2026-09-07
532,HCG,INE075I01017,2026-09-07
533,HCL-INSYS,INE236A01020,2026-09-07
534,HCLTECH,INE860A01027,2026-09-07
11692,HDBFS,INE756I01012,2026-09-07
535,HDFC,,2026-09-07
536,HDFCAMC,INE127D01025,2026-09-07
537,HDFCBANK,INE040A01034,2026-09-07
12432,HDFCBSE500,,2026-09-07
12433,HDFCGOLD,,2026-09-07
12434,HDFCGROWTH,,2026-09-07
538,HDFCLIFE,INE795G01014,2026-09-07
86480,HDFCLIQUID,,2026-09-07
12436,HDFCLOWVOL,,2026-09-07
539,HDFCMFGETF,,2026-09-07
12437,HDFCMID150,,2026-09-07
12438,HDFCMOMENT,,2026-09-07
12439,HDFCNEXT50,,2026-09-07
12440,HDFCNIF100,,2026-09-07
12441,HDFCNIFBAN,,2026-09-07
540,HDFCNIFETF,,2026-09-07
12442,HDFCNIFIT,,2026-09-07
12443,HDFCNIFTY,,2026-09-07
1630951,HDFCNIMEG,,2026-09-07
288870,HDFCPSUBK,,2026-09-07
12444,HDFCPVTBAN,,2026-09-07
12445,HDFCQUAL,,2026-09-07
541,HDFCSENETF,,2026-09-07
12446,HDFCSENSEX,,2026-09-07
12447,HDFCSILVER,,2026-09-07
12448,HDFCSML250,,2026-09-07
12449,HDFCVALUE,,2026-09-07
1696850,HDIL,,2026-09-07
10672,HEADSUP,INE759V01019,2026-09-07
288878,HEALTHADD,,2026-09-07
1583205,HEALTHAXIS,,2026-09-07
1341537,HEALTHCARE,,2026-09-07
225802,HEALTHIETF,,2026-09-07
10152,HEALTHX,INE019J01013,2026-09-07
12451,HEALTHY,,2026-09-07
10671,HECPROJECT,INE558R01013,2026-09-07
542,HEG,INE545A01024,2026-09-07
543,HEIDELBERG,INE578A01017,2026-09-07
10146,HEMIPROP,INE0AJG01018,2026-09-07
9723,HERANBA,INE694N01015,2026-09-07
544,HERCULES,,2026-09-07
545,HERITGFOOD,INE978A01027,2026-09-07
546,HEROMOTOCO,INE158A01026,2026-09-07
547,HESTERBIO,INE782E01017,2026-09-07
12461,HEUBACHIND,,2026-09-07
10168,HEXAGON,INE0JUI01012,2026-09-07
10278,HEXATRADEX,INE750M01017,2026-09-07
548,HEXAWARE,,2026-09-07
9432,HEXT,INE093A01041,2026-09-07
549,HFCL,INE548A01028,2026-09-07
550,HGINFRA,INE926X01010,2026-09-07
9659,HGM,INE596H01014,2026-09-07
551,HGS,INE170I01016,2026-09-07
552,HIKAL,INE475B01022,2026-09-07
553,HIL,,2026-09-07
11527,HILINFRA,INE00RL01028,2026-09-07
554,HILTON,INE788H01017,2026-09-07
555,HIMATSEIDE,INE049A01027,2026-09-07
10254,HINDADH,INE074C01013,2026-09-07
556,HINDALCO,INE038A01020,2026-09-07
10519,HINDALUMI,INE227B01019,2026-09-07
557,HINDCOMPOS,INE310C01029,2026-09-07
10606,HINDCON,INE642Y01029,2026-09-07
558,HINDCOPPER,INE531E01026,2026-09-07
559,HINDMOTORS,,2026-09-07
560,HINDNATGLS,,2026-09-07
561,HINDOILEXP,INE345A01011,2026-09-07
562,HINDPETRO,INE094A01015,2026-09-07
1696872,HINDUJAVEN,,2026-09-07
563,HINDUNILVR,INE030A01027,2026-09-07
9804,HINDWAREAP,INE05AN01011,2026-09-07
564,HINDZINC,INE267A01025,2026-09-07
565,HIRECT,INE835D01023,2026-09-07
566,HISARMETAL,INE598C01011,2026-09-07
567,HITECH,INE106T01025,2026-09-07
568,HITECHCORP,INE120D01012,2026-09-07
569,HITECHGEAR,INE127B01011,2026-09-07
11619,HLEGLAS,INE461D01028,2026-09-07
570,HLVLTD,INE102A01024,2026-09-07
10219,HMAAGRO,INE0ECP01024,2026-09-07
571,HMVL,INE871K01015,2026-09-07
572,HNDFDS,INE254N01026,2026-09-07
573,HNGSNGBEES,,2026-09-07
11582,HOMEFIRST,INE481N01025,2026-09-07
10010,HONASA,INE0J5401028,2026-09-07
574,HONAUT,INE671A01010,2026-09-07
575,HONDAPOWER,INE634A01018,2026-09-07
10856,HORIZONIND,INE685T01010,2026-09-07
1696884,HOTELEELA,,2026-09-07
1788563,HOTELRUGBY,,2026-09-07
576,HOVS,,2026-09-07
9594,HPAL,INE0GSL01024,2026-09-07
11727,HPIL,INE05X901010,2026-09-07
577,HPL,INE495S01016,2026-09-07
9438,HRYNSHP,INE400G01011,2026-09-07
1411978,HSBCGOLD,,2026-09-07
578,HSCL,INE019C01026,2026-09-07
579,HSIL,,2026-09-07
9581,HTEL,INE0LEG01024,2026-09-07
580,HTMEDIA,INE501G01024,2026-09-07
581,HUBTOWN,INE703H01016,2026-09-07
582,HUDCO,INE031A01017,2026-09-07
10624,HUHTAMAKI,INE275B01026,2026-09-07
1631014,HYBRIDETF,,2026-09-07
10996,HYBRIDFIN,INE965B01022,2026-09-07
10140,HYUNDAI,INE0V6F01027,2026-09-07
583,IBMFNIFTY,,2026-09-07
584,IBREALEST,,2026-09-07
585,IBULHSGFIN,,2026-09-07
586,IBULISL,,2026-09-07
10347,IBULLSLTD,INE126M01010,2026-09-07
587,IBVENTURES,,2026-09-07
10083,ICDSLTD,INE613B01010,2026-09-07
10784,ICEMAKE,INE520Y01019,2026-09-07
12502,ICICI10GS,,2026-09-07
588,ICICI500,,2026-09-07
12504,ICICI5GSEC,,2026-09-07
12505,ICICIALPLV,,2026-09-07
10007,ICICIAMC,INE346A01027,2026-09-07
12506,ICICIAUTO,,2026-09-07
589,ICICIB22,,2026-09-07
590,ICICIBANK,INE090A01021,2026-09-07
591,ICICIBANKN,,2026-09-07
592,ICICIBANKP,,2026-09-07
12511,ICICICOMMO,,2026-09-07
12512,ICICICONSU,,2026-09-07
12513,ICICIFIN,,2026-09-07
12514,ICICIFMCG,,2026-09-07
593,ICICIGI,INE765G01017,2026-09-07
594,ICICIGOLD,,2026-09-07
12517,ICICIINFRA,,2026-09-07
595,ICICILIQ,,2026-09-07
596,ICICILOVOL,,2026-09-07
597,ICICIM150,,2026-09-07
598,ICICIMCAP,,2026-09-07
12522,ICICIMOM30,,2026-09-07
599,ICICINF100,,2026-09-07
600,ICICINIFTY,,2026-09-07
601,ICICINV20,,2026-09-07
602,ICICINXT50,,2026-09-07
12527,ICICIPHARM,,2026-09-07
603,ICICIPRULI,INE726G01019,2026-09-07
61111,ICICIQTY30,,2026-09-07
604,ICICISENSX,,2026-09-07
12530,ICICISILVE,,2026-09-07
12531,ICICITECH,,2026-09-07
605,ICIL,INE483B01026,2026-09-07
606,ICRA,INE725G01011,2026-09-07
607,IDBI,INE008A01015,2026-09-07
608,IDBIGOLD,,2026-09-07
609,IDEA,INE669E01016,2026-09-07
11660,IDEAFORGE,INE349Y01013,2026-09-07
610,IDFC,,2026-09-07
611,IDFCFIRSTB,INE092T01019,2026-09-07
12539,IDFNIFTYET,,2026-09-07
294298,IEL,,2026-09-07
612,IEX,INE022Q01020,2026-09-07
613,IFBAGRO,INE076C01018,2026-09-07
614,IFBIND,INE559A01017,2026-09-07
615,IFCI,INE039A01010,2026-09-07
616,IFGLEXPOR,INE133Y01011,2026-09-07
617,IGARASHI,INE188B01013,2026-09-07
10317,IGCL,INE05J901018,2026-09-07
11731,IGIL,INE0Q9301021,2026-09-07
618,IGL,INE203G01027,2026-09-07
619,IGPL,INE204A01010,2026-09-07
620,IIFL,INE530B01024,2026-09-07
10802,IIFLCAPS,INE489L01022,2026-09-07
621,IIFLSEC,,2026-09-07
622,IIFLWAM,,2026-09-07
10055,IITL,INE886A01014,2026-09-07
11207,IKIO,INE0LOJ01019,2026-09-07
10841,IKS,INE115Q01022,2026-09-07
9335,IMAGICAA,INE172N01012,2026-09-07
623,IMFA,INE919H01018,2026-09-07
624,IMPAL,INE547E01014,2026-09-07
625,IMPEXFERRO,,2026-09-07
10795,INA,INE0LGX01024,2026-09-07
11530,INCREDIBLE,INE452L01012,2026-09-07
626,INDBANK,INE841B01017,2026-09-07
11374,INDGN,INE065X01017,2026-09-07
627,INDHOTEL,INE053A01029,2026-09-07
628,INDIACEM,INE383A01012,2026-09-07
629,INDIAGLYCO,INE560A01023,2026-09-07
630,INDIAMART,INE933S01016,2026-09-07
631,INDIANB,INE562A01011,2026-09-07
632,INDIANCARD,INE061A01014,2026-09-07
633,INDIANHUME,INE323C01030,2026-09-07
11109,INDIASHLTR,INE922K01024,2026-09-07
634,INDIGO,INE646L01027,2026-09-07
11559,INDIGOPNTS,INE09VQ01012,2026-09-07
9336,INDIQUBE,INE06ST01018,2026-09-07
635,INDLMETER,,2026-09-07
636,INDNIPPON,INE092B01025,2026-09-07
10596,INDOAMIN,INE760F01028,2026-09-07
9930,INDOBORAX,INE803D01021,2026-09-07
637,INDOCO,INE873D01024,2026-09-07
9607,INDOFARM,INE622H01018,2026-09-07
10664,INDOKEM,INE716F01012,2026-09-07
9826,INDOMIM,INE084101034,2026-09-07
638,INDORAMA,INE156A01020,2026-09-07
639,INDOSTAR,INE896L01010,2026-09-07
640,INDOTECH,INE332H01014,2026-09-07
641,INDOTHAI,INE337M01021,2026-09-07
9422,INDOUS,INE250Z01010,2026-09-07
642,INDOWIND,INE227G01018,2026-09-07
9520,INDPRUD,INE620D01011,2026-09-07
643,INDRAMEDCO,INE681B01017,2026-09-07
644,INDSWFTLAB,INE915B01019,2026-09-07
645,INDSWFTLTD,,2026-09-07
646,INDTERRAIN,INE611L01021,2026-09-07
647,INDUSINDBK,INE095A01012,2026-09-07
9882,INDUSTOWER,INE121J01017,2026-09-07
648,INEOSSTYRO,,2026-09-07
649,INFIBEAM,,2026-09-07
9394,INFOBEAN,INE344S01016,2026-09-07
650,INFOMEDIA,INE669A01022,2026-09-07
1346483,INFRA,,2026-09-07
651,INFRABEES,,2026-09-07
225907,INFRAIETF,,2026-09-07
652,INFRATEL,,2026-09-07
653,INFY,INE009A01021,2026-09-07
654,INGERRAND,INE177A01018,2026-09-07
10974,INNOVACAP,INE0DUT01020,2026-09-07
10833,INNOVANA,INE403Y01018,2026-09-07
10484,INNOVISION,INE0ADB01012,2026-09-07
9985,INOXGREEN,INE510W01014,2026-09-07
10127,INOXINDIA,INE616N01034,2026-09-07
655,INOXLEISUR,,2026-09-07
656,INOXWIND,INE066P01011,2026-09-07
657,INSECTICID,INE070I01018,2026-09-07
658,INSPIRISYS,INE020G01017,2026-09-07
1638326,INSUREIETF,,2026-09-07
2207,INTEGRA,,2026-09-07
659,INTELLECT,INE306R01017,2026-09-07
660,INTENTECH,INE781A01025,2026-09-07
10011,INTERARCH,INE00M901018,2026-09-07
991386,INTERNET,,2026-09-07
11299,INTLCONV,INE575C01027,2026-09-07
661,INVENTURE,INE878H01024,2026-09-07
10806,INVPRECQ,INE155E01016,2026-09-07
662,IOB,INE565A01014,2026-09-07
663,IOC,INE242A01010,2026-09-07
664,IOLCP,INE485C01029,2026-09-07
10718,IONEXCHANG,INE570A01022,2026-09-07
1696969,IPAPPM,,2026-09-07
665,IPCALAB,INE571A01038,2026-09-07
11126,IPL,INE0D6701023,2026-09-07
11321,IPRINGLTD,INE558A01019,2026-09-07
666,IRB,INE821I01022,2026-09-07
667,IRCON,INE962Y01021,2026-09-07
668,IRCTC,INE335Y01020,2026-09-07
10587,IREDA,INE202E01016,2026-09-07
9754,IRFC,INE053F01010,2026-09-07
10642,IRIS,INE864K01010,2026-09-07
11645,IRISDOREME,INE01GN01025,2026-09-07
11044,IRMENERGY,INE07U701015,2026-09-07
669,ISEC,,2026-09-07
670,ISFT,INE566K01011,2026-09-07
10862,ISGEC,INE858B01029,2026-09-07
9845,ISHANCH,INE561M01018,2026-09-07
671,ISMTLTD,,2026-09-07
9484,ISTLTD,INE684B01029,2026-09-07
342712,IT,,2026-09-07
1236415,ITADD,,2026-09-07
1583357,ITAXIS,,2026-09-07
12605,ITBEES,,2026-09-07
1253026,ITBETA,,2026-09-07
672,ITC,INE154A01025,2026-09-07
9573,ITCHOTELS,INE379A01028,2026-09-07
673,ITDC,INE353K01014,2026-09-07
674,ITDCEM,,2026-09-07
157538,ITETF,,2026-09-07
299731,ITETFADD,,2026-09-07
675,ITI,INE248A01017,2026-09-07
225941,ITIETF,,2026-09-07
10577,ITL,INE478D01014,2026-09-07
9531,IVALUE,INE056801025,2026-09-07
676,IVC,INE050B01023,2026-09-07
677,IVP,INE043C01018,2026-09-07
1668477,IVZBANKNF,,2026-09-07
678,IVZINGOLD,,2026-09-07
679,IVZINNIFTY,,2026-09-07
1668480,IVZSENSEX,,2026-09-07
12613,IWEL,,2026-09-07
9935,IWP,INE586E01020,2026-09-07
10157,IXIGO,INE0HV901016,2026-09-07
680,IZMO,INE848A01014,2026-09-07
681,J&KBANK,INE168A01041,2026-09-07
682,JAGRAN,INE199G01027,2026-09-07
683,JAGSNPHARM,INE048B01035,2026-09-07
684,JAIBALAJI,INE091G01026,2026-09-07
685,JAICORPLTD,INE070D01027,2026-09-07
10136,JAINREC,INE0YD401026,2026-09-07
9402,JAIPURKURT,INE696V01013,2026-09-07
686,JAMNAAUTO,INE039C01032,2026-09-07
9473,JARO,INE00YJ01010,2026-09-07
9288,JASH,INE039O01029,2026-09-07
687,JAYAGROGN,INE785A01026,2026-09-07
688,JAYBARMARU,INE571B01036,2026-09-07
11400,JAYKAY,INE903A01025,2026-09-07
9629,JAYKAY-RE1,INE903A20025,2026-09-07
689,JAYNECOIND,INE854B01010,2026-09-07
690,JAYSREETEA,INE364A01020,2026-09-07
691,JBCHEPHARM,,2026-09-07
1696995,JBFIND,,2026-09-07
692,JBMA,INE927D01051,2026-09-07
693,JCHAC,,2026-09-07
9439,JENBURPH,INE354A01013,2026-09-07
10976,JETFREIGHT,INE982V01025,2026-09-07
9564,JGCHEM,INE0MB501011,2026-09-07
694,JHS,INE544H01014,2026-09-07
695,JINDALPHOT,INE796G01012,2026-09-07
696,JINDALPOLY,INE197D01010,2026-09-07
697,JINDALSAW,INE324A01032,2026-09-07
698,JINDALSTEL,INE749A01030,2026-09-07
699,JINDRILL,INE742C01031,2026-09-07
700,JINDWORLD,INE247D01039,2026-09-07
9621,JIOFIN,INE758E01017,2026-09-07
701,JISLDVREQS,IN9175A01010,2026-09-07
702,JISLJALEQS,INE175A01038,2026-09-07
11583,JITFINFRA,INE863T01013,2026-09-07
703,JIYAECO,,2026-09-07
704,JKCEMENT,INE823G01014,2026-09-07
705,JKIL,INE576I01022,2026-09-07
9933,JKIPL,INE1FF001016,2026-09-07
706,JKLAKSHMI,INE786A01032,2026-09-07
707,JKPAPER,INE789E01012,2026-09-07
708,JKTYRE,INE573A01042,2026-09-07
10825,JLHL,INE682M01020,2026-09-07
709,JMA,INE412C01023,2026-09-07
710,JMCPROJECT,,2026-09-07
711,JMFINANCIL,INE780C01023,2026-09-07
712,JMTAUTOLTD,,2026-09-07
10326,JNKINDIA,INE0OAF01028,2026-09-07
11087,JNPR,INE05C901015,2026-09-07
713,JOCIL,INE839G01010,2026-09-07
714,JPASSOCIAT,,2026-09-07
715,JPINFRATEC,,2026-09-07
716,JPOLYINVST,INE147P01019,2026-09-07
717,JPPOWER,INE351F01018,2026-09-07
9349,JSFB,INE953L01027,2026-09-07
718,JSL,INE220G01021,2026-09-07
719,JSLHISAR,,2026-09-07
9462,JSLL,INE0J5801029,2026-09-07
9633,JSWCEMENT,INE718I01012,2026-09-07
11186,JSWDULUX,INE133A01011,2026-09-07
720,JSWENERGY,INE121E01018,2026-09-07
721,JSWHL,INE824G01012,2026-09-07
10147,JSWINFRA,INE880J01026,2026-09-07
12651,JSWISPL,,2026-09-07
722,JSWSTEEL,INE019A01038,2026-09-07
723,JTEKTINDIA,INE643A01035,2026-09-07
9363,JTLIND,INE391J01032,2026-09-07
724,JUBILANT,,2026-09-07
9569,JUBLCPL,INE03CC01015,2026-09-07
725,JUBLFOOD,INE797F01020,2026-09-07
726,JUBLINDS,,2026-09-07
9874,JUBLINGREA,INE0BY001018,2026-09-07
10999,JUBLPHARMA,INE700A01033,2026-09-07
727,JUMPNET,,2026-09-07
728,JUNIORBEES,,2026-09-07
9699,JUNIPER,INE696F01016,2026-09-07
729,JUSTDIAL,INE599M01018,2026-09-07
9355,JWL,INE209L01016,2026-09-07
730,JYOTHYLAB,INE668F01031,2026-09-07
10923,JYOTICNC,INE980O01024,2026-09-07
10355,JYOTIRES,INE577D01013,2026-09-07
9379,JYOTISTRUC,INE197A01024,2026-09-07
731,KABRAEXTRU,INE900B01029,2026-09-07
732,KAJARIACER,INE217B01036,2026-09-07
733,KAKATCEM,INE437B01014,2026-09-07
10951,KALAMANDIR,INE438K01021,2026-09-07
10629,KALPATARU,INE227J01012,2026-09-07
734,KALPATPOWR,,2026-09-07
11627,KALYANI,INE610E01010,2026-09-07
10654,KALYANIFRG,INE314G01014,2026-09-07
10431,KALYANKJIL,INE303R01014,2026-09-07
9838,KAMAHOLD,INE411F01010,2026-09-07
10241,KAMANWALA,INE344D01018,2026-09-07
735,KAMATHOTEL,INE967C01018,2026-09-07
736,KAMDHENU,INE390H01020,2026-09-07
9292,KAMOPAINTS,INE0BTI01037,2026-09-07
737,KANANIIND,INE879E01037,2026-09-07
9954,KANCHI,INE081G01019,2026-09-07
9403,KANCOTEA,INE398L01017,2026-09-07
738,KANORICHEM,INE138C01024,2026-09-07
9535,KANPRPLA,INE694E01014,2026-09-07
739,KANSAINER,INE531A01024,2026-09-07
11599,KAPSTON,INE542Z01028,2026-09-07
740,KARDA,,2026-09-07
741,KARMAENG,INE725L01011,2026-09-07
742,KARURVYSYA,INE036D01028,2026-09-07
743,KAUSHALYA,INE234I01028,2026-09-07
10395,KAVDEFENCE,INE641C01019,2026-09-07
159364,KAVVERITEL,,2026-09-07
744,KAYA,INE587G01015,2026-09-07
10052,KAYNES,INE918Z01012,2026-09-07
12677,KBCGLOBAL,,2026-09-07
745,KCP,INE805C01028,2026-09-07
746,KCPSUGIND,INE790B01024,2026-09-07
747,KDDL,INE291D01011,2026-09-07
9617,KDGREEN,INE348N01042,2026-09-07
748,KEC,INE389H01022,2026-09-07
749,KECL,INE134B01017,2026-09-07
11332,KEEPLEARN,INE055C01020,2026-09-07
2120817,KEERTI,,2026-09-07
750,KEI,INE878B01027,2026-09-07
751,KELLTONTEC,INE164B01030,2026-09-07
752,KENNAMET,INE717A01029,2026-09-07
10704,KERNEX,INE202H01019,2026-09-07
1697055,KESARENT,,2026-09-07
753,KESORAMIND,INE087A01019,2026-09-07
9987,KEYFINSERV,INE681C01015,2026-09-07
10694,KFINTECH,INE138Y01010,2026-09-07
754,KHADIM,INE834I01025,2026-09-07
10897,KHAICHEM,INE745B01028,2026-09-07
10200,KHAITANLTD,INE731C01018,2026-09-07
6942,KHANDSE,INE060B01014,2026-09-07
755,KICL,INE029L01018,2026-09-07
756,KILITCH,INE729D01010,2026-09-07
11253,KIMS,INE967H01025,2026-09-07
757,KINGFA,INE473D01015,2026-09-07
758,KIOCL,INE880L01014,2026-09-07
11290,KIRANVYPAR,INE555P01013,2026-09-07
759,KIRIINDUS,INE415I01015,2026-09-07
760,KIRLFER,INE884B01025,2026-09-07
761,KIRLOSBROS,INE732A01036,2026-09-07
762,KIRLOSENG,INE146L01010,2026-09-07
763,KIRLOSIND,INE250A01039,2026-09-07
10322,KIRLPNU,INE811A01038,2026-09-07
9503,KISSHT,INE12F801023,2026-09-07
764,KITEX,INE602G01020,2026-09-07
11130,KJMCFIN,INE533C01018,2026-09-07
765,KKCL,INE401H01017,2026-09-07
11519,KLBRENG-B,INE338F01015,2026-09-07
11804,KMCSHIL,INE879K01018,2026-09-07
11501,KMEW,INE0CJD01029,2026-09-07
766,KMSUGAR,INE157H01023,2026-09-07
9970,KNACK,INE17QZ01016,2026-09-07
11049,KNAGRI,INE0KNW01016,2026-09-07
1,KNOWNCO,,2026-09-07
767,KNRCON,INE634I01029,2026-09-07
10776,KOHINOOR,INE080B01012,2026-09-07
768,KOKUYOCMLN,INE760A01029,2026-09-07
769,KOLTEPATIL,INE094I01018,2026-09-07
770,KOPRAN,INE082A01010,2026-09-07
12708,KOTAKALPHA,,2026-09-07
771,KOTAKBANK,INE237A01036,2026-09-07
772,KOTAKBKETF,,2026-09-07
12711,KOTAKCONS,,2026-09-07
773,KOTAKGOLD,,2026-09-07
12713,KOTAKIT,,2026-09-07
12714,KOTAKLIQ,,2026-09-07
12715,KOTAKLOVOL,,2026-09-07
12716,KOTAKMID50,,2026-09-07
12717,KOTAKMNC,,2026-09-07
774,KOTAKNIFTY,,2026-09-07
775,KOTAKNV20,,2026-09-07
776,KOTAKPSUBK,,2026-09-07
12721,KOTAKSILVE,,2026-09-07
777,KOTARISUG,INE419A01022,2026-09-07
778,KOTHARIPET,INE720A01015,2026-09-07
779,KOTHARIPRO,INE823A01017,2026-09-07
10899,KOTIC,INE972A01020,2026-09-07
11709,KOTYARK,INE0J0B01017,2026-09-07
9760,KOVAI,INE177F01017,2026-09-07
9697,KPEL,INE127T01021,2026-09-07
9778,KPIGREEN,INE542W01025,2026-09-07
10494,KPIL,INE220B01022,2026-09-07
780,KPITTECH,INE04I401011,2026-09-07
10432,KPL,INE552U01010,2026-09-07
781,KPRMILL,INE930H01031,2026-09-07
782,KRBL,INE001B01026,2026-09-07
783,KREBSBIO,INE268B01013,2026-09-07
784,KRIDHANINF,INE524L01026,2026-09-07
11418,KRISHANA,INE506W01020,2026-09-07
11285,KRISHIVAL,INE0GGO01015,2026-09-07
11110,KRISHNADEF,INE0J5601015,2026-09-07
11487,KRITI,INE479D01038,2026-09-07
9797,KRITIKA,INE00Z501029,2026-09-07
10525,KRITINUT,INE798K01010,2026-09-07
11297,KRN,INE0Q3J01015,2026-09-07
9466,KRONOX,INE0ATZ01017,2026-09-07
11090,KROSS,INE0O6601022,2026-09-07
10857,KRSNAA,INE08LI01020,2026-09-07
10069,KRYSTAL,INE0QN801017,2026-09-07
785,KSB,INE999A01023,2026-09-07
786,KSCL,INE455I01029,2026-09-07
11743,KSE,INE953E01022,2026-09-07
787,KSERASERA,,2026-09-07
11423,KSHINTL,INE987S01020,2026-09-07
10211,KSHITIJPOL,INE013801027,2026-09-07
788,KSK,,2026-09-07
789,KSL,INE907A01026,2026-09-07
11562,KSOLVES,INE0D6I01023,2026-09-07
10705,KSR,INE1SPP01016,2026-09-07
1697092,KTIL,,2026-09-07
790,KTKBANK,INE614B01018,2026-09-07
791,KUANTUM,INE529I01021,2026-09-07
9408,KUSUMGAR,INE0ISX01025,2026-09-07
792,KWALITY,,2026-09-07
9765,KWIL,INE2KCE01013,2026-09-07
793,L&TFH,,2026-09-07
10868,LADDERUP,INE519D01015,2026-09-07
10210,LAGNAM,INE548Z01017,2026-09-07
11674,LAHOTIOV,INE515C01023,2026-09-07
11117,LAKSHMIMIL,INE938C01019,2026-09-07
794,LAKSHVILAS,,2026-09-07
9626,LAL,INE740X01023,2026-09-07
9722,LALITHAA,INE0K9O01026,2026-09-07
795,LALPATHLAB,INE600L01024,2026-09-07
796,LAMBODHARA,INE112F01022,2026-09-07
11001,LANCER,INE359U01028,2026-09-07
11348,LANCORHOL,INE572G01025,2026-09-07
10006,LANDMARK,INE559R01029,2026-09-07
10946,LANDSMILL,INE688J01023,2026-09-07
797,LAOPALA,INE059D01020,2026-09-07
1666029,LARGEMID50,,2026-09-07
9918,LASA,INE670X01014,2026-09-07
10957,LASERPOWER,INE17IR01028,2026-09-07
9871,LATENTVIEW,INE0I7C01011,2026-09-07
9776,LATTEYS,INE262Z01023,2026-09-07
798,LAURUSLABS,INE947Q01028,2026-09-07
9475,LAXMICOT,INE801V01019,2026-09-07
10177,LAXMIDENTL,INE0WO601020,2026-09-07
11004,LAXMIINDIA,INE06WU01026,2026-09-07
799,LAXMIMACH,,2026-09-07
9800,LCCINFOTEC,INE938A01021,2026-09-07
9477,LCL,INE0QJW01029,2026-09-07
10134,LEAPIND,INE00GO01025,2026-09-07
10724,LEENEE,INE791B01014,2026-09-07
9407,LEMERITE,INE0G1L01025,2026-09-07
800,LEMONTREE,INE970X01018,2026-09-07
9353,LENSKART,INE956O01016,2026-09-07
9727,LEXUS,INE500X01013,2026-09-07
801,LFIC,INE850E01012,2026-09-07
802,LGBBROSLTD,INE337A01034,2026-09-07
803,LGBFORGE,,2026-09-07
9582,LGEINDIA,INE324D01010,2026-09-07
10203,LGHL,INE258Y01016,2026-09-07
9298,LIBAS,INE908V01012,2026-09-07
804,LIBERTSHOE,INE557B01019,2026-09-07
805,LICHSGFIN,INE115A01026,2026-09-07
9894,LICI,INE0J1Y01017,2026-09-07
47583,LICMFGOLD,,2026-09-07
806,LICNETFGSC,,2026-09-07
807,LICNETFN50,,2026-09-07
12762,LICNETFSEN,,2026-09-07
808,LICNFNHGP,,2026-09-07
303460,LICNMID100,,2026-09-07
11427,LIKHITHA,INE060901027,2026-09-07
10711,LINC,INE802B01027,2026-09-07
809,LINCOLN,INE405C01035,2026-09-07
810,LINCPEN,,2026-09-07
811,LINDEINDIA,INE473A01011,2026-09-07
1018134,LIQGRWBEES,,2026-09-07
47592,LIQUID,,2026-09-07
342879,LIQUID1,,2026-09-07
361184,LIQUIDADD,,2026-09-07
812,LIQUIDBEES,,2026-09-07
1612123,LIQUIDBETA,,2026-09-07
441918,LIQUIDBETF,,2026-09-07
271206,LIQUIDCASE,,2026-09-07
813,LIQUIDETF,,2026-09-07
226109,LIQUIDIETF,,2026-09-07
663818,LIQUIDPLUS,,2026-09-07
164765,LIQUIDSBI,,2026-09-07
491923,LIQUIDSHRI,,2026-09-07
9410,LKPSEC,INE341H01023,2026-09-07
9501,LLOYDSENGG,INE093R01011,2026-09-07
9334,LLOYDSENT,INE080I01025,2026-09-07
10091,LLOYDSME,INE281B01032,2026-09-07
10303,LMW,INE269B01029,2026-09-07
10188,LODHA,INE670K01029,2026-09-07
814,LOKESHMACH,INE397H01017,2026-09-07
10236,LORDSCHLO,INE846D01012,2026-09-07
11116,LOTUSCHO,INE026D01011,2026-09-07
11048,LOTUSDEV,INE0V9Q01010,2026-09-07
815,LOTUSEYE,INE947I01017,2026-09-07
816,LOVABLE,INE597L01014,2026-09-07
88489,LOWVOL,,2026-09-07
342892,LOWVOL1,,2026-09-07
226118,LOWVOLIETF,,2026-09-07
9504,LOYALTEX,INE970D01010,2026-09-07
3911,LPDC,INE197J01017,2026-09-07
817,LSIL,,2026-09-07
818,LT,INE018A01030,2026-09-07
10361,LTF,INE498L01015,2026-09-07
10267,LTFOODS,INE818H01020,2026-09-07
12777,LTGILTBEES,,2026-09-07
1053441,LTGILTCASE,,2026-09-07
819,LTI,,2026-09-07
12778,LTIM,,2026-09-07
10775,LTM,INE214T01019,2026-09-07
820,LTTS,INE010V01017,2026-09-07
821,LUMAXIND,INE162B01018,2026-09-07
822,LUMAXTECH,INE872H01027,2026-09-07
10300,LUMINO,INE185Q01025,2026-09-07
823,LUPIN,INE326A01037,2026-09-07
824,LUXIND,INE150G01020,2026-09-07
9721,LXCHEM,INE576O01020,2026-09-07
825,LYKALABS,INE933A01014,2026-09-07
826,LYPSAGEMS,,2026-09-07
827,M&M,INE101A01026,2026-09-07
828,M&MFIN,INE774D01024,2026-09-07
829,M100,,2026-09-07
830,M50,,2026-09-07
831,MAANALU,INE215I01027,2026-09-07
11073,MACPOWER,INE155Z01011,2026-09-07
832,MADHAV,INE925C01016,2026-09-07
10892,MADHAVIPL,INE631R01026,2026-09-07
833,MADHUCON,INE378D01032,2026-09-07
834,MADRASFERT,INE414A01015,2026-09-07
12792,MAESGETF,,2026-09-07
12793,MAFANG,,2026-09-07
10637,MAFATIND,INE270B01035,2026-09-07
12794,MAFSETF,,2026-09-07
835,MAGADSUGAR,INE347W01011,2026-09-07
836,MAGMA,,2026-09-07
837,MAGNUM,INE387I01016,2026-09-07
12796,MAGOLDETF,,2026-09-07
12797,MAGS813ETF,,2026-09-07
838,MAHABANK,INE457A01014,2026-09-07
10797,MAHAPEXLTD,INE843B01013,2026-09-07
9351,MAHASTEEL,INE451L01014,2026-09-07
839,MAHEPC,INE215D01010,2026-09-07
840,MAHESHWARI,INE263W01010,2026-09-07
841,MAHINDCIE,,2026-09-07
12800,MAHKTECH,,2026-09-07
842,MAHLIFE,INE813A01018,2026-09-07
843,MAHLOG,INE766P01016,2026-09-07
844,MAHSCOOTER,INE288A01013,2026-09-07
845,MAHSEAMLES,INE271B01025,2026-09-07
846,MAITHANALL,INE683C01011,2026-09-07
11304,MAJESAUT,INE201B01022,2026-09-07
847,MAJESCO,,2026-09-07
88517,MAKEINDIA,,2026-09-07
10143,MAKERSL,INE987A01010,2026-09-07
10605,MALLCOM,INE389C01015,2026-09-07
848,MALUPAPER,INE383H01017,2026-09-07
12808,MAM150ETF,,2026-09-07
9774,MAMATA,INE0TO701015,2026-09-07
12809,MAMFGETF,,2026-09-07
849,MAN50ETF,,2026-09-07
850,MANAKALUCO,INE859Q01017,2026-09-07
2397,MANAKCOAT,INE830Q01018,2026-09-07
10015,MANAKSIA,INE015D01022,2026-09-07
851,MANAKSTEEL,INE824Q01011,2026-09-07
852,MANALIPETC,INE201A01024,2026-09-07
853,MANAPPURAM,INE522D01027,2026-09-07
11312,MANBA,INE939X01013,2026-09-07
1658249,MANBRO,,2026-09-07
10824,MANCREDIT,INE545L01039,2026-09-07
854,MANGALAM,INE584F01014,2026-09-07
855,MANGCHEFER,,2026-09-07
856,MANGLMCEM,INE347A01017,2026-09-07
1861133,MANGTIMBER,,2026-09-07
857,MANINDS,INE993A01026,2026-09-07
858,MANINFRA,INE949H01023,2026-09-07
9588,MANIPALHOS,INE459N01021,2026-09-07
9936,MANKIND,INE634S01028,2026-09-07
10153,MANOMAY,INE784W01015,2026-09-07
10636,MANORAMA,INE00VM01036,2026-09-07
11796,MANORG,INE370D01013,2026-09-07
1066147,MANUFGBEES,,2026-09-07
859,MANUGRAPH,INE867A01022,2026-09-07
12825,MANV30F,,2026-09-07
860,MANXT50,,2026-09-07
10673,MANYAVAR,INE825V01034,2026-09-07
10468,MAPMYINDIA,INE0BV301023,2026-09-07
861,MARALOVER,INE882A01013,2026-09-07
862,MARATHON,INE182D01020,2026-09-07
863,MARICO,INE196A01026,2026-09-07
10410,MARINE,INE01JE01028,2026-09-07
10589,MARKOLINES,INE0FW001016,2026-09-07
864,MARKSANS,INE750C01026,2026-09-07
98671,MARSHALL,,2026-09-07
11462,MARSONS,INE415B01044,2026-09-07
865,MARUTI,INE585B01010,2026-09-07
866,MASFIN,INE348L01012,2026-09-07
12836,MASILVER,,2026-09-07
10470,MASKINVEST,INE885F01015,2026-09-07
12837,MASPTOP50,,2026-09-07
867,MASTEK,INE759A01021,2026-09-07
11535,MASTERTR,INE677D01037,2026-09-07
868,MATRIMONY,INE866R01028,2026-09-07
869,MAWANASUG,INE636A01039,2026-09-07
9789,MAXESTATES,INE03EI01018,2026-09-07
11480,MAXHEALTH,INE027H01010,2026-09-07
9745,MAXIND,INE0CG601016,2026-09-07
870,MAXINDIA,,2026-09-07
871,MAXVIL,,2026-09-07
872,MAYURUNIQ,INE040D01038,2026-09-07
873,MAZDA,INE885E01042,2026-09-07
11705,MAZDOCK,INE249Z01020,2026-09-07
11616,MBAPL,INE900L01028,2026-09-07
9459,MBECL,INE748A01024,2026-09-07
11510,MBEL,INE08N601015,2026-09-07
874,MBLINFRA,INE912H01013,2026-09-07
11009,MCCHRLS-B,INE435D01014,2026-09-07
875,MCDHOLDING,,2026-09-07
876,MCDOWELL-N,,2026-09-07
11088,MCL,INE813V01022,2026-09-07
877,MCLEODRUSS,INE942G01012,2026-09-07
10368,MCLOUD,INE613C01026,2026-09-07
878,MCX,INE745G01043,2026-09-07
11503,MEDANTA,INE474Q01031,2026-09-07
11657,MEDIASSIST,INE456Z01021,2026-09-07
9877,MEDICAMEQ,INE646B01010,2026-09-07
11089,MEDICAPQ,INE442D01010,2026-09-07
10205,MEDICO,INE630Y01024,2026-09-07
10252,MEDPLUS,INE804L01022,2026-09-07
10810,MEESHO,INE0VDM01015,2026-09-07
879,MEGASOFT,,2026-09-07
9445,MEGASTAR,INE00EM01016,2026-09-07
880,MEGH,,2026-09-07
11598,MEIL,INE0PKD01011,2026-09-07
11515,MENNPIS,INE650G01029,2026-09-07
881,MENONBE,INE071D01033,2026-09-07
882,MEP,,2026-09-07
9452,MERCANTILE,INE689O01013,2026-09-07
883,MERCATOR,,2026-09-07
10106,MERCURYEV,INE763M01028,2026-09-07
616120,METAL,,2026-09-07
884,METALFORGE,,2026-09-07
549375,METALIETF,,2026-09-07
10289,METROBRAND,INE317I01021,2026-09-07
9453,METROGLOBL,INE085D01033,2026-09-07
885,METROPOLIS,INE112L01020,2026-09-07
12860,MFL,,2026-09-07
10089,MFML,INE0US801024,2026-09-07
886,MFSL,INE180A01020,2026-09-07
10939,MGEL,INE0APB01032,2026-09-07
887,MGL,INE002S01010,2026-09-07
10299,MHLXMIRU,INE112D01035,2026-09-07
888,MHRIL,INE998I01010,2026-09-07
889,MIC,,2026-09-07
10482,MICEL,INE287C01037,2026-09-07
851999,MID150,,2026-09-07
12864,MID150BEES,,2026-09-07
465158,MID150CASE,,2026-09-07
1643517,MIDBANKADD,,2026-09-07
342975,MIDCAP,,2026-09-07
1243845,MIDCAPADD,,2026-09-07
1253353,MIDCAPBETA,,2026-09-07
88569,MIDCAPETF,,2026-09-07
226207,MIDCAPIETF,,2026-09-07
890,MIDHANI,INE099Z01011,2026-09-07
299997,MIDQ50ADD,,2026-09-07
226209,MIDSELIETF,,2026-09-07
434358,MIDSMALL,,2026-09-07
10870,MIDWESTLTD,INE0XAD01024,2026-09-07
9397,MIIL,INE898Q01015,2026-09-07
10495,MILKYMIST,INE00IT01020,2026-09-07
11626,MINALIND,INE097E01028,2026-09-07
891,MINDACORP,INE842C01021,2026-09-07
892,MINDAIND,,2026-09-07
893,MINDTECK,INE110B01017,2026-09-07
894,MINDTREE,,2026-09-07
895,MIRCELECTR,,2026-09-07
896,MIRZAINT,INE771A01026,2026-09-07
10620,MITCON,INE828O01033,2026-09-07
11464,MITTAL,INE997Y01027,2026-09-07
9661,MKEXIM,INE227F01010,2026-09-07
9812,MKPL,INE964W01021,2026-09-07
9316,MLKFOOD,INE588G01021,2026-09-07
897,MMFL,INE227C01017,2026-09-07
898,MMP,INE511Y01018,2026-09-07
899,MMTC,INE123F01029,2026-09-07
10036,MMWL,INE200D01020,2026-09-07
342987,MNC,,2026-09-07
995790,MOALPHA50,,2026-09-07
1436939,MOBANK10,,2026-09-07
11755,MOBIKWIK,INE0HLU01028,2026-09-07
831336,MOCAPITAL,,2026-09-07
558808,MODEFENCE,,2026-09-07
9551,MODINATUR,INE537F01012,2026-09-07
10453,MODIRUBBER,INE832A01018,2026-09-07
10901,MODIS,INE0L0L01012,2026-09-07
9508,MODISONLTD,INE737D01021,2026-09-07
10692,MODTHREAD,INE794W01014,2026-09-07
1139674,MOENERGY,,2026-09-07
1026480,MOGOLD,,2026-09-07
12873,MOGSEC,,2026-09-07
12874,MOHEALTH,,2026-09-07
10904,MOHITE,INE154B01023,2026-09-07
11443,MOHITIND,INE954E01012,2026-09-07
900,MOHOTAIND,,2026-09-07
901,MOIL,INE490G01020,2026-09-07
921469,MOINFRA,,2026-09-07
1197005,MOIPO,,2026-09-07
9910,MOKSH,INE514Y01020,2026-09-07
10592,MOL,INE0CT101020,2026-09-07
10628,MOLBIO,INE869T01028,2026-09-07
902,MOLDTECH,INE835B01035,2026-09-07
903,MOLDTKPAC,INE893J01029,2026-09-07
12881,MOLOWVOL,,2026-09-07
12882,MOM100,,2026-09-07
226229,MOM30IETF,,2026-09-07
12883,MOM50,,2026-09-07
12884,MOMENTUM,,2026-09-07
1141975,MOMENTUM30,,2026-09-07
603144,MOMENTUM50,,2026-09-07
1641151,MOMETAL,,2026-09-07
931985,MOMGF,,2026-09-07
985602,MOMIDMTM,,2026-09-07
1614680,MOMMIDCAP,,2026-09-07
1220271,MOMNC,,2026-09-07
12885,MOMOMENTUM,,2026-09-07
12886,MON100,,2026-09-07
900441,MON50EQUAL,,2026-09-07
11317,MONARCH,INE903D01011,2026-09-07
910966,MONEXT50,,2026-09-07
11803,MONEYBOXX,INE296Q01012,2026-09-07
1139698,MONIFTY100,,2026-09-07
131405,MONIFTY500,,2026-09-07
12888,MONQ50,,2026-09-07
904,MONTECARLO,INE950M01013,2026-09-07
1641166,MOOILGAS,,2026-09-07
944531,MOPSE,,2026-09-07
12890,MOQUALITY,,2026-09-07
905,MORARJEE,,2026-09-07
344823,MOREALTY,,2026-09-07
906,MOREPENLAB,INE083A01026,2026-09-07
11081,MOSCHIP,INE935B01025,2026-09-07
1208604,MOSERVICE,,2026-09-07
1047294,MOSILVER,,2026-09-07
344825,MOSMALL250,,2026-09-07
9486,MOTHERSON,INE775A01035,2026-09-07
907,MOTHERSUMI,,2026-09-07
908,MOTILALOFS,INE338I01027,2026-09-07
9341,MOTISONS,INE0FRK01020,2026-09-07
909,MOTOGENFIN,INE861B01023,2026-09-07
954919,MOTOUR,,2026-09-07
12896,MOVALUE,,2026-09-07
11275,MPDL,INE493H01014,2026-09-07
910,MPHASIS,INE356A01018,2026-09-07
911,MPSLTD,INE943D01017,2026-09-07
912,MRF,INE883A01011,2026-09-07
12900,MRO-TEK,,2026-09-07
913,MRPL,INE103A01014,2026-09-07
1523103,MSCI360,,2026-09-07
1213254,MSCIADD,,2026-09-07
811025,MSCIINDIA,,2026-09-07
10117,MSL,INE829S01016,2026-09-07
914,MSPL,INE752G01015,2026-09-07
915,MSTCLTD,INE255X01014,2026-09-07
10401,MSUMI,INE0FS801015,2026-09-07
10963,MTARTECH,INE864I01014,2026-09-07
916,MTEDUCARE,INE472M01018,2026-09-07
917,MTNL,INE153A01019,2026-09-07
10912,MUFIN,INE08KJ01020,2026-09-07
9421,MUFTI,INE220Q01020,2026-09-07
918,MUKANDENGG,,2026-09-07
919,MUKANDLTD,INE304A01026,2026-09-07
9392,MUKESHB,INE596B01017,2026-09-07
9764,MUKKA,INE0CG401037,2026-09-07
920,MUKTAARTS,INE374B01019,2026-09-07
571916,MULTICAP,,2026-09-07
921,MUNJALAU,INE672B01032,2026-09-07
922,MUNJALSHOW,INE577A01027,2026-09-07
923,MURUDCERA,INE692B01014,2026-09-07
924,MUTHOOTCAP,INE296G01013,2026-09-07
925,MUTHOOTFIN,INE414G01012,2026-09-07
11124,MUTHOOTMF,INE046W01019,2026-09-07
9975,MVELECTRO,INE0OWZ01020,2026-09-07
9599,MVGJL,INE0KNT01012,2026-09-07
9949,MWL,INE0JYY01029,2026-09-07
9705,MYSORPETRO,INE741A01011,2026-09-07
926,N100,,2026-09-07
927,NACLIND,INE295D01020,2026-09-07
928,NAGAFERT,,2026-09-07
929,NAGREEKCAP,INE245I01016,2026-09-07
930,NAGREEKEXP,INE123B01028,2026-09-07
931,NAHARCAP,INE049I01012,2026-09-07
932,NAHARINDUS,INE289A01011,2026-09-07
933,NAHARPOLY,INE308A01027,2026-09-07
934,NAHARSPING,INE290A01027,2026-09-07
935,NAM-INDIA,INE298J01013,2026-09-07
10331,NARMADA,INE117Z01029,2026-09-07
11183,NATCAPSUQ,INE936B01015,2026-09-07
936,NATCOPHARM,INE987B01026,2026-09-07
937,NATHBIOGEN,INE448G01010,2026-09-07
938,NATIONALUM,INE139A01034,2026-09-07
10257,NATIONSTD,INE166R01015,2026-09-07
1784406,NATNLSTEEL,,2026-09-07
939,NAUKRI,INE663F01032,2026-09-07
9318,NAVA,INE725A01030,2026-09-07
940,NAVINFLUOR,INE048G01026,2026-09-07
115824,NAVINIFTY,,2026-09-07
941,NAVKARCORP,INE278M01019,2026-09-07
11291,NAVKARURB,INE268H01044,2026-09-07
942,NAVNETEDUL,INE060A01024,2026-09-07
11013,NAZARA,INE418L01047,2026-09-07
943,NBCC,INE095N01031,2026-09-07
944,NBIFIN,INE365I01020,2026-09-07
945,NBVENTURES,,2026-09-07
946,NCC,INE868B01028,2026-09-07
947,NCLIND,INE732C01016,2026-09-07
2125851,NCPSESDL24,,2026-09-07
948,NDGL,INE756C01015,2026-09-07
949,NDL,INE875G01048,2026-09-07
11341,NDLVENTURE,INE353A01023,2026-09-07
10610,NDRAUTO,INE07OG01012,2026-09-07
950,NDTV,INE155G01029,2026-09-07
11318,NEAGI,INE605D01012,2026-09-07
951,NECCLTD,INE553C01016,2026-09-07
952,NECLIFE,INE023H01027,2026-09-07
953,NELCAST,INE189I01024,2026-09-07
954,NELCO,INE045B01015,2026-09-07
9736,NEOGEN,INE136S01016,2026-09-07
11769,NEPHROPLUS,INE428V01029,2026-09-07
955,NESCO,INE317F01035,2026-09-07
956,NESTLEIND,INE239A01024,2026-09-07
957,NETF,,2026-09-07
958,NETFCONSUM,,2026-09-07
959,NETFDIVOPP,,2026-09-07
1976521,NETFIT,,2026-09-07
960,NETFLTGILT,,2026-09-07
961,NETFMID150,,2026-09-07
962,NETFNIF100,,2026-09-07
963,NETFNV20,,2026-09-07
9431,NETWEB,INE0NT901020,2026-09-07
964,NETWORK18,INE870H01013,2026-09-07
11283,NEUEON,INE333I01044,2026-09-07
965,NEULANDLAB,INE794A01010,2026-09-07
966,NEWGEN,INE619B01017,2026-09-07
780665,NEXT30ADD,,2026-09-07
88651,NEXT50,,2026-09-07
1279695,NEXT50ADD,,2026-09-07
1253493,NEXT50BETA,,2026-09-07
1286869,NEXT50ETF,,2026-09-07
226295,NEXT50IETF,,2026-09-07
967,NEXTMEDIA,INE747B01016,2026-09-07
968,NFL,INE870D01012,2026-09-07
9938,NGIL,INE236Y01012,2026-09-07
11274,NGLFINE,INE887E01022,2026-09-07
969,NH,INE410P01011,2026-09-07
970,NHPC,INE848E01016,2026-09-07
971,NIACL,INE470Y01017,2026-09-07
11601,NIBE,INE149O01018,2026-09-07
11489,NIBL,INE047O01014,2026-09-07
10707,NICCOPAR,INE653C01022,2026-09-07
12954,NIF100BEES,,2026-09-07
226304,NIF100IETF,,2026-09-07
285791,NIF10GETF,,2026-09-07
1682163,NIF500BETA,,2026-09-07
285792,NIF5GETF,,2026-09-07
282198,NIFITETF,,2026-09-07
92037,NIFMID150,,2026-09-07
343085,NIFTY1,,2026-09-07
817203,NIFTY100EW,,2026-09-07
300097,NIFTY50ADD,,2026-09-07
1236900,NIFTYADD,,2026-09-07
1583836,NIFTYAXIS,,2026-09-07
972,NIFTYBEES,,2026-09-07
1253510,NIFTYBETA,,2026-09-07
276791,NIFTYBETF,,2026-09-07
1144377,NIFTYCASE,,2026-09-07
1697269,NIFTYEES,,2026-09-07
88660,NIFTYETF,,2026-09-07
10151,NIFTYFPI,,2026-09-07
226308,NIFTYIETF,,2026-09-07
1666381,NIFTYJBLK,,2026-09-07
9470,NIFTYNXT50,,2026-09-07
12956,NIFTYQLITY,,2026-09-07
973,NIITLTD,INE161A01038,2026-09-07
10105,NIITMTS,INE342G01023,2026-09-07
974,NIITTECH,,2026-09-07
975,NILAINFRA,INE937C01029,2026-09-07
976,NILASPACES,INE00S901012,2026-09-07
9427,NILE,INE445D01013,2026-09-07
977,NILKAMAL,INE310A01015,2026-09-07
10729,NIMBSPROJ,INE875B01015,2026-09-07
11439,NINSYS,INE395U01014,2026-09-07
978,NIPPOBATRY,INE567A01028,2026-09-07
9682,NIRAJ,INE368I01016,2026-09-07
9956,NIRAJISPAT,INE326T01011,2026-09-07
9761,NIRLON,INE910A01012,2026-09-07
979,NITCO,INE858F01012,2026-09-07
1709163,NITESHEST,,2026-09-07
980,NITINSPIN,INE229H01012,2026-09-07
10416,NITIRAJ,INE439T01012,2026-09-07
10043,NITTAGELA,INE265B01019,2026-09-07
9329,NIVABUPA,INE995S01015,2026-09-07
4077,NKIND,INE542C01019,2026-09-07
981,NLCINDIA,INE589A01014,2026-09-07
982,NMDC,INE584A01023,2026-09-07
983,NOCIL,INE163A01018,2026-09-07
984,NOIDATOLL,INE781B01015,2026-09-07
11797,NORBTEAEXP,INE369C01017,2026-09-07
11597,NORTHARC,INE850M01015,2026-09-07
11369,NOVAAGRI,INE02H701025,2026-09-07
11115,NOVARTIND,INE234A01025,2026-09-07
985,NPBET,,2026-09-07
10882,NPST,INE0FFK01017,2026-09-07
986,NRAIL,INE740D01017,2026-09-07
987,NRBBEARING,INE349A01021,2026-09-07
11199,NRL,INE0JM501013,2026-09-07
988,NSIL,INE023A01030,2026-09-07
10582,NSLNISP,INE0NNS01018,2026-09-07
9310,NTCIND,INE920C01017,2026-09-07
989,NTL,,2026-09-07
990,NTPC,INE733E01010,2026-09-07
10972,NTPCGREEN,INE0ONG01011,2026-09-07
991,NUCLEUS,INE096B01018,2026-09-07
11272,NURECA,INE0DSF01015,2026-09-07
11141,NUVAMA,INE531F01023,2026-09-07
10263,NUVOCO,INE118D01016,2026-09-07
343115,NV20,,2026-09-07
12981,NV20BEES,,2026-09-07
226331,NV20IETF,,2026-09-07
992,NXTDIGITAL,,2026-09-07
10071,NYKAA,INE388Y01029,2026-09-07
993,OAL,INE959C01023,2026-09-07
10337,OBCL,INE426Z01016,2026-09-07
994,OBEROIRLTY,INE093I01010,2026-09-07
995,OCCL,,2026-09-07
9821,OCCLLTD,INE0PK601023,2026-09-07
10591,ODIGMA,INE054301028,2026-09-07
9595,ODYCORP,INE839E01023,2026-09-07
996,OFSS,INE881D01027,2026-09-07
997,OIL,INE274J01014,2026-09-07
998,OILCOUNTUB,INE591A01010,2026-09-07
513271,OILIETF,,2026-09-07
999,OISL,,2026-09-07
11479,OLAELEC,INE0LXG01040,2026-09-07
1000,OLECTRA,INE260D01016,2026-09-07
1001,OMAXAUTO,INE090B01011,2026-09-07
1002,OMAXE,INE800H01010,2026-09-07
10782,OMFREIGHT,INE1BZC01019,2026-09-07
10798,OMINFRAL,INE239D01028,2026-09-07
1003,OMKARCHEM,,2026-09-07
1004,OMMETALS,,2026-09-07
11426,OMNI,INE0UH301010,2026-09-07
10710,OMPOWER,INE25E901019,2026-09-07
10274,ONEGLOBAL,INE670O01013,2026-09-07
1005,ONELIFECAP,INE912L01015,2026-09-07
1006,ONEPOINT,INE840Y01029,2026-09-07
11235,ONESOURCE,INE013P01021,2026-09-07
1007,ONGC,INE213A01029,2026-09-07
10291,ONIDA,INE831A01028,2026-09-07
11011,ONIXSOLAR,INE173M01012,2026-09-07
1008,ONMOBILE,INE809I01019,2026-09-07
1009,ONWARDTEC,INE229A01017,2026-09-07
1010,OPTIEMUS,INE350C01017,2026-09-07
11377,OPTIFIN,INE031G01022,2026-09-07
1011,OPTOCIRCUI,,2026-09-07
1012,ORBTEXP,INE231G01010,2026-09-07
11388,ORCHASP,INE215B01022,2026-09-07
10933,ORCHPHARMA,INE191A01027,2026-09-07
1013,ORICONENT,INE730A01022,2026-09-07
1014,ORIENTABRA,,2026-09-07
1015,ORIENTALTL,INE998H01012,2026-09-07
1016,ORIENTBANK,,2026-09-07
1017,ORIENTBELL,INE607D01018,2026-09-07
1018,ORIENTCEM,INE876N01018,2026-09-07
11571,ORIENTCER,INE569C01020,2026-09-07
1019,ORIENTELEC,INE142Z01019,2026-09-07
1020,ORIENTHOT,INE750A01020,2026-09-07
1021,ORIENTLTD,INE609C01024,2026-09-07
1022,ORIENTPPR,INE592A01026,2026-09-07
1023,ORIENTREF,,2026-09-07
11823,ORIENTTECH,INE0PPK01015,2026-09-07
9981,ORIRAIL,INE457G01029,2026-09-07
1024,ORISSAMINE,INE725E01024,2026-09-07
9963,ORKLAINDIA,INE16NZ01023,2026-09-07
11228,ORTINGLOBE,INE749B01020,2026-09-07
133283,ORTINLAB,,2026-09-07
1025,ORTINLABSS,,2026-09-07
10372,OSIAHYPER,INE06IR01021,2026-09-07
1026,OSWALAGRO,INE142A01012,2026-09-07
11232,OSWALGREEN,INE143A01010,2026-09-07
11486,OSWALPUMPS,INE0BYP01024,2026-09-07
11038,OSWALSEEDS,INE00IK01029,2026-09-07
11451,PACEDIGITK,INE0S3G01027,2026-09-07
10674,PACIFICI,INE883C01025,2026-09-07
1027,PAEL,,2026-09-07
1028,PAGEIND,INE761H01022,2026-09-07
1029,PAISALO,INE420C01059,2026-09-07
10563,PAKKA,INE551D01018,2026-09-07
1030,PALASHSECU,INE471W01019,2026-09-07
1031,PALREDTEC,INE218G01033,2026-09-07
1032,PANACEABIO,INE922B01023,2026-09-07
1033,PANACHE,INE895W01019,2026-09-07
1034,PANAMAPET,INE305C01029,2026-09-07
10985,PANCHMAHQ,INE798F01010,2026-09-07
9497,PANORAMA,INE258R01028,2026-09-07
9632,PANSARI,INE697V01011,2026-09-07
1035,PAPERPROD,,2026-09-07
9553,PAR,INE04LG01015,2026-09-07
1036,PARACABLES,INE074B01023,2026-09-07
11362,PARADEEP,INE088F01024,2026-09-07
1037,PARAGMILK,INE883N01014,2026-09-07
10381,PARAS,INE045601023,2026-09-07
11187,PARASPETRO,INE162C01024,2026-09-07
10967,PARKHOSPS,INE119201023,2026-09-07
10457,PARKHOTELS,INE988S01028,2026-09-07
11178,PARNAXLAB,INE383L01019,2026-09-07
1038,PARSVNATH,INE561H01026,2026-09-07
10978,PASHUPATI,INE124Y01028,2026-09-07
10541,PASUPTAC,INE818B01023,2026-09-07
10840,PATANJALI,INE619A01035,2026-09-07
1039,PATELENG,INE244B01030,2026-09-07
10182,PATELRMART,INE0R8B01010,2026-09-07
1040,PATINTLOG,INE529D01014,2026-09-07
1041,PATSPINLTD,,2026-09-07
9618,PAUSHAKLTD,INE111F01024,2026-09-07
11384,PAVNAIND,INE07S101038,2026-09-07
9752,PAYTM,INE982J01020,2026-09-07
9352,PBMPOLY,INE501F01018,2026-09-07
11147,PCBL,INE602A01031,2026-09-07
1042,PCJEWELLER,INE785M01021,2026-09-07
1043,PDMJEPAPER,INE865T01018,2026-09-07
10850,PDSL,INE111Q01021,2026-09-07
1044,PDSMFL,,2026-09-07
1045,PEARLPOLY,INE844A01013,2026-09-07
1046,PEL,,2026-09-07
1047,PENIND,INE932A01024,2026-09-07
1048,PENINLAND,INE138A01028,2026-09-07
10393,PERMAGN,INE418E01018,2026-09-07
9415,PERNIASPOP,INE0I1B01016,2026-09-07
1049,PERSISTENT,INE262H01021,2026-09-07
1050,PETRONET,INE347G01014,2026-09-07
1051,PFC,INE134E01011,2026-09-07
1052,PFIZER,INE182A01018,2026-09-07
1053,PFOCUS,INE367G01038,2026-09-07
1054,PFS,INE560K01014,2026-09-07
1055,PGEL,INE457L01029,2026-09-07
1056,PGHH,INE179A01014,2026-09-07
1057,PGHL,INE199A01012,2026-09-07
1058,PGIL,INE940H01022,2026-09-07
13042,PHARMABEES,,2026-09-07
1059,PHILIPCARB,,2026-09-07
1060,PHOENIXLTD,INE211B01039,2026-09-07
9876,PHOENXINTL,INE245B01011,2026-09-07
10968,PICCADIL,INE546C01010,2026-09-07
1061,PIDILITIND,INE318A01026,2026-09-07
10425,PIGL,INE557Z01018,2026-09-07
1062,PIIND,INE603J01030,2026-09-07
1063,PILANIINVS,INE417C01014,2026-09-07
1064,PILITA,INE600A01035,2026-09-07
10095,PINELABS,INE15B701018,2026-09-07
1697355,PIONDIST,,2026-09-07
1065,PIONEEREMB,INE156C01018,2026-09-07
11387,PIONRINV,INE746D01014,2026-09-07
11697,PIRAMALFIN,INE202B01038,2026-09-07
1066,PITTIENG,INE450D01021,2026-09-07
10186,PIXTRANS,INE751B01018,2026-09-07
11698,PKTEA,INE431F01018,2026-09-07
1067,PLASTIBLEN,INE083C01022,2026-09-07
10819,PLATIND,INE0PT501018,2026-09-07
10873,PLAZACABLE,INE0INJ01017,2026-09-07
11552,PML,INE291E01019,2026-09-07
1068,PNB,INE160A01022,2026-09-07
1069,PNBGILTS,INE859A01011,2026-09-07
1070,PNBHOUSING,INE572E01012,2026-09-07
1071,PNC,INE392B01011,2026-09-07
1072,PNCINFRA,INE195J01029,2026-09-07
11525,PNGJL,INE953R01016,2026-09-07
11774,PNGSREVA,INE1RDG01013,2026-09-07
10640,POCL,INE063E01061,2026-09-07
1073,PODDARHOUS,,2026-09-07
1074,PODDARMENT,INE371C01013,2026-09-07
10204,POEL,INE035S01028,2026-09-07
1075,POKARNA,INE637C01025,2026-09-07
11452,POLICYBZR,INE417T01026,2026-09-07
1076,POLYCAB,INE455K01017,2026-09-07
1077,POLYMED,INE205C01021,2026-09-07
1078,POLYPLEX,INE633B01018,2026-09-07
11808,POLYSPIN,INE914G01029,2026-09-07
1079,PONNIERODE,INE838E01017,2026-09-07
9527,POONAWALLA,INE511C01022,2026-09-07
1080,POWERGRID,INE752E01010,2026-09-07
9326,POWERICA,INE921L01032,2026-09-07
9728,POWERINDIA,INE07Y701011,2026-09-07
1081,POWERMECH,INE211R01019,2026-09-07
1082,PPAP,INE095I01015,2026-09-07
1083,PPL,INE050001010,2026-09-07
10319,PPLPHARMA,INE0DK501011,2026-09-07
9897,PRABHA,INE0I0M01023,2026-09-07
1084,PRABHAT,,2026-09-07
1085,PRADIP,,2026-09-07
9460,PRADPME,INE770A01010,2026-09-07
1086,PRAENG,INE505C01016,2026-09-07
1087,PRAJIND,INE074A01025,2026-09-07
1088,PRAKASH,INE603A01013,2026-09-07
11516,PRAKASHSTL,INE696K01024,2026-09-07
10044,PRAVEG,INE722B01019,2026-09-07
9331,PRAXIS,INE546Y01022,2026-09-07
1089,PRECAM,INE484I01029,2026-09-07
1090,PRECOT,INE283A01014,2026-09-07
1091,PRECWIRE,INE372C01037,2026-09-07
9360,PREMCO,INE001E01012,2026-09-07
1092,PREMEXPLN,INE863B01029,2026-09-07
4187,PREMIER,INE342A01018,2026-09-07
9428,PREMIERENE,INE0BS701011,2026-09-07
1093,PREMIERPOL,INE309M01020,2026-09-07
1094,PRESSMN,,2026-09-07
1095,PRESTIGE,INE811K01011,2026-09-07
1096,PRICOLLTD,INE726V01018,2026-09-07
1097,PRIMESECU,INE032B01021,2026-09-07
11335,PRIMO,INE607A01022,2026-09-07
1098,PRINCEPIPE,INE689W01016,2026-09-07
9751,PRIORITY,INE15EH01014,2026-09-07
9358,PRISMX,INE286N01028,2026-09-07
10310,PRITI,INE974Z01015,2026-09-07
10992,PRITIKAUTO,INE583R01029,2026-09-07
9734,PRIVISCL,INE959A01019,2026-09-07
1784564,PROSEED,,2026-09-07
9461,PROSTARM,INE0BX301013,2026-09-07
9624,PROTEAN,INE004A01022,2026-09-07
1697387,PROVOGE,,2026-09-07
10308,PROZONER,INE195N01013,2026-09-07
1099,PROZONINTU,,2026-09-07
1100,PRSMJOHNSN,INE010A01011,2026-09-07
10580,PRUDENT,INE00F201020,2026-09-07
10821,PRUDMOULI,INE024D01016,2026-09-07
1101,PSB,INE608A01012,2026-09-07
1697391,PSL,,2026-09-07
1102,PSPPROJECT,INE488V01015,2026-09-07
343234,PSUBANK,,2026-09-07
300238,PSUBANKADD,,2026-09-07
13092,PSUBANKICI,,2026-09-07
1103,PSUBNKBEES,,2026-09-07
226448,PSUBNKIETF,,2026-09-07
1104,PTC,INE877F01012,2026-09-07
10804,PTCIL,INE596F01018,2026-09-07
1105,PTL,INE034D01049,2026-09-07
1106,PUNJABCHEM,INE277B01014,2026-09-07
1107,PURVA,INE323I01011,2026-09-07
9791,PVP,INE362A01016,2026-09-07
1108,PVR,,2026-09-07
10403,PVRINOX,INE191H01014,2026-09-07
10358,PVSL,INE772T01024,2026-09-07
226455,PVTBANIETF,,2026-09-07
1614980,PVTBANK,,2026-09-07
300249,PVTBANKADD,,2026-09-07
1516005,PVTBKGROWW,,2026-09-07
10906,PWL,INE0LP301011,2026-09-07
10838,PYRAMID,INE0MIS01010,2026-09-07
1109,QGOLDHALF,,2026-09-07
10648,QMSMEDI,INE0FMW01018,2026-09-07
1110,QNIFTY,,2026-09-07
10542,QPOWER,INE0SII01026,2026-09-07
10585,QUADFUTURE,INE0LRY01011,2026-09-07
226459,QUAL30IETF,,2026-09-07
1008332,QUALITY,,2026-09-07
1010381,QUALITY30,,2026-09-07
1111,QUESS,INE615P01015,2026-09-07
1112,QUICKHEAL,INE306L01010,2026-09-07
10451,QUINT,INE641R01017,2026-09-07
9372,QUINTEGRA,INE033B01011,2026-09-07
10771,RACE,INE084Q01012,2026-09-07
10353,RACLGEAR,INE704B01017,2026-09-07
9862,RADAAN,INE874F01027,2026-09-07
10081,RADHIKAJWE,INE583V01021,2026-09-07
10913,RADIANTCMS,INE855R01021,2026-09-07
1113,RADICO,INE944F01028,2026-09-07
1114,RADIOCITY,INE919I01024,2026-09-07
9509,RAILTEL,INE0DD101019,2026-09-07
1115,RAIN,INE855B01025,2026-09-07
10715,RAINBOW,INE961O01016,2026-09-07
1116,RAJESHEXPO,,2026-09-07
11814,RAJMET,INE00KV01022,2026-09-07
11652,RAJOOENG,INE535F01024,2026-09-07
10618,RAJPALAYAM,INE296E01026,2026-09-07
10699,RAJRATAN,INE451D01029,2026-09-07
10192,RAJRILTD,INE533D01032,2026-09-07
1117,RAJSREESUG,INE562B01019,2026-09-07
1118,RAJTV,INE952H01027,2026-09-07
1119,RALLIS,INE613A01020,2026-09-07
1120,RAMANEWS,INE278B01020,2026-09-07
9946,RAMAPHO,INE809A01032,2026-09-07
1121,RAMASTEEL,INE230R01035,2026-09-07
11094,RAMBHAJO,INE1SJO01012,2026-09-07
1122,RAMCOCEM,INE331A01037,2026-09-07
1123,RAMCOIND,INE614A01028,2026-09-07
1124,RAMCOSYS,INE246B01019,2026-09-07
1125,RAMKY,INE874I01013,2026-09-07
10733,RAMRAT,INE207E01023,2026-09-07
1126,RANASUG,INE625B01014,2026-09-07
1127,RANEENGINE,,2026-09-07
1128,RANEHOLDIN,INE384A01010,2026-09-07
11350,RATEGAIN,INE0CLI01024,2026-09-07
1129,RATNAMANI,INE703B01027,2026-09-07
9282,RATNAVEER,INE05CZ01011,2026-09-07
1130,RAYMOND,INE301A01014,2026-09-07
10109,RAYMONDLSL,INE02ID01020,2026-09-07
11453,RAYMONDREL,INE1SY401010,2026-09-07
11034,RBA,INE07T201019,2026-09-07
1131,RBL,,2026-09-07
1132,RBLBANK,INE976G01028,2026-09-07
10485,RBZJEWEL,INE0PEQ01016,2026-09-07
1133,RCF,INE027A01015,2026-09-07
1134,RCOM,INE330H01018,2026-09-07
1135,RECLTD,INE020B01018,2026-09-07
1136,REDINGTON,INE891D01026,2026-09-07
10123,REDTAPE,INE0LXT01019,2026-09-07
1137,REFEX,INE056I01025,2026-09-07
11242,REGAAL,INE0MHO01029,2026-09-07
11030,REGENCERAM,INE277C01012,2026-09-07
1138,RELAXO,INE131B01039,2026-09-07
1139,RELCAPITAL,,2026-09-07
11138,RELCHEMQ,INE750D01016,2026-09-07
1697431,RELCNX100,,2026-09-07
1697432,RELCONS,,2026-09-07
1697433,RELDIVOPP,,2026-09-07
10018,RELIABLE,INE375Y01018,2026-09-07
1140,RELIANCE,INE002A01018,2026-09-07
1141,RELIGARE,INE621H01010,2026-09-07
1142,RELINFRA,INE036A01016,2026-09-07
1697437,RELNV20,,2026-09-07
11371,RELTD,INE206N01018,2026-09-07
1143,REMSONSIND,INE474C01023,2026-09-07
1144,RENUKA,INE087H01022,2026-09-07
1145,REPCOHOME,INE612J01015,2026-09-07
11056,REPL,INE364Z01019,2026-09-07
1146,REPRO,INE461B01014,2026-09-07
1147,RESPONIND,INE688D01026,2026-09-07
9775,RETAIL,INE03DD01011,2026-09-07
1697443,RETFMID150,,2026-09-07
1148,REVATHI,,2026-09-07
597914,REVATHIEQU,,2026-09-07
1149,RGL,INE722H01024,2026-09-07
9979,RHETAN,INE0KKN01029,2026-09-07
13148,RHFL,,2026-09-07
10698,RHIM,INE743M01012,2026-09-07
10391,RHL,INE508K01013,2026-09-07
1150,RICOAUTO,INE209B01025,2026-09-07
1151,RIIL,INE046A01015,2026-09-07
9305,RIR,INE302D01024,2026-09-07
11440,RISHABH,INE0N2P01017,2026-09-07
11719,RITCO,INE01EG01016,2026-09-07
1152,RITES,INE320J01015,2026-09-07
1153,RKDL,INE722J01012,2026-09-07
10244,RKEC,INE786W01010,2026-09-07
1154,RKFORGE,INE399G01023,2026-09-07
9600,RKSWAMY,INE0NQ801033,2026-09-07
9779,RMC,INE655V01019,2026-09-07
1709338,RMCL,,2026-09-07
9692,RMDRIP,INE219Y01026,2026-09-07
1155,RML,INE050H01012,2026-09-07
1697452,RNAM,,2026-09-07
1156,RNAVAL,,2026-09-07
11681,RNBDENIMS,INE012Q01039,2026-09-07
1157,ROHITFERRO,,2026-09-07
1158,ROHLTD,INE283H01019,2026-09-07
11367,ROLEXRINGS,INE645S01024,2026-09-07
1159,ROLLT,INE927A01040,2026-09-07
1160,ROLTA,,2026-09-07
11189,ROML,INE294G01026,2026-09-07
10155,ROSSARI,INE02A801020,2026-09-07
1161,ROSSELLIND,INE847C01020,2026-09-07
10024,ROSSTECH,INE0OJW01016,2026-09-07
9844,ROTO,INE535D01037,2026-09-07
11744,ROUTE,INE450U01017,2026-09-07
11270,RPEL,INE912T01018,2026-09-07
1162,RPGLIFE,INE105J01010,2026-09-07
1163,RPOWER,INE614G01033,2026-09-07
1164,RPPINFRA,INE324L01013,2026-09-07
10741,RPPL,INE760W01023,2026-09-07
9490,RPSGVENT,INE425Y01011,2026-09-07
11212,RPTECH,INE0J1F01024,2026-09-07
10073,RRECL,INE0AK901016,2026-09-07
11699,RRIL,INE951M01037,2026-09-07
9483,RRKABEL,INE777K01022,2026-09-07
1697458,RRSLGETF,,2026-09-07
11125,RSDFIN,INE616F01022,2026-09-07
9442,RSL,INE313L01016,2026-09-07
1165,RSSOFTWARE,INE165B01029,2026-09-07
1166,RSWM,INE611A01016,2026-09-07
1167,RSYSTEMS,INE411H01032,2026-09-07
9537,RTNINDIA,INE834M01019,2026-09-07
1697462,RTNINFRA,,2026-09-07
1168,RTNPOWER,INE399K01017,2026-09-07
10058,RTSPOWR,INE005C01017,2026-09-07
11064,RUBFILA,INE642C01025,2026-09-07
10167,RUBICON,INE506V01022,2026-09-07
1169,RUBYMILLS,INE301D01026,2026-09-07
1835002,RUCHI,,2026-09-07
11776,RUCHINFRA,INE413B01023,2026-09-07
1170,RUCHIRA,INE803H01014,2026-09-07
1697464,RUCHISOYA,,2026-09-07
11091,RUDRA,INE027T01023,2026-09-07
1171,RUPA,INE895B01021,2026-09-07
1172,RUSHIL,INE573K01025,2026-09-07
9899,RUSTOMJEE,INE263M01029,2026-09-07
9749,RVHL,INE09E501017,2026-09-07
1173,RVNL,INE415G01027,2026-09-07
10746,RVTH,INE0DAB01012,2026-09-07
10171,S&SPOWER,INE902B01017,2026-09-07
10193,SAATVIKGL,INE13B501022,2026-09-07
11819,SAB,INE137M01017,2026-09-07
1600787,SABEVENTS,,2026-09-07
1174,SABTN,,2026-09-07
381920,SABTNL,,2026-09-07
1175,SADBHAV,INE226H01026,2026-09-07
1176,SADBHIN,INE764L01010,2026-09-07
10529,SADHNANIQ,INE888C01040,2026-09-07
1177,SAFARI,INE429E01023,2026-09-07
10214,SAGARDEEP,INE976T01013,2026-09-07
1178,SAGCEM,INE229C01021,2026-09-07
9962,SAGILITY,INE0W2G01015,2026-09-07
13185,SAH,,2026-09-07
9463,SAHLIBHFI,INE861D01011,2026-09-07
10366,SAHYADRI,INE280H01015,2026-09-07
10247,SAICAPI,INE531X01018,2026-09-07
1179,SAIL,INE114A01011,2026-09-07
11444,SAILIFE,INE570L01029,2026-09-07
10483,SAIPARENT,INE0H9F01037,2026-09-07
2724,SAKAR,INE732S01012,2026-09-07
1180,SAKHTISUG,INE623A01011,2026-09-07
1181,SAKSOFT,INE667G01023,2026-09-07
1182,SAKUMA,INE190H01024,2026-09-07
1183,SALASAR,INE170V01027,2026-09-07
1184,SALONA,INE498E01010,2026-09-07
1185,SALSTEEL,INE658G01014,2026-09-07
1186,SALZERELEC,INE457F01013,2026-09-07
9639,SAMBANDAM,INE304D01012,2026-09-07
1187,SAMBHAAV,INE699B01027,2026-09-07
9672,SAMBHV,INE12NJ01018,2026-09-07
9986,SAMHI,INE08U801020,2026-09-07
9972,SAMMAANCAP,INE148I01020,2026-09-07
11401,SAMPANN,INE735M01018,2026-09-07
9289,SANATHAN,INE0JPD01013,2026-09-07
1188,SANCO,,2026-09-07
1189,SANDESH,INE583B01015,2026-09-07
1190,SANDHAR,INE278H01035,2026-09-07
10669,SANDUMA,INE149K01016,2026-09-07
1191,SANGAMIND,INE495C01010,2026-09-07
1192,SANGHIIND,,2026-09-07
1193,SANGHVIFOR,,2026-09-07
1194,SANGHVIMOV,INE989A01032,2026-09-07
1195,SANGINITA,INE753W01010,2026-09-07
1196,SANOFI,INE058A01010,2026-09-07
10367,SANOFICONR,INE0UOS01011,2026-09-07
10472,SANSERA,INE953O01021,2026-09-07
11287,SANSTAR,INE08NE01025,2026-09-07
1197,SANWARIA,,2026-09-07
10144,SAPPHIRE,INE806T01020,2026-09-07
9434,SAPPL,INE185C01017,2026-09-07
1198,SARDAEN,INE385C01021,2026-09-07
1199,SAREGAMA,INE979A01025,2026-09-07
1200,SARLAPOLY,INE453D01025,2026-09-07
9702,SARVESHWAR,INE324X01026,2026-09-07
1201,SASKEN,INE231F01020,2026-09-07
1202,SASTASUNDR,,2026-09-07
1203,SATHAISPAT,,2026-09-07
1204,SATIA,INE170E01023,2026-09-07
1205,SATIN,INE836B01017,2026-09-07
13214,SATINDLTD,,2026-09-07
9988,SAURASHCEM,INE626A01014,2026-09-07
11249,SAYAJIHOTL,INE318C01014,2026-09-07
11370,SAYAJIIND,INE327G01032,2026-09-07
11053,SBC,INE04AK01028,2026-09-07
9756,SBCL,INE386D01027,2026-09-07
10423,SBFC,INE423Y01016,2026-09-07
9542,SBGLP,INE05ST01028,2026-09-07
850356,SBIBPB,,2026-09-07
1206,SBICARD,INE018E01016,2026-09-07
13218,SBIETFCON,,2026-09-07
13219,SBIETFIT,,2026-09-07
13220,SBIETFPB,,2026-09-07
1207,SBIETFQLTY,,2026-09-07
10586,SBIFUNDS,INE640G01020,2026-09-07
1208,SBILIFE,INE123W01016,2026-09-07
1045620,SBILIQETF,,2026-09-07
1376426,SBIMIDMOM,,2026-09-07
1209,SBIN,INE062A01020,2026-09-07
511612,SBINEQWETF,,2026-09-07
1427656,SBINMID150,,2026-09-07
490530,SBISILVER,,2026-09-07
1513713,SBISMLETF,,2026-09-07
1513714,SBIVALETF,,2026-09-07
10131,SCANSTL,INE099G01011,2026-09-07
1210,SCAPDVR,,2026-09-07
1211,SCHAEFFLER,INE513A01022,2026-09-07
1212,SCHAND,INE807K01035,2026-09-07
1213,SCHNEIDER,INE839M01018,2026-09-07
1214,SCI,INE109A01011,2026-09-07
10064,SCILAL,INE0PB301013,2026-09-07
11700,SCODATUBES,INE090501011,2026-09-07
11422,SCPL,INE501Y01019,2026-09-07
10745,SDBL,INE480C01038,2026-09-07
13230,SDL24BEES,,2026-09-07
13231,SDL26BEES,,2026-09-07
1215,SEAMECLTD,INE497B01018,2026-09-07
11545,SECMARK,INE0BTM01013,2026-09-07
13233,SECURCRED,,2026-09-07
9912,SECURKLOUD,INE650K01021,2026-09-07
10348,SEDEMAC,INE00XB01019,2026-09-07
10031,SEIL,INE440T01028,2026-09-07
10794,SEJALLTD,INE955I01044,2026-09-07
10646,SEKURITIND,INE068B01017,2026-09-07
1216,SELAN,,2026-09-07
833833,SELECTIPO,,2026-09-07
10545,SELMC,INE105I01020,2026-09-07
1217,SELMCL,,2026-09-07
9902,SEMAC,INE617A01013,2026-09-07
9521,SENCO,INE602W01027,2026-09-07
11391,SENORES,INE0RB801010,2026-09-07
300389,SENSEXADD,,2026-09-07
1584223,SENSEXAXIS,,2026-09-07
1253902,SENSEXBETA,,2026-09-07
131753,SENSEXETF,,2026-09-07
226602,SENSEXIETF,,2026-09-07
9390,SEPC,INE964H01014,2026-09-07
1218,SEPOWER,,2026-09-07
1219,SEQUENT,,2026-09-07
10911,SERVOTECH,INE782X01033,2026-09-07
1220,SESHAPAPER,INE630A01024,2026-09-07
1221,SETCO,INE878E01021,2026-09-07
1222,SETF10GILT,,2026-09-07
1223,SETFGOLD,,2026-09-07
1224,SETFNIF50,,2026-09-07
1225,SETFNIFBK,,2026-09-07
1226,SETFNN50,,2026-09-07
11014,SETL,INE0M4D01010,2026-09-07
1227,SETUINFRA,,2026-09-07
1228,SEYAIND,INE573R01012,2026-09-07
1229,SFL,INE916U01025,2026-09-07
10070,SGFIN,INE618R01015,2026-09-07
9654,SGIL,INE00QT01015,2026-09-07
1230,SGL,INE353H01010,2026-09-07
10761,SGLRES,INE967B01028,2026-09-07
747065,SGLTL,,2026-09-07
9447,SGMART,INE385F01024,2026-09-07
10496,SGRL,INE414Y01015,2026-09-07
11424,SHADOWFAX,INE12UN01015,2026-09-07
11664,SHAH,INE482J01021,2026-09-07
1231,SHAHALLOYS,INE640C01011,2026-09-07
9703,SHAILY,INE151G01028,2026-09-07
1232,SHAKTIPUMP,INE908D01010,2026-09-07
1233,SHALBY,INE597J01018,2026-09-07
1234,SHALPAINTS,INE849C01026,2026-09-07
1235,SHANKARA,INE274V01019,2026-09-07
11463,SHANKESH,INE1WFC01025,2026-09-07
10758,SHANTI,INE933X01016,2026-09-07
1236,SHANTIGEAR,INE631A01022,2026-09-07
11015,SHANTIGOLD,INE06ZD01017,2026-09-07
1237,SHARDACROP,INE221J01015,2026-09-07
1238,SHARDAMOTR,INE597I01028,2026-09-07
11177,SHARDUL,INE037B01020,2026-09-07
11637,SHAREINDIA,INE932X01026,2026-09-07
1239,SHARIABEES,,2026-09-07
11273,SHBAJRG,INE402H01015,2026-09-07
9827,SHEKHAWATI,INE268L01046,2026-09-07
1240,SHEMAROO,INE363M01019,2026-09-07
11666,SHERVANI,INE011D01013,2026-09-07
1241,SHIL,,2026-09-07
10779,SHILCTECH,INE024F01011,2026-09-07
11556,SHILGRAVQ,INE960A01017,2026-09-07
1242,SHILPAMED,INE790G01031,2026-09-07
10558,SHINDL,INE220Z01013,2026-09-07
10650,SHIPROCKET,INE0FOO01011,2026-09-07
1243,SHIRPUR-G,,2026-09-07
9283,SHIVAAGRO,INE960E01019,2026-09-07
11738,SHIVACEM,INE555C01029,2026-09-07
10474,SHIVALIK,INE788J01021,2026-09-07
1244,SHIVAMAUTO,INE637H01024,2026-09-07
1245,SHIVAMILLS,INE644Y01017,2026-09-07
1246,SHIVATEX,INE705C01020,2026-09-07
9620,SHIVAUM,INE719F01016,2026-09-07
1247,SHK,INE500L01026,2026-09-07
1248,SHOPERSTOP,INE498B01024,2026-09-07
11701,SHRADDHA,INE311M01018,2026-09-07
11504,SHRADHA,INE715Y01031,2026-09-07
1249,SHREDIGCEM,INE232A01011,2026-09-07
1250,SHREECEM,INE070A01015,2026-09-07
10908,SHREEJISPG,INE1B6101010,2026-09-07
1251,SHREEPUSHK,INE712K01011,2026-09-07
1252,SHREERAMA,INE879A01019,2026-09-07
1253,SHRENIK,,2026-09-07
1254,SHREYANIND,INE231C01019,2026-09-07
1255,SHREYAS,,2026-09-07
11558,SHRIKRISH,INE997I01012,2026-09-07
9345,SHRINGARMS,INE1B3L01017,2026-09-07
10815,SHRIPISTON,INE526E01018,2026-09-07
1256,SHRIRAMCIT,,2026-09-07
1257,SHRIRAMEPC,,2026-09-07
11084,SHRIRAMFIN,INE721A01047,2026-09-07
10158,SHRIRAMPPS,INE217L01019,2026-09-07
11470,SHRJAGP,INE564J01026,2026-09-07
11573,SHUKRAPHAR,INE551C01044,2026-09-07
1258,SHYAMCENT,INE979R01011,2026-09-07
10962,SHYAMMETL,INE810G01011,2026-09-07
8985,SHYAMTEL,INE635A01023,2026-09-07
1259,SICAGEN,INE176J01011,2026-09-07
1260,SICAL,,2026-09-07
11648,SICALLOG,INE075B01020,2026-09-07
10201,SIEL,INE843L01012,2026-09-07
1261,SIEMENS,INE003A01024,2026-09-07
9300,SIGACHI,INE0D0K01022,2026-09-07
1262,SIGIND,INE529F01035,2026-09-07
11192,SIGMA,INE0A0S01028,2026-09-07
9498,SIGMAADV,INE933B01012,2026-09-07
9829,SIGNATURE,INE903U01023,2026-09-07
11691,SIGNPOST,INE0KGZ01021,2026-09-07
11561,SIKA,INE438E01032,2026-09-07
10832,SIKKO,INE112X01025,2026-09-07
11210,SIL,INE173A01025,2026-09-07
9685,SILGO,INE01II01013,2026-09-07
1263,SILINV,INE923A01015,2026-09-07
9755,SILLYMONKS,INE203Y01012,2026-09-07
13282,SILVER,,2026-09-07
1674786,SILVER001,,2026-09-07
378338,SILVER1,,2026-09-07
860988,SILVER360,,2026-09-07
300438,SILVERADD,,2026-09-07
1090551,SILVERAG,,2026-09-07
1584295,SILVERAXIS,,2026-09-07
13283,SILVERBEES,,2026-09-07
1253974,SILVERBETA,,2026-09-07
1234993,SILVERBND,,2026-09-07
848336,SILVERCASE,,2026-09-07
13284,SILVERETF,,2026-09-07
226653,SILVERIETF,,2026-09-07
9947,SILVERTUC,INE625X01026,2026-09-07
88973,SILVRETF,,2026-09-07
1264,SIMBHALS,,2026-09-07
1265,SIMPLEXINF,INE059B01024,2026-09-07
11262,SIMPLXREA,INE167H01014,2026-09-07
11281,SINCLAIR,INE985A01022,2026-09-07
11076,SINDHUTRAD,INE325D01025,2026-09-07
10184,SINGERIND,INE638A01035,2026-09-07
10614,SINTERCOM,INE129Z01016,2026-09-07
1266,SINTEX,,2026-09-07
1267,SIRCA,INE792Z01011,2026-09-07
1268,SIS,INE285J01028,2026-09-07
1269,SITINET,,2026-09-07
1270,SIYSIL,INE076B01028,2026-09-07
10446,SJS,INE284S01014,2026-09-07
1271,SJVN,INE002L01015,2026-09-07
1272,SKFINDIA,INE640A01023,2026-09-07
9884,SKFINDUS,INE2J8701016,2026-09-07
1273,SKIL,,2026-09-07
1274,SKIPPER,INE439E01022,2026-09-07
1275,SKMEGGPROD,INE411D01023,2026-09-07
11421,SKYGOLD,INE01IU01018,2026-09-07
9990,SKYWAYS,INE0PX301025,2026-09-07
1186076,SMALL250,,2026-09-07
1244486,SMALLADD,,2026-09-07
318310,SMALLCAP,,2026-09-07
1557859,SMALLGROWW,,2026-09-07
1567516,SMALLIETF,,2026-09-07
1276,SMARTLINK,INE178C01020,2026-09-07
9793,SMARTWORKS,INE0NAZ01010,2026-09-07
11264,SMCGLOBAL,INE103C01036,2026-09-07
1088345,SML100CASE,,2026-09-07
1277,SMLISUZU,,2026-09-07
9577,SMLMAH,INE294B01019,2026-09-07
9704,SMLT,INE017W01010,2026-09-07
1278,SMSLIFE,,2026-09-07
1279,SMSPHARMA,INE812G01025,2026-09-07
1280,SNOWMAN,INE734N01019,2026-09-07
957488,SNXT30BEES,,2026-09-07
1254005,SNXT50BETA,,2026-09-07
1281,SOBHA,INE671H01015,2026-09-07
11105,SOFTTECH,INE728Z01015,2026-09-07
1282,SOLARA,INE624Z01016,2026-09-07
1283,SOLARINDS,INE343H01029,2026-09-07
9383,SOLARWORLD,INE0TY101024,2026-09-07
11714,SOLEX,INE880Y01017,2026-09-07
1284,SOMANYCERA,INE355A01028,2026-09-07
1285,SOMATEX,INE314C01013,2026-09-07
1286,SOMICONVEY,INE323J01019,2026-09-07
9983,SONACOMS,INE073K01018,2026-09-07
10848,SONAL,INE321M01017,2026-09-07
13310,SONAMCLOCK,,2026-09-07
10527,SONAMLTD,INE00LM01029,2026-09-07
1287,SONATSOFTW,INE269A01021,2026-09-07
1288,SORILINFRA,,2026-09-07
1289,SOTL,INE035D01020,2026-09-07
1290,SOUTHBANK,INE683A01023,2026-09-07
1291,SOUTHWEST,INE980Y01015,2026-09-07
1292,SPAL,INE212I01016,2026-09-07
1293,SPANDANA,INE572J01011,2026-09-07
1294,SPARC,INE232I01014,2026-09-07
1295,SPCENET,INE970N01027,2026-09-07
1296,SPECIALITY,INE247M01014,2026-09-07
10791,SPECTRUM,INE01EO01010,2026-09-07
9781,SPELS,INE252A01019,2026-09-07
1297,SPENCERS,INE020801028,2026-09-07
1298,SPIC,INE147A01011,2026-09-07
1299,SPICEJET,,2026-09-07
1300,SPLIL,INE978G01016,2026-09-07
11606,SPLPETRO,INE663A01033,2026-09-07
1301,SPMLINFRA,INE937A01023,2026-09-07
9330,SPORTKING,INE885H01029,2026-09-07
1302,SPTL,,2026-09-07
177868,SPYL,,2026-09-07
9966,SRD,INE01NE01012,2026-09-07
1303,SREEL,INE099F01013,2026-09-07
1304,SREINFRA,,2026-09-07
1305,SRF,INE647A01010,2026-09-07
9763,SRGHFL,INE559N01010,2026-09-07
1306,SRHHYPOLTD,INE917H01012,2026-09-07
10738,SRIKPRIND,INE009C01019,2026-09-07
1307,SRIPIPES,,2026-09-07
10062,SRM,INE0R6Z01013,2026-09-07
557445,SRPL,,2026-09-07
10440,SRTL,INE19GK01015,2026-09-07
1308,SRTRANSFIN,,2026-09-07
9782,SSDL,INE0PQ101010,2026-09-07
1309,SSWL,INE802C01033,2026-09-07
9425,STALLION,INE0RYC01010,2026-09-07
1310,STAMPEDE,,2026-09-07
10302,STANLEY,INE01A001028,2026-09-07
1311,STAR,INE939A01011,2026-09-07
1312,STARCEMENT,INE460H01021,2026-09-07
11646,STARHEALTH,INE575P01011,2026-09-07
1313,STARPAPER,INE733A01018,2026-09-07
11403,STARTECK,INE992I01013,2026-09-07
1314,STCINDIA,INE655A01013,2026-09-07
9319,STEELCAS,INE124E01038,2026-09-07
1315,STEELCITY,INE395H01011,2026-09-07
1316,STEELXIND,INE503B01021,2026-09-07
1317,STEL,INE577L01016,2026-09-07
1318,STERTOOLS,INE334A01023,2026-09-07
1319,STINDIA,,2026-09-07
9511,STLNETWORK,INE1VXE01018,2026-09-07
9863,STLSTRINF,INE205F01016,2026-09-07
10676,STLTECH,INE089C01029,2026-09-07
11794,STOVEKRAFT,INE00IN01015,2026-09-07
1320,STRTECH,,2026-09-07
11101,STUDDS,INE00Q601028,2026-09-07
9311,STYL,INE04VU01023,2026-09-07
11454,STYLAMIND,INE239C01020,2026-09-07
10647,STYLEBAAZA,INE01FR01028,2026-09-07
10796,STYRENIX,INE189B01011,2026-09-07
1321,SUBEX,,2026-09-07
9435,SUBEXLTD,INE754A01055,2026-09-07
1322,SUBROS,INE287B01021,2026-09-07
9741,SUDARCOLOR,INE492A01029,2026-09-07
1323,SUDARSCHEM,INE659A01023,2026-09-07
10649,SUDEEPPHRM,INE0QPI01025,2026-09-07
2116590,SUJANAUNI,,2026-09-07
10375,SUKHJITS,INE450E01029,2026-09-07
9819,SULA,INE142Q01026,2026-09-07
10728,SUMEDHA,INE886B01012,2026-09-07
1324,SUMEETINDS,INE235C01036,2026-09-07
1325,SUMICHEM,INE258G01013,2026-09-07
9663,SUMIT,INE748Z01013,2026-09-07
1326,SUMMITSEC,INE519C01017,2026-09-07
11031,SUNCLAY,INE0Q3R01026,2026-09-07
1327,SUNCLAYLTD,,2026-09-07
1328,SUNDARAM,INE108E01023,2026-09-07
1329,SUNDARMFIN,INE660A01013,2026-09-07
1330,SUNDARMHLD,,2026-09-07
1331,SUNDRMBRAK,INE073D01013,2026-09-07
1332,SUNDRMFAST,INE387A01021,2026-09-07
9777,SUNDROP,INE209A01019,2026-09-07
1333,SUNFLAG,INE947A01014,2026-09-07
10579,SUNLOC,INE671C01016,2026-09-07
1334,SUNPHARMA,INE044A01036,2026-09-07
9458,SUNRAKSHAK,INE671K01027,2026-09-07
10551,SUNSHIEL,INE199E01014,2026-09-07
10448,SUNSHINE,INE1B3O01011,2026-09-07
1335,SUNTECK,INE805D01034,2026-09-07
1336,SUNTV,INE424H01027,2026-09-07
1337,SUPERHOUSE,INE712B01010,2026-09-07
1338,SUPERSPIN,INE662A01027,2026-09-07
1339,SUPPETRO,,2026-09-07
1340,SUPRAJIT,INE399C01030,2026-09-07
11703,SUPREME,INE822E01011,2026-09-07
186937,SUPREMEENG,,2026-09-07
1341,SUPREMEIND,INE195A01028,2026-09-07
1342,SUPREMEINF,INE550H01011,2026-09-07
9608,SUPRIYA,INE07RO01027,2026-09-07
9391,SUPTANERY,INE460D01038,2026-09-07
11035,SURAJEST,INE843S01025,2026-09-07
10405,SURAJLTD,INE713C01016,2026-09-07
9901,SURAKSHA,INE877V01027,2026-09-07
1343,SURANASOL,INE272L01022,2026-09-07
1344,SURANAT&P,INE130B01031,2026-09-07
9666,SURYALA,INE132C01027,2026-09-07
1345,SURYALAXMI,INE713B01026,2026-09-07
1346,SURYAROSNI,INE335A01020,2026-09-07
9420,SURYODAY,INE428Q01011,2026-09-07
1347,SUTLEJTEX,INE645H01027,2026-09-07
350815,SUULD,,2026-09-07
1348,SUVEN,INE495B01038,2026-09-07
4443,SUVENPHAR,,2026-09-07
11284,SUVIDHAA,INE018401013,2026-09-07
9905,SUYOG,INE442P01014,2026-09-07
1349,SUZLON,INE040H01021,2026-09-07
11488,SVGLOBAL,INE159L01013,2026-09-07
10991,SVLL,INE00CE01017,2026-09-07
10005,SVPGLOB,INE308E01029,2026-09-07
9903,SWANCORP,INE665A01038,2026-09-07
11165,SWANDEF,INE542F01020,2026-09-07
1350,SWANENERGY,,2026-09-07
10869,SWARAJ,INE0GMR01016,2026-09-07
1351,SWARAJENG,INE277A01016,2026-09-07
11574,SWARNSAR,INE967A01012,2026-09-07
1352,SWELECTES,INE409B01013,2026-09-07
10023,SWIGGY,INE00H001014,2026-09-07
10466,SWISSMLTRY,INE010C01025,2026-09-07
1353,SWSOLAR,INE00M201021,2026-09-07
9540,SYMBIOTEC,INE899I01028,2026-09-07
1354,SYMPHONY,INE225D01027,2026-09-07
1784802,SYNCOM,,2026-09-07
10132,SYNCOMF,INE312C01025,2026-09-07
1697633,SYNDIBANK,,2026-09-07
1355,SYNGENE,INE398R01022,2026-09-07
9561,SYRMA,INE0DYJ01015,2026-09-07
11780,SYSTMTXC,INE356B01024,2026-09-07
10543,TAALTECH,INE524T01011,2026-09-07
1356,TAINWALCHM,INE123C01018,2026-09-07
1357,TAJGVK,INE586B01026,2026-09-07
1358,TAKE,INE142I01023,2026-09-07
1359,TALBROAUTO,INE187D01029,2026-09-07
1697639,TALWALKARS,,2026-09-07
1697640,TALWGYM,,2026-09-07
10874,TAMBOLIIN,INE864J01012,2026-09-07
10719,TANAA,INE692C01020,2026-09-07
1360,TANLA,INE483C01032,2026-09-07
10227,TARACHAND,INE555Z01020,2026-09-07
10902,TARAPUR,INE747K01017,2026-09-07
10877,TARC,INE0EK901012,2026-09-07
11781,TARIL,INE763I01026,2026-09-07
1361,TARMAT,INE924H01018,2026-09-07
11693,TARSONS,INE144Z01023,2026-09-07
1362,TASTYBITE,INE488B01017,2026-09-07
11394,TATACAP,INE976I01016,2026-09-07
1363,TATACHEM,INE092A01019,2026-09-07
1364,TATACOFFEE,,2026-09-07
1365,TATACOMM,INE151A01013,2026-09-07
1366,TATACONSUM,INE192A01025,2026-09-07
1367,TATAELXSI,INE670A01012,2026-09-07
1697647,TATAGLOBAL,,2026-09-07
262892,TATAGOLD,,2026-09-07
1368,TATAINVEST,INE672A01026,2026-09-07
1369,TATAMETALI,,2026-09-07
1370,TATAMOTORS,,2026-09-07
1371,TATAMTRDVR,,2026-09-07
1372,TATAPOWER,INE245A01021,2026-09-07
1373,TATASTEEL,INE081A01020,2026-09-07
1374,TATASTLBSL,,2026-09-07
1375,TATASTLLP,,2026-09-07
10590,TATATECH,INE142M01025,2026-09-07
262900,TATSILV,,2026-09-07
10932,TATVA,INE0GK401011,2026-09-07
9555,TBOTEK,INE673O01025,2026-09-07
1376,TBZ,INE760L01018,2026-09-07
9296,TCC,INE887D01024,2026-09-07
1377,TCI,INE688A01022,2026-09-07
1378,TCIDEVELOP,,2026-09-07
1379,TCIEXP,INE586V01016,2026-09-07
1380,TCIFINANCE,INE911B01018,2026-09-07
161863,TCLCONS,,2026-09-07
1381,TCNSBRANDS,,2026-09-07
1382,TCPLPACK,INE822C01015,2026-09-07
1383,TCS,INE467B01029,2026-09-07
1384,TDPOWERSYS,INE419M01035,2026-09-07
11643,TEAMGTY,INE289C01025,2026-09-07
1385,TEAMLEASE,INE985S01024,2026-09-07
13414,TECH,,2026-09-07
13415,TECHIN,,2026-09-07
1386,TECHM,INE669C01036,2026-09-07
10250,TECHNOCRAF,INE1D0W01018,2026-09-07
1387,TECHNOE,INE285K01026,2026-09-07
1388,TECHNOFAB,,2026-09-07
10129,TECHNVISN,INE314H01012,2026-09-07
11099,TECILCHEM,INE014B01011,2026-09-07
9686,TEGA,INE011K01018,2026-09-07
1389,TEJASNET,INE010J01012,2026-09-07
11753,TEMBO,INE869Y01028,2026-09-07
11716,TEMPSENS,INE1KZI01025,2026-09-07
11494,TENNIND,INE19RI01016,2026-09-07
9786,TERAI,INE390D01011,2026-09-07
1390,TERASOFT,INE482B01010,2026-09-07
1391,TEXINFRA,INE435C01024,2026-09-07
1392,TEXMOPIPES,INE141K01013,2026-09-07
1393,TEXRAIL,INE621L01012,2026-09-07
1394,TFCILTD,INE305A01023,2026-09-07
1395,TFL,INE804H01012,2026-09-07
1396,TGBHOTELS,INE797H01018,2026-09-07
9476,TGVSL,INE284B01028,2026-09-07
9597,THACKER,INE077P01034,2026-09-07
11339,THAKDEV,INE403F01017,2026-09-07
1397,THANGAMAYL,INE085J01014,2026-09-07
1398,THEINVEST,INE924D01017,2026-09-07
11097,THEJO,INE121N01019,2026-09-07
11413,THELEELA,INE0AQ201015,2026-09-07
1399,THEMISMED,INE083B01024,2026-09-07
1400,THERMAX,INE152A01029,2026-09-07
1401,THOMASCOOK,INE332A01027,2026-09-07
10597,THOMASCOTT,INE480M01011,2026-09-07
1402,THYROCARE,INE594H01019,2026-09-07
1403,TI,INE133E01013,2026-09-07
11594,TICL,INE388G01026,2026-09-07
1404,TIDEWATER,,2026-09-07
11722,TIGERLOGS,INE906O01029,2026-09-07
1405,TIIL,INE545H01011,2026-09-07
1406,TIINDIA,INE974X01010,2026-09-07
1407,TIJARIA,INE440L01017,2026-09-07
1408,TIL,INE806C01018,2026-09-07
1409,TIMESGTY,,2026-09-07
1410,TIMETECHNO,INE508G01029,2026-09-07
9750,TIMEX,INE064A01026,2026-09-07
1411,TIMKEN,INE325A01013,2026-09-07
10048,TINNARUBR,INE015C01016,2026-09-07
1412,TINPLATE,,2026-09-07
11294,TIPSFILMS,INE0LQS01015,2026-09-07
1413,TIPSINDLTD,,2026-09-07
10785,TIPSMUSIC,INE716B01029,2026-09-07
1414,TIRUMALCHM,INE338A01024,2026-09-07
10198,TIRUPATIFL,INE319Y01024,2026-09-07
9366,TITAGARH,INE615H01020,2026-09-07
1415,TITAN,INE280A01028,2026-09-07
9898,TMB,INE668A01016,2026-09-07
9742,TMCV,INE1TAE01010,2026-09-07
11761,TMPV,INE155A01022,2026-09-07
1416,TMRVL,,2026-09-07
13444,TNIDETF,,2026-09-07
1417,TNPETRO,INE148A01019,2026-09-07
1418,TNPL,INE107A01015,2026-09-07
10242,TNTELE,INE141D01018,2026-09-07
1419,TOKYOPLAST,INE932C01012,2026-09-07
9455,TOLINS,INE0RWQ01014,2026-09-07
465832,TOP100CASE,,2026-09-07
579851,TOP10ADD,,2026-09-07
984235,TOP15IETF,,2026-09-07
1247051,TOP20,,2026-09-07
1420,TORNTPHARM,INE685A01028,2026-09-07
1421,TORNTPOWER,INE813H01021,2026-09-07
11184,TOTAL,INE336X01012,2026-09-07
1422,TOUCHWOOD,INE486Y01013,2026-09-07
9545,TOYAMSL,INE457P01020,2026-09-07
11508,TPHQ,INE065J01024,2026-09-07
1423,TPLPLASTEH,INE413G01022,2026-09-07
9855,TRACXN,INE0HMF01019,2026-09-07
9623,TRANSCOR,INE330E01023,2026-09-07
11684,TRANSPEK,INE687A01016,2026-09-07
11300,TRANSRAILL,INE454P01035,2026-09-07
10377,TRANSWORLD,INE757B01015,2026-09-07
10008,TRAVELFOOD,INE103V01028,2026-09-07
1424,TREEHOUSE,INE040M01013,2026-09-07
1425,TREJHARA,INE00CA01015,2026-09-07
10625,TREL,INE0O3901029,2026-09-07
1426,TRENT,INE849A01020,2026-09-07
1427,TRF,INE391D01019,2026-09-07
1428,TRIDENT,INE064C01022,2026-09-07
1429,TRIGYN,INE948A01012,2026-09-07
1430,TRIL,,2026-09-07
11472,TRITONV,INE440G01017,2026-09-07
1431,TRITURBINE,INE152M01016,2026-09-07
1432,TRIVENI,INE256C01024,2026-09-07
9457,TRU,INE615R01029,2026-09-07
10514,TRUALT,INE0MWH01014,2026-09-07
9747,TSFINV,INE202Z01029,2026-09-07
1433,TTKHLTCARE,INE910C01018,2026-09-07
1434,TTKPRESTIG,INE690A01028,2026-09-07
1435,TTL,INE592B01024,2026-09-07
11277,TTML,INE517B01013,2026-09-07
11634,TURTLEMINT,INE0OC301013,2026-09-07
10307,TUTIALKA,INE400A01014,2026-09-07
1436,TV18BRDCST,,2026-09-07
1437,TVSELECT,INE236G01019,2026-09-07
11026,TVSHLTD,INE105A01035,2026-09-07
1438,TVSMOTOR,INE494B01023,2026-09-07
9850,TVSSCS,INE395N01027,2026-09-07
1439,TVSSRICHAK,INE421C01016,2026-09-07
1440,TVTODAY,INE038F01029,2026-09-07
10258,TVVISION,INE871L01013,2026-09-07
1268488,TWCGOLDETF,,2026-09-07
1441,TWL,,2026-09-07
1442,UBL,INE686F01025,2026-09-07
11806,UCAL,INE139B01016,2026-09-07
1443,UCALFUEL,,2026-09-07
1444,UCOBANK,INE691A01018,2026-09-07
13472,UDAICEMENT,,2026-09-07
10643,UDAYJEW,INE551B01012,2026-09-07
11786,UDS,INE851I01011,2026-09-07
10022,UEL,INE899L01030,2026-09-07
11505,UFBL,INE382M01027,2026-09-07
1445,UFLEX,INE516A01017,2026-09-07
1446,UFO,INE527H01019,2026-09-07
1447,UGARSUGAR,INE071E01023,2026-09-07
11254,UGROCAP,INE583D01011,2026-09-07
1448,UJAAS,,2026-09-07
1449,UJJIVAN,,2026-09-07
1450,UJJIVANSFB,INE551W01018,2026-09-07
1451,ULTRACEMCO,INE481G01011,2026-09-07
9792,ULTRAMAR,INE405A01021,2026-09-07
9604,UMAEXPORTS,INE0GIU01018,2026-09-07
1452,UMANGDAIRY,,2026-09-07
10449,UMESLTD,INE240C01028,2026-09-07
9695,UMIYA-MRO,INE398B01018,2026-09-07
1453,UNICHEMLAB,INE351A01035,2026-09-07
9325,UNIDT,INE961D01019,2026-09-07
11345,UNIECOM,INE00U401027,2026-09-07
1454,UNIENTER,INE037A01022,2026-09-07
11375,UNIINFO,INE481Z01011,2026-09-07
9526,UNIMECH,INE0U3I01011,2026-09-07
1455,UNIONBANK,INE692A01016,2026-09-07
805631,UNIONGOLD,,2026-09-07
11010,UNIPARTS,INE244O01017,2026-09-07
1456,UNIPLY,,2026-09-07
10399,UNITDSPR,INE854D01024,2026-09-07
11450,UNITECH,INE694A01020,2026-09-07
1457,UNITEDBNK,,2026-09-07
9801,UNITEDPOLY,INE368U01029,2026-09-07
1458,UNITEDTEA,INE458F01011,2026-09-07
11037,UNIVAFOODS,INE275F01019,2026-09-07
11631,UNIVASTU,INE562X01013,2026-09-07
1459,UNIVCABLES,INE279A01012,2026-09-07
1460,UNIVPHOTO,INE03V001013,2026-09-07
10627,UNOMINDA,INE405E01023,2026-09-07
10427,UPHOT,INE726E01014,2026-09-07
1461,UPL,INE628A01036,2026-09-07
16989,URAVI,,2026-09-07
9851,URAVIDEF,INE568Z01015,2026-09-07
10528,URBANCO,INE0CAZ01013,2026-09-07
1462,URJA,INE550C01020,2026-09-07
1463,USHAMART,INE228A01035,2026-09-07
11029,USK,INE0N0Y01013,2026-09-07
11485,UTIAMC,INE094J01016,2026-09-07
13498,UTIBANKETF,,2026-09-07
1464,UTINEXT50,,2026-09-07
1465,UTINIFTETF,,2026-09-07
1466,UTISENSETF,,2026-09-07
1467,UTISXN50,,2026-09-07
11055,UTKARSHBNK,INE735W01017,2026-09-07
9332,UTLSOLAR,INE12UR01024,2026-09-07
1468,UTTAMSTL,,2026-09-07
1469,UTTAMSUGAR,INE786F01031,2026-09-07
1697743,UVSL,,2026-09-07
11653,UYFINCORP,INE152C01025,2026-09-07
1470,V2RETAIL,INE945H01021,2026-09-07
1471,VADILALIND,INE694D01016,2026-09-07
10575,VADILENT,INE693D01018,2026-09-07
1472,VAIBHAVGBL,INE884A01027,2026-09-07
1473,VAISHALI,INE972X01022,2026-09-07
1474,VAKRANGEE,INE051B01021,2026-09-07
633999,VAL30IETF,,2026-09-07
9926,VALIANTLAB,INE0JWS01017,2026-09-07
10921,VALIANTORG,INE565V01010,2026-09-07
1413356,VALUE,,2026-09-07
1584596,VALUEAXIS,,2026-09-07
10737,VAML,INE1CDF01017,2026-09-07
1475,VARDHACRLC,INE116G01013,2026-09-07
1476,VARDMNPOLY,INE835A01029,2026-09-07
1477,VARROC,INE665L01035,2026-09-07
1478,VASCONEQ,INE893I01013,2026-09-07
10343,VASUPRADA,INE574G01013,2026-09-07
1479,VASWANI,INE590L01019,2026-09-07
1480,VBL,INE200M01039,2026-09-07
10092,VCL,INE098201036,2026-09-07
11799,VEDAVAAG,INE359B01010,2026-09-07
1481,VEDL,INE205A01025,2026-09-07
9691,VEDPOWER,INE694L01019,2026-09-07
10098,VEEDOL,INE484C01030,2026-09-07
9823,VELJAN,INE232E01013,2026-09-07
1482,VENKEYS,INE398A01010,2026-09-07
11565,VENTIVE,INE781S01027,2026-09-07
10346,VENUSPIPES,INE0JA001018,2026-09-07
1483,VENUSREM,INE411B01019,2026-09-07
10032,VERANDA,INE0IQ001011,2026-09-07
9400,VERTOZ,INE188Y01031,2026-09-07
1484,VESUVIUS,INE386A01023,2026-09-07
1485,VETO,INE918N01018,2026-09-07
11425,VGCL,INE761Q01015,2026-09-07
9864,VGL,INE273D01027,2026-09-07
1486,VGUARD,INE951I01027,2026-09-07
1487,VHL,INE701A01023,2026-09-07
10517,VHLTD,INE048C01025,2026-09-07
9602,VHLTD-RE1,INE048C20025,2026-09-07
1488,VIDHIING,INE632C01026,2026-09-07
9371,VIDYAWIRES,INE14UN01029,2026-09-07
10292,VIJAYA,INE043W01024,2026-09-07
1489,VIJIFIN,INE159N01027,2026-09-07
10958,VIJSOLX,INE362D01010,2026-09-07
1490,VIKASECO,INE806A01020,2026-09-07
10049,VIKASLIFE,INE161L01027,2026-09-07
1491,VIKASMCORP,,2026-09-07
1492,VIKASPROP,,2026-09-07
1493,VIKASWSP,,2026-09-07
10280,VIKRAMSOLR,INE078V01014,2026-09-07
11625,VIKRAN,INE01R501028,2026-09-07
1494,VIMTALABS,INE579C01029,2026-09-07
1495,VINATIORGA,INE410B01037,2026-09-07
11596,VINCOFE,INE498Q01014,2026-09-07
1496,VINDHYATEL,INE707A01012,2026-09-07
9583,VINEETLAB,INE505Y01010,2026-09-07
11017,VINNY,INE01KI01027,2026-09-07
1497,VINYLINDIA,INE250B01029,2026-09-07
1498,VIPCLOTHNG,INE450G01024,2026-09-07
1499,VIPIND,INE054A01027,2026-09-07
1500,VIPULLTD,INE946H01037,2026-09-07
11100,VIRAT,INE467D01017,2026-09-07
10371,VIRINCHI,INE539B01017,2026-09-07
11747,VIRTUALG,INE247C01023,2026-09-07
10097,VISACHROME,INE286H01012,2026-09-07
1501,VISAKAIND,INE392A01021,2026-09-07
1502,VISASTEEL,,2026-09-07
13535,VISESHINFO,,2026-09-07
9971,VISHAL,INE755Q01025,2026-09-07
1503,VISHNU,INE270I01022,2026-09-07
1504,VISHWARAJ,INE430N01022,2026-09-07
11429,VISL,INE1CLE01013,2026-09-07
10896,VITAL,INE0L4K01016,2026-09-07
10298,VIVIANA,INE0MEG01014,2026-09-07
1505,VIVIDHA,INE370E01029,2026-09-07
1506,VIVIMEDLAB,INE526G01021,2026-09-07
9684,VIVOBIOT,INE380K01017,2026-09-07
9361,VIYASH,INE807F01027,2026-09-07
10730,VLEGOV,INE03HW01020,2026-09-07
1507,VLSFINANCE,INE709A01018,2026-09-07
1508,VMART,INE665J01013,2026-09-07
10691,VMM,INE01EA01019,2026-09-07
9302,VMSTMT,INE0SJA01013,2026-09-07
11214,VOEPL,INE0I0T01010,2026-09-07
11080,VOGL,INE704J01044,2026-09-07
10611,VOITHPAPR,INE285C01015,2026-09-07
1509,VOLTAMP,INE540H01012,2026-09-07
1510,VOLTAS,INE226A01021,2026-09-07
11215,VPRPL,INE0AE001013,2026-09-07
10306,VRAJ,INE0S2V01010,2026-09-07
1511,VRLLOG,INE366I01010,2026-09-07
1512,VSSL,INE050M01012,2026-09-07
1513,VSTIND,INE710A01016,2026-09-07
11673,VSTL,INE0QTF01015,2026-09-07
1514,VSTTILLERS,INE764D01017,2026-09-07
1515,VTL,INE825A01020,2026-09-07
11127,VTMLTD,INE222F01029,2026-09-07
11223,WAAREEENER,INE377N01017,2026-09-07
10301,WAAREEINDO,INE866K01023,2026-09-07
11795,WAAREERTL,INE299N01021,2026-09-07
1516,WABAG,INE956G01038,2026-09-07
1517,WABCOINDIA,,2026-09-07
10768,WAKEFIT,INE0E7301029,2026-09-07
1518,WALCHANNAG,INE711A01022,2026-09-07
11200,WANBURY,INE107F01022,2026-09-07
9323,WARDINMOBI,INE945P01024,2026-09-07
1519,WATERBASE,INE054C01015,2026-09-07
9586,WCIL,INE0CJF01024,2026-09-07
10363,WEALTH,INE658T01017,2026-09-07
1520,WEBELSOLAR,INE855C01023,2026-09-07
1697790,WEIZFOREX,,2026-09-07
1521,WEIZMANIND,INE080A01014,2026-09-07
9562,WEL,INE02WG01024,2026-09-07
1522,WELCORP,INE191B01025,2026-09-07
1523,WELENT,INE625G01013,2026-09-07
1524,WELINV,INE389K01018,2026-09-07
9731,WELSPLSOL,INE731F01037,2026-09-07
1525,WELSPUNIND,,2026-09-07
11728,WELSPUNLIV,INE192B01031,2026-09-07
1526,WENDT,INE274C01019,2026-09-07
1527,WESTLIFE,INE274F01020,2026-09-07
10090,WEWIN,INE082W01014,2026-09-07
11752,WEWORK,INE085001019,2026-09-07
9885,WHBRADY,INE855A01019,2026-09-07
1528,WHEELS,INE715A01015,2026-09-07
1529,WHIRLPOOL,INE716A01013,2026-09-07
1530,WILLAMAGOR,INE210A01017,2026-09-07
1452668,WIMPLAST,,2026-09-07
10012,WINDLAS,INE0H5O01029,2026-09-07
1531,WINDMACHIN,INE052A01021,2026-09-07
126859,WINSOME,,2026-09-07
11334,WIPL,INE215F01023,2026-09-07
1532,WIPRO,INE075A01022,2026-09-07
1533,WOCKPHARMA,INE049B01025,2026-09-07
1534,WONDERLA,INE066O01014,2026-09-07
13566,WORTH,,2026-09-07
10202,WORTHPERI,INE196Y01018,2026-09-07
10217,WPIL,INE765D01022,2026-09-07
11218,WSI,INE100D01014,2026-09-07
1535,WSTCSTPAPR,INE976A01021,2026-09-07
1536,XCHANGING,INE692G01013,2026-09-07
1537,XELPMOC,INE01P501012,2026-09-07
1538,XPROINDIA,INE445C01015,2026-09-07
10665,XTGLOBAL,INE547B01028,2026-09-07
9437,XTRANET,INE0NG701011,2026-09-07
205211,YAARI,,2026-09-07
2148927,YAARII,,2026-09-07
11230,YASHO,INE616Z01012,2026-09-07
11000,YATHARTH,INE0JO301016,2026-09-07
10679,YATRA,INE0JR601024,2026-09-07
1539,YESBANK,INE528G01035,2026-09-07
9688,YOGI,INE290E01011,2026-09-07
11641,YUKEN,INE384C01016,2026-09-07
10510,ZAGGLE,INE07K301024,2026-09-07
1540,ZEEL,INE256A01028,2026-09-07
1541,ZEELEARN,INE565L01011,2026-09-07
1542,ZEEMEDIA,INE966H01019,2026-09-07
1784990,ZENITHBIR,,2026-09-07
1543,ZENITHEXPO,INE058B01018,2026-09-07
9368,ZENITHSTL,INE318D01020,2026-09-07
1544,ZENSARTECH,INE520A01027,2026-09-07
1545,ZENTEC,INE251B01027,2026-09-07
11680,ZFCVINDIA,INE342J01019,2026-09-07
11128,ZFSTEERING,INE116C01012,2026-09-07
1546,ZICOM,,2026-09-07
10149,ZIMLAB,INE518E01015,2026-09-07
9887,ZODIAC,INE761Y01019,2026-09-07
1547,ZODIACLOTH,INE206B01013,2026-09-07
1548,ZODJRDMKJ,,2026-09-07
13580,ZOMATO,,2026-09-07
1549,ZOTA,INE358U01012,2026-09-07
10568,ZSARACOM,INE967G01019,2026-09-07
1550,ZUARI,INE840M01016,2026-09-07
1551,ZUARIGLOB,,2026-09-07
10230,ZUARIIND,INE217A01012,2026-09-07
9674,ZYDUSLIFE,INE010B01027,2026-09-07
1552,ZYDUSWELL,INE768C01028,2026-09-07
