window,first_session,last_session,stock_id,sessions,bars,degenerate_bars,sigma_bar_bps,ar_half_bps,cs_half_bps,median_price,tick,adv_value
0,2023-07-03,2023-07-31,15,21,1575,0,18.4570,0.000000,3.081028,4410.9000,0.05,969340971.9
0,2023-07-03,2023-07-31,17,21,1575,0,17.4314,3.019430,3.919787,188.8500,0.05,389737896.0
0,2023-07-03,2023-07-31,24,21,1575,0,16.0842,0.000000,3.268143,2345.1000,0.05,8019578810.0
0,2023-07-03,2023-07-31,26,21,1575,10,26.6867,3.011264,4.214174,968.8000,0.05,2216039883.0
0,2023-07-03,2023-07-31,27,21,1575,0,14.4315,0.000000,2.716597,734.1000,0.05,4362739787.0
0,2023-07-03,2023-07-31,28,21,1575,13,24.4013,2.873564,5.043902,49.1500,0.05,1174198192.0
0,2023-07-03,2023-07-31,58,21,1575,2,14.2751,2.845443,2.785554,3610.4000,0.05,285032561.0
0,2023-07-03,2023-07-31,70,21,1575,0,16.3960,1.046608,3.149542,421.9000,0.05,2929520468.7
0,2023-07-03,2023-07-31,87,21,1575,0,18.9805,1.917940,4.313201,1354.5000,0.05,442458620.8
0,2023-07-03,2023-07-31,90,21,1575,0,14.2141,2.561031,2.603798,5197.8000,0.05,1728508920.0
0,2023-07-03,2023-07-31,118,21,1575,18,18.6013,2.966817,3.658084,83.8000,0.05,1318895530.1
0,2023-07-03,2023-07-31,120,21,1575,0,13.9745,2.429238,2.643645,3391.0500,0.05,2751696086.0
0,2023-07-03,2023-07-31,125,21,1575,0,17.2358,2.074781,3.136950,1880.5000,0.05,665764947.5
0,2023-07-03,2023-07-31,133,21,1575,0,16.3651,2.561988,3.329229,764.9500,0.05,915969449.25
0,2023-07-03,2023-07-31,135,21,1575,0,18.6394,1.379073,2.917634,744.1500,0.05,642023689.5
0,2023-07-03,2023-07-31,143,21,1575,0,12.6679,0.000000,2.795738,966.3000,0.05,7405538686.05
0,2023-07-03,2023-07-31,150,21,1575,6,13.5158,3.169305,2.508135,4748.0000,0.05,1213393704.0
0,2023-07-03,2023-07-31,153,21,1575,0,14.8294,0.000000,3.115401,1617.0000,0.05,2713098502.0
0,2023-07-03,2023-07-31,156,21,1575,29,15.8033,1.719868,3.378215,751.0000,0.05,5898537691.65
0,2023-07-03,2023-07-31,168,21,1575,0,18.3911,0.000000,3.599637,220.1500,0.05,1671638334.75
0,2023-07-03,2023-07-31,170,21,1575,0,19.0030,1.691180,3.710377,180.2500,0.05,3413608261.0
0,2023-07-03,2023-07-31,172,21,1575,0,21.1403,2.544000,4.443426,74.8100,0.05,605371521.3
0,2023-07-03,2023-07-31,182,21,1575,0,24.7939,0.000000,4.391008,590.3500,0.05,584872368.85
0,2023-07-03,2023-07-31,185,21,1575,0,15.3464,3.052231,3.365056,126.1500,0.05,1386368081.55
0,2023-07-03,2023-07-31,196,21,1575,0,14.7238,0.873129,2.567519,855.4000,0.05,889353143.8
0,2023-07-03,2023-07-31,200,21,1575,0,11.7052,2.281214,2.614205,883.2000,0.05,3853767320.7
0,2023-07-03,2023-07-31,201,21,1575,0,21.5120,3.705640,4.249869,94.4500,0.05,1235523518.0
0,2023-07-03,2023-07-31,206,21,1575,0,16.8279,2.810420,3.253165,258.8000,0.05,577683624.25
0,2023-07-03,2023-07-31,220,21,1575,0,14.1778,2.616200,2.626715,19090.9000,0.05,427843966.55
0,2023-07-03,2023-07-31,221,21,1575,3,18.3997,3.074921,2.987523,168.0500,0.05,951169185.0
0,2023-07-03,2023-07-31,225,21,1575,0,15.0236,2.209879,2.632747,5051.7000,0.05,1145497140.75
0,2023-07-03,2023-07-31,228,21,1575,157,28.3969,3.336376,6.335784,245.5000,0.05,315078439.7
0,2023-07-03,2023-07-31,239,21,1575,1,22.0432,1.055877,4.413493,59.2400,0.05,2194487007.75
0,2023-07-03,2023-07-31,252,21,1575,0,16.6199,2.006011,3.904634,601.4500,0.05,326705352.75
0,2023-07-03,2023-07-31,267,21,1575,0,18.9610,3.267347,4.104967,402.5500,0.05,486759276.15
0,2023-07-03,2023-07-31,273,21,1575,0,18.8638,3.371957,3.542670,1152.5500,0.05,990211022.4
0,2023-07-03,2023-07-31,279,21,1575,2,15.1704,2.324782,2.637836,1029.7500,0.05,1542922410.15
0,2023-07-03,2023-07-31,283,21,1575,0,10.4870,1.589483,2.484445,215.0000,0.05,1449671819.8
0,2023-07-03,2023-07-31,284,21,1575,1,29.8203,1.284607,5.580979,327.5000,0.05,346561302.8
0,2023-07-03,2023-07-31,285,21,1575,0,18.6426,1.822219,3.214151,1831.0000,0.05,407263634.8
0,2023-07-03,2023-07-31,288,21,1575,5,14.9750,1.825118,2.698753,543.9500,0.05,746269969.5
0,2023-07-03,2023-07-31,302,21,1575,0,13.7091,2.856420,3.041156,291.0500,0.05,517186682.5
0,2023-07-03,2023-07-31,306,21,1575,0,14.4549,2.176675,2.977959,1907.9000,0.05,820446342.8
0,2023-07-03,2023-07-31,311,21,1575,0,13.3345,2.903207,2.742253,576.9000,0.05,883108946.3
0,2023-07-03,2023-07-31,345,21,1575,0,14.5723,1.975286,2.785805,3663.8000,0.05,1243544154.9
0,2023-07-03,2023-07-31,346,21,1575,0,17.9129,0.000000,3.455041,4262.0000,0.05,862181496.0
0,2023-07-03,2023-07-31,347,21,1575,0,16.1441,0.000000,2.951894,498.1000,0.05,1486548676.8
0,2023-07-03,2023-07-31,356,21,1575,4,13.4873,1.163770,2.389144,1041.4000,0.05,1435782818.15
0,2023-07-03,2023-07-31,368,21,1575,0,14.3542,1.513040,2.965422,3330.0500,0.05,1924819819.5
0,2023-07-03,2023-07-31,409,21,1575,0,18.9501,1.537489,3.565463,134.0000,0.05,1300491273.6
0,2023-07-03,2023-07-31,430,21,1575,0,16.8551,0.000000,3.334649,97.6000,0.05,1034298645.3
0,2023-07-03,2023-07-31,465,21,1575,0,19.4053,1.412224,3.447367,702.2500,0.05,384402173.85
0,2023-07-03,2023-07-31,479,21,1575,0,14.2638,3.073598,2.826634,1058.2500,0.05,834147492.8
0,2023-07-03,2023-07-31,481,21,1575,0,17.8193,2.318518,3.502911,1620.2000,0.05,632741880.5
0,2023-07-03,2023-07-31,496,21,1575,0,13.5131,1.299837,2.516408,1771.5000,0.05,972399684.55
0,2023-07-03,2023-07-31,524,21,1575,0,14.0027,1.787740,2.804223,1921.6000,0.05,2192752930.5
0,2023-07-03,2023-07-31,529,21,1575,0,19.8072,0.000000,3.379281,1300.4000,0.05,767789262.75
0,2023-07-03,2023-07-31,534,21,1575,0,14.3380,0.264173,2.797707,1129.3000,0.05,2539624090.5
0,2023-07-03,2023-07-31,536,21,1575,3,20.0634,1.520149,3.295978,1140.1000,0.05,523683119.0
0,2023-07-03,2023-07-31,537,21,1575,0,11.5730,1.444723,2.485661,838.4000,0.05,11336075778.4
0,2023-07-03,2023-07-31,538,21,1575,0,16.4391,1.480294,3.264337,659.9000,0.05,1672096286.85
0,2023-07-03,2023-07-31,546,21,1575,0,16.3270,2.708816,3.137077,2936.3000,0.05,1205042075.2
0,2023-07-03,2023-07-31,556,21,1575,0,14.1095,0.000000,2.899750,438.2000,0.05,2851502302.5
0,2023-07-03,2023-07-31,562,21,1575,0,22.6254,2.863288,4.239272,162.3500,0.05,769103428.8
0,2023-07-03,2023-07-31,563,21,1575,0,11.0761,0.291732,2.152782,2671.6000,0.05,3537191360.0
0,2023-07-03,2023-07-31,590,21,1575,0,12.0227,1.087551,2.530929,962.2500,0.05,10896647148.0
0,2023-07-03,2023-07-31,593,21,1575,0,18.6742,3.521550,3.532003,1361.5500,0.05,627574909.5
0,2023-07-03,2023-07-31,603,21,1575,0,18.3837,0.000000,3.304472,575.5500,0.05,629072572.5
0,2023-07-03,2023-07-31,609,21,1575,1,52.4079,31.690455,29.793431,7.6000,0.05,619994100.0
0,2023-07-03,2023-07-31,611,21,1575,0,19.9881,3.463274,4.600590,81.8500,0.05,1666196363.7
0,2023-07-03,2023-07-31,612,21,1575,0,13.6758,0.000000,3.440942,124.0500,0.05,716150571.6
0,2023-07-03,2023-07-31,627,21,1575,0,15.2868,1.994730,3.077361,389.9500,0.05,1268157366.0
0,2023-07-03,2023-07-31,631,21,1575,0,20.6860,3.975135,4.347544,309.9000,0.05,391891164.0
0,2023-07-03,2023-07-31,634,21,1575,0,14.5062,1.477925,2.556233,2658.7000,0.05,1041642497.7
0,2023-07-03,2023-07-31,647,21,1575,0,13.6363,1.639071,3.042410,1393.5000,0.05,3449082128.8
0,2023-07-03,2023-07-31,653,21,1575,0,11.6100,0.000000,2.314929,1315.8000,0.05,7781941248.9
0,2023-07-03,2023-07-31,663,21,1575,0,18.1914,3.085777,3.813284,79.1200,0.05,834889282.25
0,2023-07-03,2023-07-31,672,21,1575,0,16.9118,0.000000,2.526345,389.2500,0.05,3644036765.0
0,2023-07-03,2023-07-31,698,21,1575,0,17.8924,1.769974,3.237408,632.8000,0.05,1391887779.75
0,2023-07-03,2023-07-31,722,21,1575,0,18.1458,2.409836,3.065654,797.8000,0.05,1335285179.85
0,2023-07-03,2023-07-31,725,21,1575,0,15.7829,0.000000,3.074098,475.7000,0.05,1104655732.95
0,2023-07-03,2023-07-31,750,21,1575,0,24.6727,0.000000,4.340457,2439.6500,0.05,277473080.65
0,2023-07-03,2023-07-31,771,21,1575,1,11.6432,2.174053,2.879387,375.6000,0.05,5100865891.2
0,2023-07-03,2023-07-31,780,21,1575,0,26.4344,4.282997,4.392009,1068.5500,0.05,926206838.05
0,2023-07-03,2023-07-31,798,21,1575,0,22.8785,0.000000,3.822902,352.0000,0.05,526583635.2
0,2023-07-03,2023-07-31,805,21,1575,0,15.1902,1.194999,2.922472,383.4000,0.05,640127184.0
0,2023-07-03,2023-07-31,818,21,1575,0,12.2989,1.244868,2.515125,2479.4500,0.05,3618566147.1
0,2023-07-03,2023-07-31,823,21,1575,0,13.8936,2.284287,2.811240,932.9000,0.05,528521327.7
0,2023-07-03,2023-07-31,827,21,1575,0,14.4809,3.006529,2.812137,1541.3000,0.05,2993960010.3
0,2023-07-03,2023-07-31,838,21,1575,0,29.6433,7.032475,7.724240,32.0500,0.05,288564409.5
0,2023-07-03,2023-07-31,853,21,1575,0,21.4868,2.262767,3.949652,129.2500,0.05,652945420.55
0,2023-07-03,2023-07-31,863,21,1575,0,15.4253,2.353731,2.910084,534.7500,0.05,590739757.4
0,2023-07-03,2023-07-31,865,21,1575,0,11.4056,1.486721,2.320151,9740.4000,0.05,4055401349.4
0,2023-07-03,2023-07-31,878,21,1575,516,25.7732,8.869983,5.948095,321.0000,0.05,367501509.0
0,2023-07-03,2023-07-31,886,21,1575,0,16.3606,3.625938,3.295504,813.7000,0.05,397503271.8
0,2023-07-03,2023-07-31,910,21,1575,1,22.2196,0.000000,3.867964,1971.7000,0.05,928720330.8
0,2023-07-03,2023-07-31,925,21,1575,0,14.3798,2.325146,3.038562,1293.0000,0.05,563428751.0
0,2023-07-03,2023-07-31,938,21,1575,0,16.1447,3.203606,3.583592,89.9800,0.05,818980314.25
0,2023-07-03,2023-07-31,939,21,1575,4,14.7414,3.610463,3.468557,915.5000,0.05,1086275343.5
0,2023-07-03,2023-07-31,956,21,1575,1,12.9097,2.071272,2.438164,1142.3000,0.05,1013381953.7
0,2023-07-03,2023-07-31,970,21,1575,0,21.6518,5.195539,6.025009,46.7000,0.05,418830027.75
0,2023-07-03,2023-07-31,982,21,1575,165,14.8552,5.363999,4.536642,32.3000,0.05,889610328.2
0,2023-07-03,2023-07-31,990,21,1575,0,14.5851,0.000000,2.700718,193.4500,0.05,1718937217.95
0,2023-07-03,2023-07-31,994,21,1575,0,19.3456,2.216767,3.892662,1055.0000,0.05,495223037.75
0,2023-07-03,2023-07-31,997,21,1575,3,11.9679,3.465530,3.206686,170.4500,0.05,292488291.2
0,2023-07-03,2023-07-31,1007,21,1575,0,11.2433,2.500189,2.725643,151.3500,0.05,1727434037.1
0,2023-07-03,2023-07-31,1028,21,1575,0,13.3002,2.116317,2.650851,36800.0000,0.05,771781197.75
0,2023-07-03,2023-07-31,1049,21,1575,0,16.9161,3.056333,3.439554,2409.0000,0.05,1165554542.3
0,2023-07-03,2023-07-31,1050,21,1575,2,12.2197,2.603929,2.580718,208.3500,0.05,353814520.5
0,2023-07-03,2023-07-31,1051,21,1575,0,20.3507,0.000000,3.740264,180.7000,0.05,858890964.1
0,2023-07-03,2023-07-31,1061,21,1575,0,12.4799,2.154841,2.536721,1311.4000,0.05,739877904.45
0,2023-07-03,2023-07-31,1062,21,1575,0,15.6938,2.630448,2.977663,3645.3000,0.05,785712873.9
0,2023-07-03,2023-07-31,1068,21,1575,0,25.3801,1.219797,5.109772,58.0800,0.05,2161052427.0
0,2023-07-03,2023-07-31,1070,21,1575,0,23.2286,4.535294,4.816249,628.0500,0.05,263295937.75
0,2023-07-03,2023-07-31,1076,21,1575,1,20.3871,0.000000,3.554649,3915.9000,0.05,709135483.95
0,2023-07-03,2023-07-31,1080,21,1575,2,14.6766,0.412596,2.745240,184.4000,0.05,1896131333.7
0,2023-07-03,2023-07-31,1132,21,1575,0,33.6884,0.000000,5.673532,216.4000,0.05,1494323745.75
0,2023-07-03,2023-07-31,1135,21,1575,0,20.6199,0.000000,4.040029,166.2000,0.05,789968181.3
0,2023-07-03,2023-07-31,1140,21,1566,0,13.7483,0.000000,2.147276,1268.1000,0.05,12781933965.0
0,2023-07-03,2023-07-31,1173,21,1575,0,26.8376,0.000000,4.338414,122.2000,0.05,567903177.0
0,2023-07-03,2023-07-31,1179,21,1575,0,14.5977,2.391231,3.330514,90.2500,0.05,1279839040.0
0,2023-07-03,2023-07-31,1206,21,1575,0,13.7889,2.302116,2.696119,845.7500,0.05,825462752.4
0,2023-07-03,2023-07-31,1208,21,1575,0,13.2568,2.137291,2.730453,1301.7500,0.05,1169868167.6
0,2023-07-03,2023-07-31,1209,21,1575,0,12.2862,1.514300,2.702376,595.1500,0.05,7099620923.0
0,2023-07-03,2023-07-31,1250,21,1575,0,13.0021,3.324502,2.703712,24049.9000,0.05,890413248.0
0,2023-07-03,2023-07-31,1261,21,1575,0,16.8159,0.000000,2.743534,2833.9000,0.05,956659985.6
0,2023-07-03,2023-07-31,1305,21,1575,0,15.9142,0.000000,2.830280,2205.7500,0.05,1153186812.8
0,2023-07-03,2023-07-31,1334,21,1575,0,13.7605,2.172096,2.691584,1075.1000,0.05,2064266806.8
0,2023-07-03,2023-07-31,1349,21,1575,383,41.8562,11.924238,9.306950,18.0000,0.05,670222222.2
0,2023-07-03,2023-07-31,1366,21,1575,0,12.4118,2.117117,2.680199,844.1000,0.05,865703937.0
0,2023-07-03,2023-07-31,1367,21,1575,0,10.9010,1.870369,2.469602,7513.0500,0.05,1189506134.0
0,2023-07-03,2023-07-31,1372,21,1575,0,13.4196,1.527171,2.799176,222.1000,0.05,2030283914.5
0,2023-07-03,2023-07-31,1373,21,1575,0,13.9879,0.983512,2.988000,109.8400,0.05,4485178197.5
0,2023-07-03,2023-07-31,1383,21,1575,0,11.2525,0.961975,2.204647,3382.9500,0.05,5640717573.4
0,2023-07-03,2023-07-31,1386,21,1575,0,18.0020,0.000000,3.576974,1087.1000,0.05,2395404867.7
0,2023-07-03,2023-07-31,1406,21,1575,1,18.0587,3.198143,3.983520,3184.0500,0.05,581270952.0
0,2023-07-03,2023-07-31,1415,21,1575,0,10.9477,2.241898,2.440103,3035.1000,0.05,2341796073.4
0,2023-07-03,2023-07-31,1420,21,1575,0,14.1983,2.508572,2.617261,1933.3500,0.05,360100602.7
0,2023-07-03,2023-07-31,1426,21,1575,0,16.1964,2.501073,3.262675,1140.0000,0.05,707158340.55
0,2023-07-03,2023-07-31,1438,21,1575,0,17.6511,0.000000,2.886563,1340.0000,0.05,1274256565.0
0,2023-07-03,2023-07-31,1451,21,1575,7,11.3646,1.761253,2.365141,8154.0000,0.05,2265588437.9
0,2023-07-03,2023-07-31,1455,21,1575,0,23.7523,3.570186,4.829847,74.2700,0.05,582532662.55
0,2023-07-03,2023-07-31,1461,21,1575,0,9.8528,2.323364,2.198648,613.8500,0.05,1256428089.4
0,2023-07-03,2023-07-31,1480,21,1575,0,14.8557,3.160484,3.344831,326.5000,0.05,1745778483.4
0,2023-07-03,2023-07-31,1481,21,1575,2,10.9502,2.221436,2.811360,124.1000,0.05,2583211375.0
0,2023-07-03,2023-07-31,1510,21,1575,0,12.0304,1.542162,2.466866,763.8500,0.05,904197090.4
0,2023-07-03,2023-07-31,1532,21,1575,2,11.7882,0.206624,2.420691,191.3500,0.05,1805005632.2
0,2023-07-03,2023-07-31,1539,21,1575,0,27.8112,14.374009,13.008196,17.3000,0.05,1647684105.6
0,2023-07-03,2023-07-31,9424,21,1575,0,12.4353,1.769272,2.539645,3756.0000,0.05,1094508936.0
0,2023-07-03,2023-07-31,9486,21,1575,0,16.4984,4.743012,3.844436,64.0300,0.05,808171590.1
0,2023-07-03,2023-07-31,9674,21,1575,0,14.1534,2.534546,2.819577,598.9000,0.05,390041433.6
0,2023-07-03,2023-07-31,9752,21,1575,0,22.5452,0.000000,3.545496,841.2000,0.05,1620010133.0
0,2023-07-03,2023-07-31,9754,21,1575,0,21.1262,6.245354,6.887760,33.1000,0.05,484951729.5
0,2023-07-03,2023-07-31,9882,21,1575,0,20.5551,2.052345,3.818764,160.9000,0.05,483934978.75
0,2023-07-03,2023-07-31,9894,21,1575,0,9.8617,1.357438,2.565733,305.7000,0.05,673370109.9
0,2023-07-03,2023-07-31,9973,21,1575,1,17.3625,4.269416,3.522847,943.0000,0.05,1116140099.5
0,2023-07-03,2023-07-31,9983,21,1575,0,18.3891,0.000000,3.660130,547.2500,0.05,500805947.25
0,2023-07-03,2023-07-31,10038,21,1575,0,21.9139,4.157787,4.213027,400.7500,0.05,326856724.2
0,2023-07-03,2023-07-31,10071,21,1575,0,19.2705,2.897857,3.612130,145.0000,0.05,889543808.8
0,2023-07-03,2023-07-31,10188,21,1575,0,28.3186,3.450745,5.073221,706.4500,0.05,342037925.9
0,2023-07-03,2023-07-31,10431,21,1575,0,29.4583,3.062236,5.386967,173.2000,0.05,305273304.05
0,2023-07-03,2023-07-31,11084,21,1575,0,18.7090,0.000000,3.589401,358.0500,0.05,722933274.25
0,2023-07-03,2023-07-31,11452,21,1575,0,22.1798,0.967902,4.158647,714.7000,0.05,668029401.9
0,2023-07-03,2023-07-31,11457,21,1575,4,22.8689,0.000000,4.430635,162.3000,0.05,494826491.9
0,2023-07-03,2023-07-31,11480,21,1575,0,17.0370,4.381621,4.164001,608.3000,0.05,718133899.8
0,2023-07-03,2023-07-31,11705,21,1575,158,38.3705,0.000000,5.641478,861.4500,0.05,1079179140.5
1,2023-08-01,2023-08-30,15,21,1575,0,16.4578,3.237922,3.180949,4346.7500,0.05,982081835.675
1,2023-08-01,2023-08-30,17,21,1575,0,18.3657,3.975937,3.965260,184.9500,0.05,433549164.35
1,2023-08-01,2023-08-30,24,21,1575,0,23.0729,2.379973,4.445277,2438.6000,0.05,8351972969.55
1,2023-08-01,2023-08-30,26,21,1575,0,25.2625,4.464528,4.342464,981.0500,0.05,1918082339.9
1,2023-08-01,2023-08-30,27,21,1575,0,21.0093,0.000000,4.075849,802.0000,0.05,4386869439.575
1,2023-08-01,2023-08-30,28,21,1575,0,37.1063,0.000000,5.880304,57.1500,0.05,1062616937.25
1,2023-08-01,2023-08-30,58,21,1575,0,15.5544,5.496410,3.037579,3802.1000,0.05,309931088.0
1,2023-08-01,2023-08-30,70,21,1575,0,20.7868,1.095680,3.861148,457.2500,0.05,2966028899.575
1,2023-08-01,2023-08-30,87,21,1575,0,22.1817,0.000000,3.872530,1573.2500,0.05,467634426.675
1,2023-08-01,2023-08-30,90,21,1575,0,13.0574,1.901619,2.725246,4929.0000,0.05,1756614179.8
1,2023-08-01,2023-08-30,118,21,1575,71,14.8465,3.389483,3.337284,90.9000,0.05,1372485528.6
1,2023-08-01,2023-08-30,120,21,1575,0,9.4522,1.767720,2.345662,3250.0000,0.05,2657149230.3500004
1,2023-08-01,2023-08-30,125,21,1575,0,19.5829,0.000000,3.661082,1989.6500,0.05,737540300.45
1,2023-08-01,2023-08-30,133,21,1575,0,16.8802,3.603959,3.913381,725.0000,0.05,942070247.4
1,2023-08-01,2023-08-30,135,21,1575,0,18.1272,2.550867,3.484886,848.1000,0.05,678975086.45
1,2023-08-01,2023-08-30,143,21,1575,0,11.8433,2.452458,3.033933,949.9000,0.05,7695384191.725
1,2023-08-01,2023-08-30,150,21,1575,3,10.3468,2.122372,2.418349,4525.5000,0.05,1224907704.4
1,2023-08-01,2023-08-30,153,21,1575,0,12.4364,2.353866,2.924006,1495.3000,0.05,2506513515.075
1,2023-08-01,2023-08-30,156,21,1575,71,12.5404,2.911380,3.046940,712.0000,0.05,6005058291.425
1,2023-08-01,2023-08-30,168,21,1575,0,15.5414,0.000000,3.243593,230.4000,0.05,1731121436.55
1,2023-08-01,2023-08-30,170,21,1575,0,16.4101,2.518410,3.550554,172.5000,0.05,3597336735.35
1,2023-08-01,2023-08-30,172,21,1575,0,21.7898,1.803547,4.303621,81.5800,0.05,735714390.25
1,2023-08-01,2023-08-30,182,21,1575,1,23.8683,2.735986,3.871075,569.1000,0.05,589666797.3
1,2023-08-01,2023-08-30,185,21,1575,0,15.5230,3.406476,3.766634,130.8500,0.05,1386201488.275
1,2023-08-01,2023-08-30,196,21,1575,0,19.8478,2.600334,3.366883,958.1000,0.05,877288564.7
1,2023-08-01,2023-08-30,200,21,1575,0,12.1559,1.587729,2.529344,870.4500,0.05,3840066333.6499996
1,2023-08-01,2023-08-30,201,21,1575,2,25.3147,0.000000,4.356734,101.4500,0.05,1364095297.6
1,2023-08-01,2023-08-30,206,21,1575,0,18.3303,0.000000,3.379432,258.7000,0.05,617387740.4000001
1,2023-08-01,2023-08-30,220,21,1575,8,11.9484,3.114735,2.346069,18289.0000,0.05,410819516.9
1,2023-08-01,2023-08-30,221,21,1575,10,12.9903,1.820537,2.875378,155.0500,0.05,941967544.875
1,2023-08-01,2023-08-30,225,21,1575,0,10.2191,2.617316,2.262232,4525.5000,0.05,1155116705.625
1,2023-08-01,2023-08-30,228,21,1575,81,27.7964,3.996782,5.866509,294.0000,0.05,316088029.4
1,2023-08-01,2023-08-30,239,21,1575,17,17.0056,2.588871,3.636688,58.5300,0.05,2230275016.825
1,2023-08-01,2023-08-30,252,21,1575,0,15.3484,2.233524,3.396037,585.8000,0.05,345597207.525
1,2023-08-01,2023-08-30,267,21,1575,0,17.8538,3.416531,3.703284,408.9000,0.05,499950291.725
1,2023-08-01,2023-08-30,273,21,1575,0,18.2408,0.000000,3.801809,1066.8000,0.05,1026631896.2
1,2023-08-01,2023-08-30,279,21,1575,0,14.1875,2.109588,2.761428,1233.1500,0.05,1545791161.2
1,2023-08-01,2023-08-30,283,21,1575,1,11.9333,1.781471,2.665744,215.4000,0.05,1454652494.5
1,2023-08-01,2023-08-30,284,21,1575,0,36.0906,0.000000,5.514047,398.0000,0.05,428278514.4
1,2023-08-01,2023-08-30,285,21,1575,0,15.3732,2.559112,2.756092,1980.3000,0.05,420035397.9
1,2023-08-01,2023-08-30,288,21,1575,0,14.6640,2.784813,2.963335,534.7000,0.05,739056639.375
1,2023-08-01,2023-08-30,302,21,1575,0,18.5184,0.000000,3.592952,299.0000,0.05,513536674.425
1,2023-08-01,2023-08-30,306,21,1575,0,18.1948,1.933970,3.287385,1747.6000,0.05,831847728.925
1,2023-08-01,2023-08-30,311,21,1575,0,12.5792,2.291780,2.394020,563.8000,0.05,872488128.2
1,2023-08-01,2023-08-30,345,21,1575,0,16.2229,3.684157,3.134386,3673.7000,0.05,1255847680.65
1,2023-08-01,2023-08-30,346,21,1575,0,24.5386,0.000000,4.114072,4803.9000,0.05,886916397.55
1,2023-08-01,2023-08-30,347,21,1575,0,14.6592,0.000000,2.921439,485.5000,0.05,1501515881.625
1,2023-08-01,2023-08-30,356,21,1575,0,11.5798,2.228885,2.538378,1165.5500,0.05,1424264126.025
1,2023-08-01,2023-08-30,368,21,1575,0,13.0610,3.312554,2.800823,3357.7000,0.05,1971812517.3
1,2023-08-01,2023-08-30,409,21,1575,0,15.3989,1.888259,3.512328,134.4000,0.05,1383948827.5
1,2023-08-01,2023-08-30,430,21,1575,0,16.7758,3.050895,3.494334,103.4000,0.05,1080728085.2
1,2023-08-01,2023-08-30,465,21,1575,0,18.2334,2.359080,3.151935,781.8000,0.05,418064201.65
1,2023-08-01,2023-08-30,479,21,1575,0,12.7043,1.557697,2.544596,1023.8000,0.05,839995327.05
1,2023-08-01,2023-08-30,481,21,1575,0,17.8881,2.566689,3.560247,1558.7500,0.05,640245763.6
1,2023-08-01,2023-08-30,496,21,1575,0,12.5851,2.550148,2.798827,1802.8500,0.05,967680636.75
1,2023-08-01,2023-08-30,524,21,1575,0,15.3692,2.490879,2.733799,1925.0500,0.05,2563027735.875
1,2023-08-01,2023-08-30,529,21,1575,0,12.1908,2.772068,2.458631,1314.1500,0.05,767511042.675
1,2023-08-01,2023-08-30,534,21,1575,0,11.6196,1.656966,2.519485,1159.2000,0.05,2508431809.2749996
1,2023-08-01,2023-08-30,536,21,1575,5,17.9573,2.917732,3.568413,1203.2000,0.05,579556177.825
1,2023-08-01,2023-08-30,537,21,1575,0,8.6106,1.874814,2.241373,801.0000,0.05,12780173520.099998
1,2023-08-01,2023-08-30,538,21,1575,0,12.7223,1.957451,2.956357,634.7000,0.05,1769094034.8
1,2023-08-01,2023-08-30,546,21,1575,0,17.1190,2.714182,3.192812,2795.8500,0.05,1259248228.65
1,2023-08-01,2023-08-30,556,21,1575,0,14.9928,1.938135,3.150973,455.0500,0.05,2754358687.3
1,2023-08-01,2023-08-30,562,21,1575,0,15.7998,3.091346,3.734974,144.0500,0.05,791414271.9
1,2023-08-01,2023-08-30,563,21,1575,0,8.8754,2.094991,2.057564,2550.2000,0.05,3479670050.0
1,2023-08-01,2023-08-30,590,21,1575,0,10.4677,2.201788,2.525323,967.4000,0.05,11634573610.525002
1,2023-08-01,2023-08-30,593,21,1575,0,15.9391,3.179900,3.387859,1350.9000,0.05,635332608.6
1,2023-08-01,2023-08-30,603,21,1575,0,16.6322,3.504284,3.514619,555.5000,0.05,669679148.325
1,2023-08-01,2023-08-30,609,21,1575,0,51.0417,30.750057,28.152717,8.1000,0.05,658641705.15
1,2023-08-01,2023-08-30,611,21,1575,0,15.7489,2.997426,4.032072,88.4500,0.05,1844459310.6
1,2023-08-01,2023-08-30,612,21,1575,0,16.1272,2.195916,3.670978,126.0500,0.05,690445632.9
1,2023-08-01,2023-08-30,627,21,1575,0,15.4401,2.802755,3.310400,392.3500,0.05,1316083024.925
1,2023-08-01,2023-08-30,631,21,1575,0,29.9479,0.000000,4.338887,372.0000,0.05,421875939.625
1,2023-08-01,2023-08-30,634,21,1575,0,15.7010,2.792284,3.072468,2490.2500,0.05,1134715727.0
1,2023-08-01,2023-08-30,647,21,1575,0,12.4724,0.665634,2.860011,1399.5000,0.05,3509939250.05
1,2023-08-01,2023-08-30,653,21,1575,0,8.0267,0.976125,1.990267,1363.5000,0.05,8139325445.65
1,2023-08-01,2023-08-30,663,21,1575,0,11.1216,3.380261,3.497863,76.4100,0.05,880231706.325
1,2023-08-01,2023-08-30,672,21,1575,0,10.1570,0.899833,2.426041,371.3500,0.05,3733344983.25
1,2023-08-01,2023-08-30,698,21,1575,0,15.6304,0.706375,3.389876,656.7500,0.05,1388910418.5
1,2023-08-01,2023-08-30,720,21,1575,0,29.9152,6.470998,5.942106,347.1500,0.05,309470502.67499995
1,2023-08-01,2023-08-30,722,21,1575,0,12.7029,1.963850,2.794744,797.6500,0.05,1323417693.7
1,2023-08-01,2023-08-30,725,21,1575,0,16.7395,2.811029,3.502092,489.0000,0.05,1075921706.075
1,2023-08-01,2023-08-30,750,21,1575,0,21.4503,3.656701,4.463117,2425.9000,0.05,286547097.92499995
1,2023-08-01,2023-08-30,771,21,1575,1,10.0413,2.588873,2.756301,358.0000,0.05,5642443387.075001
1,2023-08-01,2023-08-30,780,21,1575,0,19.2684,2.397442,3.435637,1144.9000,0.05,959845230.375
1,2023-08-01,2023-08-30,798,21,1575,0,20.2837,4.149404,4.205038,389.5000,0.05,529045252.25
1,2023-08-01,2023-08-30,805,21,1575,0,19.6613,0.000000,3.248336,419.4500,0.05,659186275.825
1,2023-08-01,2023-08-30,818,21,1575,0,10.7517,2.106337,2.399090,2650.5000,0.05,3675868095.6
1,2023-08-01,2023-08-30,823,21,1575,0,17.9459,0.000000,3.291034,1087.4000,0.05,557023505.0250001
1,2023-08-01,2023-08-30,827,21,1575,0,16.0960,1.724606,2.780166,1541.0000,0.05,2987698068.525
1,2023-08-01,2023-08-30,838,21,1575,0,29.1420,4.902669,6.880687,38.3500,0.05,348803760.92499995
1,2023-08-01,2023-08-30,853,21,1575,0,25.8618,3.067112,4.455105,145.0500,0.05,690101475.275
1,2023-08-01,2023-08-30,863,21,1575,0,12.1234,2.336504,2.649999,560.6500,0.05,600935222.95
1,2023-08-01,2023-08-30,865,21,1575,0,10.2346,1.239595,2.067188,9513.8500,0.05,4049599087.7
1,2023-08-01,2023-08-30,878,21,1575,627,19.8549,8.464896,5.258498,319.0000,0.05,387205301.92499995
1,2023-08-01,2023-08-30,886,21,1575,0,24.5447,5.797645,4.437185,857.0000,0.05,401660249.1
1,2023-08-01,2023-08-30,910,21,1575,0,19.0929,3.009489,3.760888,2179.3000,0.05,902310135.125
1,2023-08-01,2023-08-30,925,21,1575,0,15.9325,3.015148,3.196242,1294.0000,0.05,543890360.275
1,2023-08-01,2023-08-30,938,21,1575,0,14.8928,4.033543,4.004623,89.7800,0.05,770193902.875
1,2023-08-01,2023-08-30,939,21,1575,11,18.6781,2.214785,3.590906,864.5000,0.05,1083358441.35
1,2023-08-01,2023-08-30,956,21,1575,1,9.9285,2.673084,2.376388,1105.2000,0.05,1026905604.675
1,2023-08-01,2023-08-30,970,21,1575,0,17.9024,4.613733,5.389161,49.9500,0.05,464732939.20000005
1,2023-08-01,2023-08-30,982,21,1575,120,17.1440,5.246700,4.880662,34.0000,0.05,883593893.4
1,2023-08-01,2023-08-30,990,21,1575,0,13.1072,2.408629,2.703328,218.5000,0.05,1756332085.35
1,2023-08-01,2023-08-30,994,21,1575,0,19.8482,3.569343,3.556375,1090.7000,0.05,492115038.0
1,2023-08-01,2023-08-30,997,21,1575,13,17.0110,3.123828,3.180676,185.4500,0.05,268382246.475
1,2023-08-01,2023-08-30,1007,21,1575,5,11.4778,2.581747,2.589473,158.7500,0.05,1603727755.8
1,2023-08-01,2023-08-30,1028,21,1575,0,16.5916,3.879920,2.992817,39700.0000,0.05,799170450.475
1,2023-08-01,2023-08-30,1049,21,1575,0,15.6007,1.988983,3.161170,2462.3000,0.05,1191989638.1999998
1,2023-08-01,2023-08-30,1050,21,1575,0,11.2026,2.396311,2.406061,206.3500,0.05,358186181.15
1,2023-08-01,2023-08-30,1051,21,1575,0,20.8277,0.000000,3.904932,214.7000,0.05,981862180.825
1,2023-08-01,2023-08-30,1061,21,1575,1,12.0734,1.945063,2.598812,1271.2000,0.05,761817320.975
1,2023-08-01,2023-08-30,1062,21,1575,0,15.7579,3.505732,3.034011,3725.5000,0.05,806674724.85
1,2023-08-01,2023-08-30,1068,21,1575,0,18.0346,4.337720,4.615566,58.6400,0.05,2546814272.025
1,2023-08-01,2023-08-30,1070,21,1575,0,21.5220,3.269867,4.221925,644.3000,0.05,309182247.15
1,2023-08-01,2023-08-30,1076,21,1575,0,17.0496,0.283420,3.143496,4791.7500,0.05,760228882.575
1,2023-08-01,2023-08-30,1080,21,1575,2,12.3430,1.801361,2.491832,183.2500,0.05,1918397671.2
1,2023-08-01,2023-08-30,1132,21,1575,0,23.5586,1.781690,4.155349,221.9000,0.05,1585821712.75
1,2023-08-01,2023-08-30,1135,21,1575,0,23.7640,0.000000,4.229327,224.9000,0.05,865410834.9000001
1,2023-08-01,2023-08-30,1140,21,1575,0,11.7716,0.000000,2.224603,1259.0000,0.05,12948494841.325
1,2023-08-01,2023-08-30,1173,21,1575,0,20.5578,3.873585,4.538946,124.9000,0.05,844598967.1500001
1,2023-08-01,2023-08-30,1179,21,1575,0,14.4354,3.039476,3.583376,88.2500,0.05,1208544158.65
1,2023-08-01,2023-08-30,1206,21,1575,0,13.4700,1.689091,2.809786,850.2000,0.05,856658206.5
1,2023-08-01,2023-08-30,1208,21,1575,0,13.1034,2.640605,3.001011,1292.7500,0.05,1187981134.7
1,2023-08-01,2023-08-30,1209,21,1575,0,12.5910,1.480536,2.557049,572.6500,0.05,7340573744.575001
1,2023-08-01,2023-08-30,1250,21,1575,0,10.6195,2.588961,2.030965,24015.6000,0.05,896324987.125
1,2023-08-01,2023-08-30,1261,21,1575,0,14.3827,1.660882,2.725645,2856.7500,0.05,968959497.1
1,2023-08-01,2023-08-30,1305,21,1575,0,12.2483,2.408827,2.757567,2295.4500,0.05,1162936413.275
1,2023-08-01,2023-08-30,1334,21,1575,0,14.1401,1.930623,2.970146,1136.0000,0.05,2072212720.6999998
1,2023-08-01,2023-08-30,1349,21,1575,413,35.0297,10.368196,8.441658,19.9500,0.05,826179287.7
1,2023-08-01,2023-08-30,1366,21,1575,0,10.0172,1.947251,2.302536,831.4000,0.05,869456915.3
1,2023-08-01,2023-08-30,1367,21,1575,0,9.7996,2.093360,2.231412,7181.0000,0.05,1095493331.125
1,2023-08-01,2023-08-30,1372,21,1575,0,17.2188,1.396013,3.156479,236.4500,0.05,1886010476.1
1,2023-08-01,2023-08-30,1373,21,1575,0,12.3219,2.970726,3.206811,112.1800,0.05,4297846258.1
1,2023-08-01,2023-08-30,1383,21,1575,0,8.2860,1.144841,1.782792,3423.0000,0.05,5519463472.9
1,2023-08-01,2023-08-30,1386,21,1575,0,14.1244,0.000000,2.948480,1128.1000,0.05,2443445707.5
1,2023-08-01,2023-08-30,1406,21,1575,0,18.8590,3.657583,3.938052,2875.0500,0.05,551813645.1500001
1,2023-08-01,2023-08-30,1415,21,1575,0,11.7435,2.363657,2.508999,3017.9000,0.05,2265955445.375
1,2023-08-01,2023-08-30,1420,21,1575,2,16.2646,3.669396,2.927657,1978.2000,0.05,362686413.7
1,2023-08-01,2023-08-30,1426,21,1575,0,19.4711,2.688212,3.824639,1299.3000,0.05,696440725.725
1,2023-08-01,2023-08-30,1438,21,1575,0,15.9431,2.979413,3.094398,1350.0500,0.05,1293077844.0
1,2023-08-01,2023-08-30,1451,21,1575,18,9.7814,2.192089,2.016419,8016.0000,0.05,2274376459.05
1,2023-08-01,2023-08-30,1455,21,1575,0,21.8456,0.000000,4.370308,81.5900,0.05,710950007.425
1,2023-08-01,2023-08-30,1461,21,1575,0,10.9857,0.000000,2.227167,572.7000,0.05,1288774822.125
1,2023-08-01,2023-08-30,1480,21,1575,1,19.0614,3.105256,3.489818,347.9000,0.05,1771446879.2
1,2023-08-01,2023-08-30,1481,21,1575,2,16.8004,0.000000,2.999369,104.4500,0.05,2434673514.7
1,2023-08-01,2023-08-30,1510,21,1575,0,16.0910,1.888153,3.137146,823.8000,0.05,899236625.925
1,2023-08-01,2023-08-30,1532,21,1575,1,9.7313,1.538080,2.324046,197.0000,0.05,1763521102.0
1,2023-08-01,2023-08-30,1539,21,1575,0,24.3352,14.741862,13.284529,16.9500,0.05,1740444013.75
1,2023-08-01,2023-08-30,9424,21,1575,0,10.9006,2.144444,2.382796,3598.0000,0.05,1060926873.55
1,2023-08-01,2023-08-30,9486,21,1575,0,17.8855,2.766029,4.007517,64.2000,0.05,849921767.775
1,2023-08-01,2023-08-30,9674,21,1575,0,16.9087,2.978762,3.583576,647.3000,0.05,404910931.35
1,2023-08-01,2023-08-30,9752,21,1575,0,21.2460,0.000000,3.920600,857.4500,0.05,1626217512.025
1,2023-08-01,2023-08-30,9754,21,1575,0,33.9979,0.000000,6.281334,48.4500,0.05,633271371.15
1,2023-08-01,2023-08-30,9882,21,1575,0,20.1985,1.706193,3.795925,164.0000,0.05,568343625.75
1,2023-08-01,2023-08-30,9894,21,1575,1,12.8026,2.177956,3.028520,319.1000,0.05,640865953.675
1,2023-08-01,2023-08-30,9973,21,1575,2,20.4247,3.021117,3.678276,1001.5000,0.05,1031660340.7
1,2023-08-01,2023-08-30,9983,21,1575,0,18.1566,3.172325,4.101402,566.1000,0.05,548175377.2
1,2023-08-01,2023-08-30,10038,21,1575,0,20.3254,3.184457,4.290817,416.0000,0.05,326517781.775
1,2023-08-01,2023-08-30,10071,21,1575,0,20.2319,8.878852,4.086669,136.2000,0.05,952213640.175
1,2023-08-01,2023-08-30,10188,21,1575,0,22.8811,3.312147,4.358714,702.5000,0.05,390211224.375
1,2023-08-01,2023-08-30,10431,21,1575,0,34.9451,3.311840,5.691886,211.7000,0.05,378455288.975
1,2023-08-01,2023-08-30,11084,21,1575,0,17.1386,3.291678,3.924146,369.3000,0.05,798963193.9
1,2023-08-01,2023-08-30,11452,21,1575,0,24.4939,2.232983,4.671772,742.0000,0.05,732785768.25
1,2023-08-01,2023-08-30,11457,21,1575,4,23.5391,0.000000,4.463528,174.0000,0.05,488143299.75
1,2023-08-01,2023-08-30,11480,21,1575,0,23.3112,0.000000,4.012640,552.1000,0.05,811825806.2750001
1,2023-08-01,2023-08-30,11705,21,1575,0,28.6753,0.000000,4.897354,930.3500,0.05,1378298605.625
2,2023-08-31,2023-09-29,15,21,1575,0,16.1228,0.000000,2.947453,4330.0000,0.05,966317155.95
2,2023-08-31,2023-09-29,17,21,1575,0,19.0152,2.300153,4.005931,181.7000,0.05,463166379.525
2,2023-08-31,2023-09-29,24,21,1575,0,15.6907,1.929527,3.419610,2413.6000,0.05,9082968449.875
2,2023-08-31,2023-09-29,26,21,1575,0,21.2456,1.133780,3.956171,1002.0000,0.05,1708802685.6
2,2023-08-31,2023-09-29,27,21,1575,0,17.2121,2.181263,3.582292,827.7000,0.05,4405026925.775
2,2023-08-31,2023-09-29,28,21,1575,2,28.9828,1.420759,4.936573,75.1500,0.05,1092629267.6750002
2,2023-08-31,2023-09-29,58,21,1575,0,13.6534,2.595188,2.610078,3646.0500,0.05,309931088.0
2,2023-08-31,2023-09-29,70,21,1575,0,16.7702,1.688191,3.352514,437.0000,0.05,2653364323.15
2,2023-08-31,2023-09-29,87,21,1575,0,23.7184,2.676649,4.029535,1634.0500,0.05,500235862.025
2,2023-08-31,2023-09-29,90,21,1575,0,12.5434,1.650504,2.377093,5011.0000,0.05,1764630967.8
2,2023-08-31,2023-09-29,118,21,1575,11,16.3551,3.152850,3.512980,88.5000,0.05,1417388363.625
2,2023-08-31,2023-09-29,120,21,1575,0,10.6388,1.396180,2.354945,3239.9000,0.05,2580031872.7
2,2023-08-31,2023-09-29,125,21,1575,0,15.3283,1.912359,3.137092,1905.0000,0.05,834277243.875
2,2023-08-31,2023-09-29,133,21,1575,0,16.6697,3.339151,3.718602,729.4500,0.05,930407240.95
2,2023-08-31,2023-09-29,135,21,1575,0,18.1824,1.922206,3.203124,869.4500,0.05,738501716.2
2,2023-08-31,2023-09-29,143,21,1575,0,12.7387,2.374351,2.776497,1011.3500,0.05,8171281731.299999
2,2023-08-31,2023-09-29,150,21,1575,0,12.2227,1.851249,2.523817,4713.5000,0.05,1232242619.425
2,2023-08-31,2023-09-29,153,21,1575,0,12.8779,1.164545,2.850664,1544.8500,0.05,2381246699.0249996
2,2023-08-31,2023-09-29,156,21,1575,29,11.9165,3.108425,3.018769,746.5000,0.05,5795186005.0
2,2023-08-31,2023-09-29,168,21,1575,0,20.3944,0.000000,3.529455,243.2000,0.05,1746940684.7
2,2023-08-31,2023-09-29,170,21,1575,0,20.6403,1.536126,3.999082,189.3500,0.05,3558265261.9
2,2023-08-31,2023-09-29,172,21,1575,0,32.9223,2.257344,5.622607,99.1900,0.05,810936919.375
2,2023-08-31,2023-09-29,182,21,1575,0,26.5192,0.854593,4.435542,536.5000,0.05,537767598.8
2,2023-08-31,2023-09-29,185,21,1575,0,18.3618,1.865349,3.578490,137.2500,0.05,1372644423.8
2,2023-08-31,2023-09-29,196,21,1575,0,16.9074,2.321416,3.228373,1095.2000,0.05,880603374.0250001
2,2023-08-31,2023-09-29,200,21,1575,0,11.3425,1.681570,2.503893,907.8000,0.05,3635942219.45
2,2023-08-31,2023-09-29,201,21,1575,0,33.5664,0.000000,5.561047,128.9000,0.05,1486367689.1
2,2023-08-31,2023-09-29,206,21,1575,0,17.4135,2.355223,3.138270,267.4500,0.05,648469105.3499999
2,2023-08-31,2023-09-29,220,21,1575,5,14.2914,2.409054,2.330539,19203.0000,0.05,382621962.75
2,2023-08-31,2023-09-29,221,21,1575,0,14.2046,2.606847,3.055308,153.0000,0.05,954733739.45
2,2023-08-31,2023-09-29,225,21,1575,0,9.8706,1.351699,1.953402,4544.0000,0.05,1180271891.6750002
2,2023-08-31,2023-09-29,228,21,1575,13,41.3743,0.000000,6.901256,419.0000,0.05,317557280.75
2,2023-08-31,2023-09-29,239,21,1575,0,22.9650,3.768651,4.934257,64.9800,0.05,2213603778.45
2,2023-08-31,2023-09-29,252,21,1575,0,26.7172,0.000000,4.622173,657.5000,0.05,340076391.375
2,2023-08-31,2023-09-29,267,21,1575,0,23.3255,0.000000,3.785112,438.2500,0.05,499950291.725
2,2023-08-31,2023-09-29,273,21,1575,0,22.4355,2.589520,3.761109,1180.9500,0.05,1071644450.65
2,2023-08-31,2023-09-29,279,21,1575,0,12.7988,1.247138,2.761783,1236.8000,0.05,1606824739.4499998
2,2023-08-31,2023-09-29,283,21,1575,0,20.9179,0.000000,3.503521,260.9000,0.05,1419860198.8
2,2023-08-31,2023-09-29,284,21,1575,25,45.6963,0.000000,7.091345,535.6000,0.05,556785004.2750001
2,2023-08-31,2023-09-29,285,21,1575,0,14.8767,2.979923,2.802786,1998.2500,0.05,456602639.275
2,2023-08-31,2023-09-29,288,21,1575,0,19.5381,2.620305,3.751455,572.7000,0.05,736234228.6
2,2023-08-31,2023-09-29,302,21,1575,0,16.6928,3.202753,3.494155,304.5000,0.05,522677724.975
2,2023-08-31,2023-09-29,306,21,1575,0,15.0244,0.848560,2.851668,1728.1500,0.05,883011860.325
2,2023-08-31,2023-09-29,311,21,1575,0,10.9819,2.195684,2.223194,560.4000,0.05,872488128.2
2,2023-08-31,2023-09-29,345,21,1575,0,13.8779,0.875118,2.791495,3727.6500,0.05,1242766849.65
2,2023-08-31,2023-09-29,346,21,1575,0,18.1542,2.303184,3.383883,5066.2500,0.05,917552807.75
2,2023-08-31,2023-09-29,347,21,1575,0,15.8419,0.000000,2.963086,523.1500,0.05,1503347512.0500002
2,2023-08-31,2023-09-29,356,21,1575,1,11.0914,1.615118,2.283935,1123.1500,0.05,1478852348.725
2,2023-08-31,2023-09-29,368,21,1575,0,13.2120,1.572160,2.569359,3406.4000,0.05,1919439741.375
2,2023-08-31,2023-09-29,409,21,1575,0,18.2246,3.299380,3.952150,146.2000,0.05,1467887081.425
2,2023-08-31,2023-09-29,430,21,1575,0,19.4539,2.197997,3.907085,110.2600,0.05,1050280440.5
2,2023-08-31,2023-09-29,465,21,1575,0,24.0958,0.000000,3.944245,795.1500,0.05,448080798.175
2,2023-08-31,2023-09-29,479,21,1575,0,11.5234,2.034638,2.282542,1002.4500,0.05,819921134.875
2,2023-08-31,2023-09-29,481,21,1575,0,18.8283,2.203049,3.519728,1638.3500,0.05,641045902.35
2,2023-08-31,2023-09-29,496,21,1575,0,15.0507,1.194361,2.924832,1904.3500,0.05,944449357.5
2,2023-08-31,2023-09-29,529,21,1575,0,15.7517,0.477381,2.968851,1396.5500,0.05,763975193.55
2,2023-08-31,2023-09-29,534,21,1575,0,11.7602,1.439072,2.620108,1262.0000,0.05,2446738330.5
2,2023-08-31,2023-09-29,536,21,1575,0,21.8725,0.000000,3.522043,1259.9000,0.05,594733399.5
2,2023-08-31,2023-09-29,537,21,1575,0,9.8559,1.603648,2.207221,788.5000,0.05,15268449567.425
2,2023-08-31,2023-09-29,538,21,1575,0,13.8119,3.181567,3.068439,645.8500,0.05,1637520618.425
2,2023-08-31,2023-09-29,546,21,1575,0,12.9937,1.022918,2.621305,2831.3000,0.05,1268167726.65
2,2023-08-31,2023-09-29,556,21,1575,0,16.2932,0.000000,3.108714,478.7000,0.05,2641271221.8
2,2023-08-31,2023-09-29,562,21,1575,0,20.5297,0.000000,4.106024,138.4000,0.05,770518160.4749999
2,2023-08-31,2023-09-29,563,21,1575,0,7.3713,1.358806,1.828780,2497.0000,0.05,3409951387.55
2,2023-08-31,2023-09-29,590,21,1575,0,9.9813,2.033986,2.307804,963.8500,0.05,12550662057.3
2,2023-08-31,2023-09-29,593,21,1575,0,15.6006,3.557409,3.139101,1349.6000,0.05,617475217.325
2,2023-08-31,2023-09-29,603,21,1575,0,20.1495,2.247960,3.570143,567.2000,0.05,650699288.175
2,2023-08-31,2023-09-29,609,21,1575,1,55.4431,22.153826,20.214678,10.9000,0.05,653004552.7
2,2023-08-31,2023-09-29,611,21,1575,0,20.8949,2.434745,4.284562,94.5500,0.05,1907456859.425
2,2023-08-31,2023-09-29,612,21,1575,0,22.3966,2.930058,4.084649,133.5500,0.05,665364981.85
2,2023-08-31,2023-09-29,627,21,1575,0,15.9872,2.288140,3.533899,418.5000,0.05,1243251415.65
2,2023-08-31,2023-09-29,631,21,1575,0,30.3968,0.000000,4.780975,382.4500,0.05,453296743.375
2,2023-08-31,2023-09-29,634,21,1575,0,12.5362,1.958409,2.507905,2434.0000,0.05,1212286798.65
2,2023-08-31,2023-09-29,647,21,1575,0,13.9755,0.493220,2.979937,1430.8000,0.05,3479797423.8
2,2023-08-31,2023-09-29,653,21,1575,1,9.7226,0.805921,2.073496,1441.8000,0.05,7974499487.375
2,2023-08-31,2023-09-29,663,21,1575,0,15.6640,2.659327,3.592919,75.9300,0.05,835971505.825
2,2023-08-31,2023-09-29,672,21,1575,0,10.3129,1.392895,2.261979,366.5500,0.05,3813080458.05
2,2023-08-31,2023-09-29,698,21,1575,0,16.9519,0.000000,3.180560,699.0000,0.05,1352932976.325
2,2023-08-31,2023-09-29,720,21,1575,0,35.8882,0.045701,5.979151,402.4500,0.05,326220700.2
2,2023-08-31,2023-09-29,722,21,1575,0,13.6651,1.449292,2.956929,806.0500,0.05,1297722828.875
2,2023-08-31,2023-09-29,725,21,1575,0,17.6179,2.414323,3.756359,534.2500,0.05,1029410082.0
2,2023-08-31,2023-09-29,750,21,1575,0,21.6574,2.604728,3.883614,2598.9500,0.05,303138977.225
2,2023-08-31,2023-09-29,771,21,1575,1,9.3326,1.821510,2.421185,354.9000,0.05,5892707885.1
2,2023-08-31,2023-09-29,780,21,1575,0,22.1363,2.688235,3.879187,1161.4000,0.05,967236551.575
2,2023-08-31,2023-09-29,798,21,1575,0,19.2693,3.710823,3.620591,395.3000,0.05,525978247.475
2,2023-08-31,2023-09-29,805,21,1575,0,18.4546,0.000000,3.159622,455.7000,0.05,680217433.5
2,2023-08-31,2023-09-29,818,21,1575,0,11.9143,2.011517,2.534228,2908.7000,0.05,3791849766.675
2,2023-08-31,2023-09-29,823,21,1575,0,15.3139,0.998593,2.818185,1131.8500,0.05,560739457.6
2,2023-08-31,2023-09-29,827,21,1575,0,16.3958,0.000000,2.962844,1580.0000,0.05,2968271646.075
2,2023-08-31,2023-09-29,838,21,1575,0,40.2419,4.066108,7.594851,43.3000,0.05,424183448.25
2,2023-08-31,2023-09-29,853,21,1575,0,25.6691,4.080087,4.599749,144.8000,0.05,732170119.425
2,2023-08-31,2023-09-29,863,21,1575,0,12.9746,2.855602,2.836592,578.8500,0.05,601989937.3
2,2023-08-31,2023-09-29,865,21,1575,0,10.5172,1.246798,2.356493,10464.4000,0.05,3937711868.05
2,2023-08-31,2023-09-29,878,21,1575,301,31.9468,5.857446,6.654689,357.0000,0.05,375185148.525
2,2023-08-31,2023-09-29,886,21,1575,0,18.9266,3.499688,3.795524,930.4500,0.05,448185071.125
2,2023-08-31,2023-09-29,910,21,1575,0,19.1680,3.066992,3.853040,2305.8000,0.05,900239711.3
2,2023-08-31,2023-09-29,925,21,1575,0,16.3478,3.988561,3.443109,1277.5500,0.05,528799833.175
2,2023-08-31,2023-09-29,938,21,1575,0,24.0127,0.000000,4.048252,94.9200,0.05,728596268.75
2,2023-08-31,2023-09-29,939,21,1575,13,16.3499,3.748187,3.473499,881.5000,0.05,1042057608.4749999
2,2023-08-31,2023-09-29,943,21,1575,0,37.8359,0.000000,6.486106,38.8700,0.05,220985775.825
2,2023-08-31,2023-09-29,956,21,1575,5,11.1822,2.094680,2.323735,1119.0000,0.05,1041259403.8
2,2023-08-31,2023-09-29,970,21,1575,0,31.8888,3.580138,6.168916,52.6000,0.05,494094834.2
2,2023-08-31,2023-09-29,982,21,1575,25,25.4405,2.469658,4.783588,43.6000,0.05,878830728.475
2,2023-08-31,2023-09-29,990,21,1575,0,18.5145,0.000000,3.385474,238.0500,0.05,1821902688.225
2,2023-08-31,2023-09-29,994,21,1575,0,18.3856,2.140152,3.645131,1141.2500,0.05,500460582.025
2,2023-08-31,2023-09-29,1007,21,1575,0,12.9383,1.406784,2.912617,167.7000,0.05,1519023218.6999998
2,2023-08-31,2023-09-29,1028,21,1575,0,16.1554,2.089152,3.176392,40051.0000,0.05,774069472.375
2,2023-08-31,2023-09-29,1049,21,1575,0,17.2579,3.248219,3.562769,2924.2500,0.05,1239233360.425
2,2023-08-31,2023-09-29,1050,21,1575,2,19.2289,1.184038,3.427233,220.4500,0.05,353821699.95
2,2023-08-31,2023-09-29,1061,21,1575,0,10.4775,2.259883,2.379966,1247.6000,0.05,736542204.675
2,2023-08-31,2023-09-29,1062,21,1575,0,13.1491,2.944618,2.980776,3612.3500,0.05,810935446.55
2,2023-08-31,2023-09-29,1068,21,1575,0,26.7670,3.687834,5.339263,69.1800,0.05,2678034790.4
2,2023-08-31,2023-09-29,1070,21,1575,0,27.5309,3.293228,4.502360,674.8000,0.05,315015174.175
2,2023-08-31,2023-09-29,1076,21,1575,0,16.7225,0.000000,3.030132,5186.2000,0.05,850188119.925
2,2023-08-31,2023-09-29,1132,21,1575,0,24.7063,1.987501,4.681628,234.2000,0.05,1648935294.7
2,2023-08-31,2023-09-29,1135,21,1575,0,31.4977,4.040833,5.388523,252.1500,0.05,977693550.0
2,2023-08-31,2023-09-29,1140,21,1575,0,9.2023,1.154739,2.045846,1208.5000,0.05,13074114316.25
2,2023-08-31,2023-09-29,1173,21,1575,0,43.7090,0.000000,6.278367,165.6500,0.05,1029680044.95
2,2023-08-31,2023-09-29,1179,21,1575,0,20.5962,2.150300,4.239681,95.7000,0.05,1162138551.625
2,2023-08-31,2023-09-29,1206,21,1575,0,12.5638,2.281653,2.730305,828.3500,0.05,819548181.125
2,2023-08-31,2023-09-29,1208,21,1575,0,13.3177,2.581616,2.980004,1324.8500,0.05,1161501669.3
2,2023-08-31,2023-09-29,1209,21,1575,0,11.3165,1.532538,2.557148,590.5500,0.05,7620488618.75
2,2023-08-31,2023-09-29,1250,21,1575,0,14.1117,2.339222,2.743145,25904.7000,0.05,896324987.125
2,2023-08-31,2023-09-29,1261,21,1575,0,14.1243,2.473772,2.974910,2913.6500,0.05,966199101.3
2,2023-08-31,2023-09-29,1305,21,1575,0,13.4864,3.246900,2.738630,2373.5000,0.05,1149222243.8
2,2023-08-31,2023-09-29,1334,21,1575,0,10.8332,1.655978,2.460248,1135.6500,0.05,2055784160.7
2,2023-08-31,2023-09-29,1349,21,1575,135,39.9040,7.958748,8.425705,24.8500,0.05,1055626326.25
2,2023-08-31,2023-09-29,1366,21,1575,0,14.6361,2.833498,3.026052,860.2000,0.05,825150620.65
2,2023-08-31,2023-09-29,1367,21,1575,0,14.7696,2.854345,2.540976,7300.0000,0.05,996989834.0
2,2023-08-31,2023-09-29,1372,21,1575,0,19.4489,0.000000,3.558101,261.2000,0.05,1814252358.975
2,2023-08-31,2023-09-29,1373,21,1575,0,16.8213,1.113936,3.544049,123.0300,0.05,3986992893.2
2,2023-08-31,2023-09-29,1383,21,1575,0,10.5825,1.522031,2.133522,3553.4000,0.05,5527052605.35
2,2023-08-31,2023-09-29,1386,21,1575,0,15.2256,1.340893,3.225947,1186.9000,0.05,2368338112.5
2,2023-08-31,2023-09-29,1406,21,1575,0,26.8555,5.196733,4.564374,3205.0000,0.05,528406409.475
2,2023-08-31,2023-09-29,1415,21,1575,0,10.3451,2.248064,2.387126,3209.5500,0.05,2226551629.8
2,2023-08-31,2023-09-29,1420,21,1575,0,15.3264,2.290499,3.249487,1862.0500,0.05,387886130.775
2,2023-08-31,2023-09-29,1426,21,1575,0,19.4025,2.843223,3.675619,1375.3000,0.05,699146943.75
2,2023-08-31,2023-09-29,1438,21,1575,0,14.0268,2.976469,3.015439,1484.6000,0.05,1297668392.45
2,2023-08-31,2023-09-29,1451,21,1575,2,11.0617,1.847481,2.258437,8287.0000,0.05,2246867958.3
2,2023-08-31,2023-09-29,1455,21,1575,0,27.0370,2.039406,5.660769,83.6100,0.05,836578643.7
2,2023-08-31,2023-09-29,1461,21,1575,0,12.9870,1.102326,2.584859,589.5500,0.05,1237292458.575
2,2023-08-31,2023-09-29,1480,21,1575,0,15.8922,2.456361,3.235859,367.4000,0.05,1747705453.025
2,2023-08-31,2023-09-29,1481,21,1575,9,18.0105,0.000000,2.982800,102.9000,0.05,2351446016.775
2,2023-08-31,2023-09-29,1510,21,1575,0,15.3255,2.450568,3.146899,873.0000,0.05,899236625.925
2,2023-08-31,2023-09-29,1532,21,1575,0,13.4669,0.636479,2.681136,205.4000,0.05,1695025815.0
2,2023-08-31,2023-09-29,1539,21,1575,0,30.3632,13.336973,12.052045,17.7000,0.05,1663684031.5
2,2023-08-31,2023-09-29,9424,21,1575,0,12.7799,2.919991,2.721154,3750.0500,0.05,1051748862.5
2,2023-08-31,2023-09-29,9486,21,1575,0,17.3723,4.283120,3.899971,65.2300,0.05,820727685.9
2,2023-08-31,2023-09-29,9674,21,1575,0,15.2651,2.184355,3.263063,626.5000,0.05,427897735.6
2,2023-08-31,2023-09-29,9752,21,1575,0,21.1327,0.000000,3.008819,856.6500,0.05,1700789541.475
2,2023-08-31,2023-09-29,9754,21,1575,81,43.7961,0.000000,6.200635,75.7500,0.05,821761780.325
2,2023-08-31,2023-09-29,9882,21,1575,0,26.6365,0.000000,5.091634,177.3000,0.05,587593320.575
2,2023-08-31,2023-09-29,9894,21,1575,0,12.0061,1.861705,2.780184,321.9500,0.05,614073608.75
2,2023-08-31,2023-09-29,9973,21,1575,1,17.0140,2.002532,3.395987,1092.5000,0.05,1130630196.3
2,2023-08-31,2023-09-29,9983,21,1575,0,20.3572,2.362327,3.756890,586.6000,0.05,555738487.5
2,2023-08-31,2023-09-29,10038,21,1575,1,23.3247,1.376097,4.077145,433.6500,0.05,362136526.45
2,2023-08-31,2023-09-29,10071,21,1575,0,25.1625,4.975082,4.404756,145.2000,0.05,982308263.525
2,2023-08-31,2023-09-29,10188,21,1575,0,31.4858,0.000000,5.070683,771.4000,0.05,416048669.5
2,2023-08-31,2023-09-29,10431,21,1575,0,41.5076,3.353960,5.455813,230.6000,0.05,396905624.35
2,2023-08-31,2023-09-29,11084,21,1575,2,17.1474,3.164944,3.594517,382.1000,0.05,926213004.5
2,2023-08-31,2023-09-29,11452,21,1575,0,23.2685,0.342280,4.520705,769.0000,0.05,786889667.55
2,2023-08-31,2023-09-29,11457,21,1575,6,24.9699,0.000000,4.447701,185.9000,0.05,489259794.125
2,2023-08-31,2023-09-29,11480,21,1575,0,23.4361,0.000000,3.715946,577.6000,0.05,868569682.2
2,2023-08-31,2023-09-29,11705,21,1575,0,38.4369,0.000000,5.720220,1090.1000,0.05,1549802024.875
3,2023-10-03,2023-11-01,15,21,1575,0,18.1070,2.590702,3.293494,4085.0000,0.05,969340971.9
3,2023-10-03,2023-11-01,17,21,1575,0,16.4407,4.214771,4.036703,177.6500,0.05,484165776.2
3,2023-10-03,2023-11-01,24,21,1575,0,17.9890,0.000000,3.224134,2340.2000,0.05,8512384640.0
3,2023-10-03,2023-11-01,26,21,1575,0,21.7983,1.958767,3.746530,943.1000,0.05,1648461557.5
3,2023-10-03,2023-11-01,27,21,1575,0,15.2864,2.792307,3.288551,802.5500,0.05,4204192488.75
3,2023-10-03,2023-11-01,28,21,1575,4,28.7163,0.000000,5.191816,69.7000,0.05,1203958367.5
3,2023-10-03,2023-11-01,58,21,1575,0,14.0312,3.089540,2.709553,3590.3000,0.05,326932486.5
3,2023-10-03,2023-11-01,70,21,1575,0,17.1608,2.680816,3.410473,432.3000,0.05,2280097299.2
3,2023-10-03,2023-11-01,87,21,1575,0,20.6551,2.146791,4.167001,1628.8500,0.05,582429535.8
3,2023-10-03,2023-11-01,90,21,1575,0,12.5563,0.000000,2.715728,5004.0000,0.05,1760017845.6
3,2023-10-03,2023-11-01,118,21,1575,37,14.1571,3.726855,3.617677,84.1000,0.05,1374663470.4
3,2023-10-03,2023-11-01,120,21,1575,0,10.1697,0.000000,2.353526,3111.8500,0.05,2580785992.4
3,2023-10-03,2023-11-01,125,21,1575,0,16.1690,1.658874,3.443741,1867.0000,0.05,782849100.75
3,2023-10-03,2023-11-01,133,21,1575,0,17.6466,0.000000,3.438910,705.8000,0.05,959033287.5
3,2023-10-03,2023-11-01,135,21,1575,0,16.2332,2.079334,3.221478,887.4500,0.05,792917580.0
3,2023-10-03,2023-11-01,143,21,1575,0,12.1456,1.281054,2.591489,996.0000,0.05,8308507177.85
3,2023-10-03,2023-11-01,150,21,1575,6,12.7980,2.237237,2.508036,5003.0000,0.05,1250914395.6
3,2023-10-03,2023-11-01,153,21,1575,0,14.8202,1.883909,3.169560,1614.6000,0.05,2172780997.2
3,2023-10-03,2023-11-01,156,21,1575,29,13.3640,2.573539,3.188251,788.0000,0.05,5633346579.0
3,2023-10-03,2023-11-01,168,21,1575,0,18.1317,3.208983,4.032888,242.5000,0.05,1785528734.1
3,2023-10-03,2023-11-01,170,21,1575,0,17.9876,3.036333,4.022099,185.0000,0.05,3620051059.8
3,2023-10-03,2023-11-01,172,21,1575,0,25.4039,2.802495,5.177452,98.4900,0.05,963945449.05
3,2023-10-03,2023-11-01,182,21,1575,1,23.9861,2.802462,4.031407,502.0000,0.05,534478704.75
3,2023-10-03,2023-11-01,185,21,1575,0,15.4432,1.860352,3.334815,137.0000,0.05,1351191362.4
3,2023-10-03,2023-11-01,196,21,1575,0,15.1678,2.995566,3.346295,1082.0000,0.05,882523460.0
3,2023-10-03,2023-11-01,200,21,1575,0,9.8855,1.942847,2.346422,930.0500,0.05,3556793342.6
3,2023-10-03,2023-11-01,201,21,1575,0,22.8217,2.910773,4.496172,127.9500,0.05,1693853324.8
3,2023-10-03,2023-11-01,206,21,1575,0,13.6792,2.859212,3.175970,254.2500,0.05,658528376.1
3,2023-10-03,2023-11-01,220,21,1575,5,14.8367,4.027259,2.869875,19713.0000,0.05,375608602.5
3,2023-10-03,2023-11-01,221,21,1575,2,13.5066,2.198190,3.273807,149.5500,0.05,994210543.55
3,2023-10-03,2023-11-01,225,21,1575,0,10.4779,2.211795,2.265449,4531.0500,0.05,1205623526.8
3,2023-10-03,2023-11-01,228,21,1575,23,36.5661,0.000000,6.218613,495.0000,0.05,354161657.6
3,2023-10-03,2023-11-01,239,21,1575,1,21.1738,1.392243,4.048848,66.5700,0.05,2334501664.0
3,2023-10-03,2023-11-01,252,21,1575,0,22.5131,0.000000,4.342052,671.8500,0.05,339336264.75
3,2023-10-03,2023-11-01,267,21,1575,0,22.2179,0.000000,4.920231,395.5500,0.05,501210067.5
3,2023-10-03,2023-11-01,273,21,1575,0,17.1970,2.669011,3.641075,1211.8500,0.05,1163058512.0
3,2023-10-03,2023-11-01,279,21,1575,0,14.1313,3.199134,2.923547,1168.7500,0.05,1605544295.6
3,2023-10-03,2023-11-01,283,21,1575,0,15.9220,1.556242,3.253909,287.0500,0.05,1454668325.0
3,2023-10-03,2023-11-01,284,21,1575,0,28.8349,0.000000,4.689714,513.5500,0.05,631805320.8
3,2023-10-03,2023-11-01,285,21,1575,0,16.6552,2.080086,3.160740,2062.7000,0.05,484972524.4
3,2023-10-03,2023-11-01,288,21,1575,0,15.7459,3.548625,3.099450,565.9000,0.05,723089821.5
3,2023-10-03,2023-11-01,302,21,1575,0,14.4102,3.731496,3.163434,298.4000,0.05,520476719.4
3,2023-10-03,2023-11-01,306,21,1575,0,13.1171,2.629194,2.719366,1698.6500,0.05,976958627.95
3,2023-10-03,2023-11-01,311,21,1575,0,10.6658,2.273957,2.432921,537.5000,0.05,863552473.8
3,2023-10-03,2023-11-01,345,21,1575,0,13.0747,0.782940,2.855962,3667.5500,0.05,1231409300.0
3,2023-10-03,2023-11-01,346,21,1575,0,17.6981,2.195309,3.401635,5297.9000,0.05,958952872.4
3,2023-10-03,2023-11-01,347,21,1575,0,18.5675,0.000000,3.371139,552.9000,0.05,1448282013.3
3,2023-10-03,2023-11-01,356,21,1575,2,12.1161,0.000000,2.234721,1097.2500,0.05,1521780610.25
3,2023-10-03,2023-11-01,368,21,1575,0,12.3501,0.000000,2.584703,3452.0500,0.05,1884742551.15
3,2023-10-03,2023-11-01,409,21,1575,0,17.1509,3.342934,4.170499,146.3500,0.05,1498609595.85
3,2023-10-03,2023-11-01,430,21,1575,0,20.1938,4.396982,4.322679,109.8900,0.05,1101507101.45
3,2023-10-03,2023-11-01,465,21,1575,0,17.3867,2.639851,3.203599,788.5000,0.05,492832154.7
3,2023-10-03,2023-11-01,479,21,1575,0,13.0021,2.400555,2.702063,983.9000,0.05,801698914.1
3,2023-10-03,2023-11-01,481,21,1575,0,18.3343,3.065274,3.789152,1655.9500,0.05,640068732.0
3,2023-10-03,2023-11-01,496,21,1575,0,14.3677,2.594322,2.932142,1900.2500,0.05,949904316.0
3,2023-10-03,2023-11-01,524,21,1575,0,14.7951,3.567278,3.006348,1940.7500,0.05,2744736360.6
3,2023-10-03,2023-11-01,529,21,1575,0,16.8469,3.410917,3.396482,1384.0000,0.05,773647965.2
3,2023-10-03,2023-11-01,534,21,1575,0,13.5096,2.634900,2.937840,1255.8000,0.05,2504350804.6
3,2023-10-03,2023-11-01,536,21,1575,2,16.2066,3.514557,3.498937,1322.1000,0.05,674630780.8
3,2023-10-03,2023-11-01,537,21,1575,0,9.1737,1.311220,1.985099,760.6000,0.05,19335986689.6
3,2023-10-03,2023-11-01,538,21,1575,0,15.1967,2.709036,3.015854,624.6000,0.05,1614490419.6
3,2023-10-03,2023-11-01,546,21,1575,0,15.8112,1.715548,3.001258,2930.3000,0.05,1217507815.5
3,2023-10-03,2023-11-01,556,21,1575,0,15.6624,1.045228,3.069604,472.1500,0.05,2558531185.9
3,2023-10-03,2023-11-01,562,21,1575,0,19.0210,2.547706,3.844324,136.8500,0.05,788800485.2
3,2023-10-03,2023-11-01,563,21,1575,0,8.7348,1.119333,2.091598,2505.0000,0.05,3342327178.8
3,2023-10-03,2023-11-01,590,21,1575,0,9.2459,1.437821,2.125615,940.1000,0.05,12834555540.7
3,2023-10-03,2023-11-01,593,21,1575,0,14.7844,2.466641,3.191416,1346.0000,0.05,616252463.4
3,2023-10-03,2023-11-01,603,21,1575,0,15.9456,3.318707,3.286619,525.7000,0.05,741100152.0
3,2023-10-03,2023-11-01,609,21,1575,0,47.8428,21.116124,19.319699,11.7000,0.05,659205414.0
3,2023-10-03,2023-11-01,611,21,1575,0,16.0652,2.872814,4.378055,90.4000,0.05,2067337779.9
3,2023-10-03,2023-11-01,612,21,1575,0,16.1153,3.717182,3.960367,132.6000,0.05,651142154.25
3,2023-10-03,2023-11-01,627,21,1575,0,17.8641,3.549908,3.644936,413.2000,0.05,1188173439.6
3,2023-10-03,2023-11-01,631,21,1575,0,22.4224,2.320894,4.603423,402.4500,0.05,490499155.0
3,2023-10-03,2023-11-01,634,21,1575,0,15.6560,3.392183,2.910343,2479.3500,0.05,1298654742.0
3,2023-10-03,2023-11-01,647,21,1575,0,14.2454,0.000000,2.816531,1434.6000,0.05,3449082128.8
3,2023-10-03,2023-11-01,653,21,1575,1,11.7220,1.497485,2.404826,1402.6000,0.05,7859125988.0
3,2023-10-03,2023-11-01,663,21,1575,0,13.9190,3.390627,3.601671,73.8900,0.05,843485612.5
3,2023-10-03,2023-11-01,672,21,1575,1,10.8677,2.110204,2.431037,363.1000,0.05,3816316962.9
3,2023-10-03,2023-11-01,698,21,1575,0,16.1750,1.021540,3.391061,677.5000,0.05,1346702154.1
3,2023-10-03,2023-11-01,720,21,1575,0,31.2277,2.885895,5.454354,399.5000,0.05,352258350.95
3,2023-10-03,2023-11-01,722,21,1575,0,14.0052,2.043643,3.072957,763.4500,0.05,1328608352.8
3,2023-10-03,2023-11-01,725,21,1575,0,16.0171,1.978943,3.425864,531.0000,0.05,1018182881.1
3,2023-10-03,2023-11-01,750,21,1575,0,22.9889,4.403341,4.339390,2670.6500,0.05,330100448.85
3,2023-10-03,2023-11-01,771,21,1575,2,9.3233,1.153653,2.440264,348.2000,0.05,6122359740.25
3,2023-10-03,2023-11-01,780,21,1575,0,26.1919,0.776276,4.458449,1180.0000,0.05,946621510.25
3,2023-10-03,2023-11-01,798,21,1575,1,20.8456,2.828029,3.869068,397.0500,0.05,539819108.4
3,2023-10-03,2023-11-01,805,21,1575,0,18.4282,1.386579,3.221459,467.4500,0.05,696554274.4
3,2023-10-03,2023-11-01,818,21,1575,0,13.2343,2.943681,2.740039,3047.0500,0.05,3927146552.05
3,2023-10-03,2023-11-01,823,21,1575,0,14.5652,2.851523,2.941011,1158.9000,0.05,614145847.0
3,2023-10-03,2023-11-01,827,21,1575,0,13.7903,0.779028,2.740657,1547.1500,0.05,2913501694.5
3,2023-10-03,2023-11-01,838,21,1575,0,30.2022,6.742713,6.796868,46.3500,0.05,591969833.55
3,2023-10-03,2023-11-01,853,21,1575,0,23.8535,4.817401,4.511909,141.8500,0.05,821152532.0
3,2023-10-03,2023-11-01,863,21,1575,0,13.8597,0.000000,2.581906,540.5000,0.05,612261771.25
3,2023-10-03,2023-11-01,865,21,1575,0,12.9517,1.807597,2.380794,10469.5000,0.05,4003122358.8
3,2023-10-03,2023-11-01,878,21,1575,176,29.0627,7.097707,6.744250,436.0000,0.05,385468995.5
3,2023-10-03,2023-11-01,886,21,1575,0,19.4516,3.133884,4.051305,910.3000,0.05,481899502.3
3,2023-10-03,2023-11-01,910,21,1575,0,20.2406,0.000000,4.071603,2151.9000,0.05,857364896.2
3,2023-10-03,2023-11-01,925,21,1575,0,16.3849,2.721305,3.347356,1245.5500,0.05,508357207.8
3,2023-10-03,2023-11-01,938,21,1575,0,19.1736,3.545832,4.447435,92.9200,0.05,712803667.2
3,2023-10-03,2023-11-01,939,21,1575,7,14.0532,2.835681,3.000802,826.5000,0.05,1025935273.95
3,2023-10-03,2023-11-01,943,21,1575,0,34.3524,3.693459,6.747504,42.5700,0.05,260155473.2
3,2023-10-03,2023-11-01,956,21,1575,2,13.5438,1.549813,2.626391,1163.0000,0.05,1040664630.5
3,2023-10-03,2023-11-01,970,21,1575,0,20.3792,5.243552,4.944731,52.1500,0.05,515436432.75
3,2023-10-03,2023-11-01,982,21,1575,21,22.2147,3.788923,5.110188,46.9500,0.05,922139030.4
3,2023-10-03,2023-11-01,990,21,1575,0,16.1396,0.000000,3.396398,236.7500,0.05,1831926366.6
3,2023-10-03,2023-11-01,994,21,1575,1,22.7245,4.136795,4.085360,1124.8000,0.05,473685303.5
3,2023-10-03,2023-11-01,1007,21,1575,1,10.3833,2.268882,2.526344,167.0500,0.05,1530506023.2
3,2023-10-03,2023-11-01,1028,21,1575,0,15.2673,4.163656,3.128519,39036.5000,0.05,756463496.75
3,2023-10-03,2023-11-01,1049,21,1575,0,18.1800,0.000000,3.382134,2889.0500,0.05,1342245514.4
3,2023-10-03,2023-11-01,1050,21,1575,2,20.5488,0.000000,3.350293,208.6500,0.05,379944341.4
3,2023-10-03,2023-11-01,1051,21,1575,0,22.6267,0.000000,4.516927,245.8500,0.05,1418785921.8
3,2023-10-03,2023-11-01,1061,21,1575,3,11.1373,2.028064,2.188202,1212.0000,0.05,730918407.75
3,2023-10-03,2023-11-01,1062,21,1575,0,14.0933,3.594959,2.833277,3419.9000,0.05,837465303.5
3,2023-10-03,2023-11-01,1068,21,1575,0,23.0813,3.547669,4.988926,70.5000,0.05,2870498721.95
3,2023-10-03,2023-11-01,1076,21,1575,0,17.3183,0.000000,3.158775,5235.8000,0.05,967147308.75
3,2023-10-03,2023-11-01,1080,21,1575,0,12.9843,1.973524,2.963474,200.2000,0.05,1977809514.95
3,2023-10-03,2023-11-01,1132,21,1575,0,24.2599,0.000000,4.423612,244.7000,0.05,1662252435.0
3,2023-10-03,2023-11-01,1135,21,1575,0,23.3513,0.000000,4.525255,285.9000,0.05,1128224698.2
3,2023-10-03,2023-11-01,1140,21,1575,0,8.5147,1.196504,2.038813,1156.3000,0.05,13322214864.0
3,2023-10-03,2023-11-01,1173,21,1575,0,24.3772,0.000000,4.595071,166.1500,0.05,1277196827.1
3,2023-10-03,2023-11-01,1179,21,1575,0,15.5538,4.015037,4.162447,88.2500,0.05,1163156101.8
3,2023-10-03,2023-11-01,1206,21,1575,0,12.8328,0.000000,2.658906,789.4500,0.05,821016730.8
3,2023-10-03,2023-11-01,1208,21,1575,0,12.8663,1.519201,2.917927,1317.0000,0.05,1162463734.6
3,2023-10-03,2023-11-01,1209,21,1575,0,10.4194,0.000000,2.366274,575.9000,0.05,7795125922.5
3,2023-10-03,2023-11-01,1250,21,1575,1,13.9973,3.488312,2.851404,25840.7000,0.05,874413225.15
3,2023-10-03,2023-11-01,1261,21,1575,0,14.8482,1.952911,3.021241,2684.2500,0.05,967325247.0
3,2023-10-03,2023-11-01,1305,21,1575,0,14.9586,2.926843,2.952807,2239.1000,0.05,1104230273.4
3,2023-10-03,2023-11-01,1334,21,1575,0,12.0920,1.734962,2.630879,1126.5000,0.05,2069577503.5
3,2023-10-03,2023-11-01,1341,21,1575,0,31.5888,0.000000,4.519171,4215.7000,0.05,242683735.8
3,2023-10-03,2023-11-01,1349,21,1575,363,42.4512,10.044960,8.556505,29.5000,0.05,1190653513.25
3,2023-10-03,2023-11-01,1366,21,1575,0,13.8281,1.882208,3.001651,879.9000,0.05,809738361.6
3,2023-10-03,2023-11-01,1367,21,1575,0,13.7854,2.873191,2.748391,7454.5500,0.05,862063099.6
3,2023-10-03,2023-11-01,1372,21,1575,0,15.0517,3.657064,3.471065,253.0000,0.05,1798617385.6
3,2023-10-03,2023-11-01,1373,21,1575,0,12.9138,3.131541,3.719502,118.6300,0.05,3927848956.5
3,2023-10-03,2023-11-01,1383,21,1575,0,9.9195,1.703634,2.159434,3499.3500,0.05,5500797225.0
3,2023-10-03,2023-11-01,1386,21,1575,0,14.6970,2.534514,3.308852,1110.2000,0.05,2314304709.2
3,2023-10-03,2023-11-01,1406,21,1575,0,18.7332,3.462318,3.791606,2982.1500,0.05,511184432.2
3,2023-10-03,2023-11-01,1415,21,1575,0,12.1077,2.149534,2.383583,3257.5500,0.05,2231038123.9
3,2023-10-03,2023-11-01,1420,21,1575,0,16.8808,0.000000,2.745496,1903.0500,0.05,425876084.4
3,2023-10-03,2023-11-01,1426,21,1575,0,16.5246,0.000000,3.092479,1375.3000,0.05,693566478.0
3,2023-10-03,2023-11-01,1438,21,1575,0,12.3374,0.378241,2.500922,1585.1000,0.05,1280246622.3
3,2023-10-03,2023-11-01,1451,21,1575,1,13.2088,2.395711,2.626536,8133.0000,0.05,2236146101.25
3,2023-10-03,2023-11-01,1455,21,1575,0,29.7562,2.427572,5.213934,93.3800,0.05,968298810.5
3,2023-10-03,2023-11-01,1461,21,1575,0,15.3645,2.449203,2.839155,582.5500,0.05,1241648458.4
3,2023-10-03,2023-11-01,1480,21,1575,8,17.6650,3.190068,3.370401,368.6000,0.05,1749632422.65
3,2023-10-03,2023-11-01,1481,21,1575,0,20.0220,3.532782,4.188136,97.0500,0.05,2299957773.75
3,2023-10-03,2023-11-01,1510,21,1575,0,15.1659,2.619808,3.103909,846.2500,0.05,859490909.35
3,2023-10-03,2023-11-01,1532,21,1575,1,11.5567,2.734114,2.608952,193.7500,0.05,1621381184.5
3,2023-10-03,2023-11-01,1539,21,1575,0,24.7719,14.779985,13.341742,17.1000,0.05,1776431077.3
3,2023-10-03,2023-11-01,9424,21,1575,0,15.9798,2.873936,2.855848,3786.8000,0.05,1032386567.85
3,2023-10-03,2023-11-01,9486,21,1575,0,15.7163,2.985616,3.819460,62.0700,0.05,824832499.0
3,2023-10-03,2023-11-01,9674,21,1575,0,13.2989,3.607475,3.016995,590.5500,0.05,475563931.2
3,2023-10-03,2023-11-01,9752,21,1575,0,27.7244,1.263238,4.310908,928.9000,0.05,1905100542.0
3,2023-10-03,2023-11-01,9754,21,1575,0,28.1324,1.731145,5.307940,74.9500,0.05,1161496128.0
3,2023-10-03,2023-11-01,9882,21,1575,0,22.6424,4.447328,4.683503,179.0500,0.05,675147099.25
3,2023-10-03,2023-11-01,9894,21,1575,1,10.2133,2.490029,2.634407,310.8500,0.05,589465912.5
3,2023-10-03,2023-11-01,9936,21,1575,0,17.1195,5.093560,4.214726,1780.0500,0.05,525914998.8
3,2023-10-03,2023-11-01,9973,21,1575,0,18.2693,2.579097,3.779136,1011.0000,0.05,1215455460.5
3,2023-10-03,2023-11-01,9983,21,1575,0,18.2711,4.035458,3.663339,557.5000,0.05,546276538.5
3,2023-10-03,2023-11-01,10038,21,1575,0,18.8823,3.550711,3.753760,420.0000,0.05,385697850.0
3,2023-10-03,2023-11-01,10071,21,1575,0,19.2749,2.786587,3.559134,145.8000,0.05,1074787026.25
3,2023-10-03,2023-11-01,10188,21,1575,0,27.4766,1.873546,5.062494,789.8000,0.05,465316252.5
3,2023-10-03,2023-11-01,10431,21,1575,0,33.7424,5.486607,5.705275,284.0000,0.05,444893830.8
3,2023-10-03,2023-11-01,11084,21,1575,1,16.5185,0.000000,3.058681,375.5000,0.05,1041272366.075
3,2023-10-03,2023-11-01,11452,21,1575,0,23.8799,3.784794,4.451772,735.7000,0.05,825570038.15
3,2023-10-03,2023-11-01,11457,21,1575,0,32.6706,1.279410,5.684402,214.4000,0.05,504262519.5
3,2023-10-03,2023-11-01,11480,21,1575,0,20.8489,0.000000,4.012575,575.3000,0.05,884754608.4
3,2023-10-03,2023-11-01,11705,21,1575,0,26.6544,1.241409,4.395487,1063.5000,0.05,2079369658.2
4,2023-11-02,2023-12-04,15,21,1575,0,17.3038,2.790157,3.152714,4258.0000,0.05,967382142.7
4,2023-11-02,2023-12-04,17,21,1575,0,15.7471,3.545006,3.735118,172.1500,0.05,493547021.775
4,2023-11-02,2023-12-04,24,21,1575,2,18.9311,0.000000,3.339940,2162.4000,0.05,7695130793.525
4,2023-11-02,2023-12-04,26,21,1575,0,25.2727,1.593400,4.254439,938.0000,0.05,1326550821.875
4,2023-11-02,2023-12-04,27,21,1575,0,14.3001,0.000000,2.904872,811.0000,0.05,3897705625.2
4,2023-11-02,2023-12-04,28,21,1575,0,28.5191,0.000000,5.328964,78.3000,0.05,1262932605.15
4,2023-11-02,2023-12-04,58,21,1575,0,16.1172,2.188876,2.937455,4389.9000,0.05,360059664.7
4,2023-11-02,2023-12-04,70,21,1575,0,14.5556,1.775665,2.826261,420.8000,0.05,2064655068.475
4,2023-11-02,2023-12-04,87,21,1575,0,23.5576,3.384666,3.950280,1662.5000,0.05,638621877.6
4,2023-11-02,2023-12-04,90,21,1575,0,13.7472,2.760038,2.873100,5353.6000,0.05,1756614179.8
4,2023-11-02,2023-12-04,118,21,1575,52,14.4686,0.000000,3.155286,84.7000,0.05,1343607936.65
4,2023-11-02,2023-12-04,120,21,1575,0,9.6099,0.820470,1.901204,3126.6000,0.05,2568991133.375
4,2023-11-02,2023-12-04,125,21,1575,0,12.8608,2.288824,2.933335,1902.1000,0.05,783310686.85
4,2023-11-02,2023-12-04,133,21,1575,0,14.5021,2.883695,3.212730,724.0000,0.05,930407240.95
4,2023-11-02,2023-12-04,135,21,1575,0,18.1561,0.000000,3.298556,995.0000,0.05,877526227.25
4,2023-11-02,2023-12-04,143,21,1575,0,11.6250,1.339880,2.380764,1017.0000,0.05,8091397995.425
4,2023-11-02,2023-12-04,150,21,1575,5,10.5337,1.636664,2.469664,5495.5000,0.05,1296788222.25
4,2023-11-02,2023-12-04,153,21,1575,0,13.1151,1.773723,2.657496,1607.0500,0.05,2142375494.425
4,2023-11-02,2023-12-04,156,21,1575,54,13.7684,2.584685,3.049515,727.0000,0.05,5725317287.05
4,2023-11-02,2023-12-04,168,21,1575,0,12.5406,1.984398,2.987223,217.6500,0.05,1822574837.175
4,2023-11-02,2023-12-04,170,21,1575,1,14.1451,2.013260,3.047234,177.0000,0.05,3575967748.8
4,2023-11-02,2023-12-04,172,21,1575,0,17.0611,1.571330,3.498122,97.5500,0.05,1049296469.625
4,2023-11-02,2023-12-04,182,21,1575,0,22.3661,2.284426,4.424529,553.5000,0.05,492795906.425
4,2023-11-02,2023-12-04,185,21,1575,0,16.0294,2.431305,3.212007,141.2000,0.05,1329175665.3
4,2023-11-02,2023-12-04,196,21,1575,0,17.2025,0.000000,3.188135,1063.5500,0.05,854154569.475
4,2023-11-02,2023-12-04,200,21,1575,0,8.8590,1.191159,2.161301,950.3500,0.05,3605499278.5
4,2023-11-02,2023-12-04,201,21,1575,0,25.5477,0.000000,4.365797,139.2000,0.05,1784579905.425
4,2023-11-02,2023-12-04,206,21,1575,0,14.0193,2.605944,3.224314,232.8500,0.05,666060614.575
4,2023-11-02,2023-12-04,221,21,1575,5,17.0626,0.000000,3.155983,171.1000,0.05,1014730844.8
4,2023-11-02,2023-12-04,225,21,1575,0,10.5070,2.701726,2.174106,4684.0000,0.05,1291636255.65
4,2023-11-02,2023-12-04,228,21,1575,2,34.1965,0.000000,5.220552,726.5000,0.05,427974691.79999995
4,2023-11-02,2023-12-04,239,21,1575,7,15.7081,2.053161,3.267250,71.0100,0.05,2359843386.2
4,2023-11-02,2023-12-04,252,21,1575,0,26.1016,4.176969,4.624064,889.0000,0.05,365793627.125
4,2023-11-02,2023-12-04,267,21,1575,36,34.2471,0.000000,4.138856,390.2000,0.05,521145633.625
4,2023-11-02,2023-12-04,273,21,1575,0,18.3313,1.654739,3.602893,1133.3000,0.05,1308315812.75
4,2023-11-02,2023-12-04,279,21,1575,0,13.2384,2.007441,2.628009,1216.4500,0.05,1606824739.4499998
4,2023-11-02,2023-12-04,283,21,1575,0,15.5304,0.000000,3.137844,314.2000,0.05,1467233804.5
4,2023-11-02,2023-12-04,284,21,1575,0,26.0939,3.702196,4.870312,542.6000,0.05,696061022.9000001
4,2023-11-02,2023-12-04,285,21,1575,0,12.2749,2.105510,2.475916,2154.9500,0.05,518563945.45
4,2023-11-02,2023-12-04,288,21,1575,0,14.4618,1.956125,2.970863,600.2000,0.05,705167604.3
4,2023-11-02,2023-12-04,302,21,1575,0,13.5892,3.222074,3.012150,284.3500,0.05,512674041.15
4,2023-11-02,2023-12-04,306,21,1575,0,15.9649,0.000000,2.782750,1840.0500,0.05,974457860.45
4,2023-11-02,2023-12-04,311,21,1575,0,9.9584,2.369280,2.142238,536.6000,0.05,862408646.9
4,2023-11-02,2023-12-04,345,21,1575,0,16.8075,0.000000,3.067004,3597.1000,0.05,1222869999.925
4,2023-11-02,2023-12-04,346,21,1575,0,17.5566,2.506466,3.118350,5341.0000,0.05,1146260286.225
4,2023-11-02,2023-12-04,347,21,1575,0,13.6483,1.792511,2.598146,625.7500,0.05,1468433217.6
4,2023-11-02,2023-12-04,356,21,1575,1,11.3471,2.118789,2.470717,1120.2000,0.05,1628225625.125
4,2023-11-02,2023-12-04,368,21,1575,0,14.0418,1.926843,2.957536,3828.8000,0.05,1781134309.375
4,2023-11-02,2023-12-04,409,21,1575,0,12.6979,2.271778,3.076579,147.8500,0.05,1493713306.5
4,2023-11-02,2023-12-04,430,21,1575,0,17.8313,2.860370,3.692103,111.8100,0.05,1180822448.575
4,2023-11-02,2023-12-04,465,21,1575,0,18.3195,0.000000,3.520044,776.3500,0.05,513688584.475
4,2023-11-02,2023-12-04,479,21,1575,0,12.3263,2.298944,2.678828,1003.0500,0.05,788390903.075
4,2023-11-02,2023-12-04,481,21,1575,0,17.9268,2.483988,3.731356,1845.7000,0.05,681816281.85
4,2023-11-02,2023-12-04,496,21,1575,0,11.8267,2.116084,2.682165,1945.9500,0.05,957425819.05
4,2023-11-02,2023-12-04,524,21,1575,0,19.8093,0.000000,3.071686,2124.7500,0.05,2746286933.3
4,2023-11-02,2023-12-04,529,21,1575,0,10.6572,2.294661,2.352431,1277.1500,0.05,771822267.875
4,2023-11-02,2023-12-04,534,21,1575,0,9.2825,1.306611,2.125934,1306.0000,0.05,2512500269.8
4,2023-11-02,2023-12-04,536,21,1575,7,14.7699,1.921735,3.045232,1365.6000,0.05,782370621.0999999
4,2023-11-02,2023-12-04,537,21,1575,2,7.3005,1.399449,1.865888,753.1000,0.05,21359527997.25
4,2023-11-02,2023-12-04,538,21,1575,0,13.0684,1.844085,2.905660,650.7500,0.05,1710257251.2
4,2023-11-02,2023-12-04,546,21,1575,0,14.7200,0.000000,2.654315,3158.5500,0.05,1246619368.1
4,2023-11-02,2023-12-04,556,21,1575,0,13.5082,0.000000,2.622086,501.0000,0.05,2509519437.4
4,2023-11-02,2023-12-04,562,21,1575,1,27.2433,4.130722,5.092680,170.8500,0.05,815137971.7
4,2023-11-02,2023-12-04,563,21,1575,0,7.5135,1.689744,1.823781,2508.3500,0.05,3379197125.225
4,2023-11-02,2023-12-04,590,21,1575,0,8.5546,0.000000,2.056371,933.8500,0.05,12809224423.225
4,2023-11-02,2023-12-04,593,21,1575,0,15.2608,0.000000,3.208924,1434.3000,0.05,589982173.95
4,2023-11-02,2023-12-04,603,21,1575,0,15.9368,3.124844,3.138336,551.2000,0.05,753459270.275
4,2023-11-02,2023-12-04,609,21,1575,0,38.8129,17.843134,15.586829,13.7000,0.05,711474294.1
4,2023-11-02,2023-12-04,611,21,1575,0,11.5828,3.365919,3.731841,84.6000,0.05,2053613760.45
4,2023-11-02,2023-12-04,612,21,1575,0,17.7401,0.000000,3.336212,137.5500,0.05,684102964.5
4,2023-11-02,2023-12-04,627,21,1575,0,12.2435,2.185956,2.809218,411.8000,0.05,1150731225.0
4,2023-11-02,2023-12-04,631,21,1575,0,20.2966,2.862883,3.272521,403.8000,0.05,496667071.05
4,2023-11-02,2023-12-04,634,21,1575,0,14.3863,3.411407,2.848772,2597.5500,0.05,1362196743.725
4,2023-11-02,2023-12-04,647,21,1575,0,12.2107,1.597805,2.481865,1487.6000,0.05,3429468740.85
4,2023-11-02,2023-12-04,653,21,1575,1,8.1891,1.380216,1.963787,1405.9000,0.05,7900892492.375
4,2023-11-02,2023-12-04,663,21,1575,0,19.9670,2.188631,4.076772,89.9000,0.05,870206860.4
4,2023-11-02,2023-12-04,672,21,1575,0,9.2107,1.982261,2.308350,360.2000,0.05,3800720668.275
4,2023-11-02,2023-12-04,698,21,1575,0,13.1325,2.295525,2.775526,649.7500,0.05,1315042889.6
4,2023-11-02,2023-12-04,720,21,1575,0,21.5372,0.000000,4.151962,400.7500,0.05,366660614.425
4,2023-11-02,2023-12-04,722,21,1575,0,11.8005,2.240263,2.575410,770.0500,0.05,1310713186.0
4,2023-11-02,2023-12-04,725,21,1575,0,12.4859,1.583598,2.995750,522.0000,0.05,1005314936.475
4,2023-11-02,2023-12-04,750,21,1575,0,22.1222,0.000000,3.537580,2721.7500,0.05,370798827.625
4,2023-11-02,2023-12-04,771,21,1575,4,8.6649,2.271477,2.287582,349.5000,0.05,6199536843.450001
4,2023-11-02,2023-12-04,780,21,1575,0,26.4105,4.419559,4.237161,1440.6500,0.05,945458796.075
4,2023-11-02,2023-12-04,798,21,1575,0,14.4837,2.737341,3.171325,371.6000,0.05,535312392.70000005
4,2023-11-02,2023-12-04,805,21,1575,0,16.7183,2.179227,3.164790,461.7000,0.05,708933176.65
4,2023-11-02,2023-12-04,818,21,1575,0,9.7095,1.279953,2.182169,3057.8000,0.05,4146752301.075
4,2023-11-02,2023-12-04,823,21,1575,0,17.5744,1.294694,3.174704,1204.4500,0.05,629253188.0250001
4,2023-11-02,2023-12-04,827,21,1575,0,13.8051,1.683997,2.824014,1547.0000,0.05,2928940053.2250004
4,2023-11-02,2023-12-04,838,21,1575,0,19.0639,5.145988,4.999943,43.9500,0.05,772493020.2
4,2023-11-02,2023-12-04,853,21,1575,0,24.4335,0.000000,4.510651,151.7500,0.05,864997803.75
4,2023-11-02,2023-12-04,863,21,1575,0,10.4075,2.039572,2.511961,527.0000,0.05,597176516.75
4,2023-11-02,2023-12-04,865,21,1575,0,8.7970,1.419483,1.965052,10459.0000,0.05,4049599087.7
4,2023-11-02,2023-12-04,878,21,1575,64,29.9148,5.185453,6.312832,578.0000,0.05,415363862.85
4,2023-11-02,2023-12-04,886,21,1575,0,18.5771,3.747906,3.623185,945.7000,0.05,510068423.7
4,2023-11-02,2023-12-04,910,21,1575,0,15.6748,2.637209,2.971430,2160.1000,0.05,874470688.1
4,2023-11-02,2023-12-04,925,21,1575,0,16.0771,1.641183,3.214837,1332.0000,0.05,496682955.9
4,2023-11-02,2023-12-04,938,21,1575,0,14.2196,2.900632,3.762831,91.1100,0.05,708342533.05
4,2023-11-02,2023-12-04,939,21,1575,16,16.4973,2.791590,3.165088,915.5000,0.05,1022177800.575
4,2023-11-02,2023-12-04,943,21,1575,0,25.3325,3.300961,4.975336,45.0300,0.05,325681857.275
4,2023-11-02,2023-12-04,956,21,1575,6,9.1294,2.184328,2.119440,1210.8000,0.05,1074248309.275
4,2023-11-02,2023-12-04,970,21,1575,0,21.1229,1.845935,4.736165,52.3500,0.05,531607596.3
4,2023-11-02,2023-12-04,982,21,1575,29,19.3237,5.460147,4.145801,51.9000,0.05,935340183.325
4,2023-11-02,2023-12-04,990,21,1575,0,13.2376,1.577527,2.893257,251.2000,0.05,1900874466.65
4,2023-11-02,2023-12-04,994,21,1575,0,19.5338,1.706519,3.906029,1337.8500,0.05,458217948.475
4,2023-11-02,2023-12-04,1007,21,1575,1,12.9492,1.698265,2.634020,177.4000,0.05,1531804731.75
4,2023-11-02,2023-12-04,1028,21,1575,0,13.9790,3.369691,2.753378,37547.9000,0.05,744271719.5
4,2023-11-02,2023-12-04,1049,21,1575,0,15.3281,1.907116,2.905105,3181.3000,0.05,1498274163.95
4,2023-11-02,2023-12-04,1051,21,1575,0,25.1656,0.000000,4.230857,314.1500,0.05,1620083963.0500002
4,2023-11-02,2023-12-04,1061,21,1575,1,11.7058,2.639082,2.432600,1241.5000,0.05,723686023.85
4,2023-11-02,2023-12-04,1062,21,1575,0,16.2062,1.656852,3.189659,3698.3500,0.05,829069157.1500001
4,2023-11-02,2023-12-04,1068,21,1575,0,17.2145,2.681786,3.877298,72.9500,0.05,3039078888.65
4,2023-11-02,2023-12-04,1076,21,1575,0,13.7218,1.129319,2.633669,5183.0000,0.05,1102979458.8000002
4,2023-11-02,2023-12-04,1080,21,1575,0,11.9953,2.151607,2.541520,210.0000,0.05,1977305997.475
4,2023-11-02,2023-12-04,1132,21,1575,0,19.0896,0.000000,3.502462,236.5000,0.05,1676547443.175
4,2023-11-02,2023-12-04,1135,21,1575,0,23.3533,0.000000,3.865397,336.2500,0.05,1277486824.8
4,2023-11-02,2023-12-04,1140,21,1575,0,6.8098,0.958038,1.715588,1181.0000,0.05,13164055742.599998
4,2023-11-02,2023-12-04,1173,21,1575,0,19.5598,0.746684,3.802155,163.6500,0.05,1458036665.925
4,2023-11-02,2023-12-04,1179,21,1575,0,14.6761,3.341226,3.627060,89.0000,0.05,1154599541.775
4,2023-11-02,2023-12-04,1206,21,1575,0,10.1718,2.288390,2.565054,747.6000,0.05,806250985.3
4,2023-11-02,2023-12-04,1208,21,1575,0,13.4207,0.000000,2.660561,1388.1500,0.05,1183545050.825
4,2023-11-02,2023-12-04,1209,21,1575,0,8.0985,1.751845,2.109458,572.8000,0.05,7867341309.3
4,2023-11-02,2023-12-04,1250,21,1575,1,12.5510,3.119636,2.514400,26141.1000,0.05,782460882.15
4,2023-11-02,2023-12-04,1261,21,1575,0,15.3412,1.643566,2.871149,2693.7500,0.05,1008151062.65
4,2023-11-02,2023-12-04,1305,21,1575,0,12.7790,3.667814,2.683038,2347.4500,0.05,1049976226.325
4,2023-11-02,2023-12-04,1334,21,1575,0,10.0492,2.106153,2.406456,1190.7500,0.05,2019855419.275
4,2023-11-02,2023-12-04,1341,21,1575,0,22.7191,0.000000,3.808657,4212.6000,0.05,279265006.75
4,2023-11-02,2023-12-04,1349,21,1575,333,44.4966,6.134781,7.400812,39.2000,0.05,1335300326.5
4,2023-11-02,2023-12-04,1366,21,1575,0,10.7642,1.732754,2.356851,916.0000,0.05,811368054.425
4,2023-11-02,2023-12-04,1367,21,1575,0,14.6343,1.591636,2.785472,8313.4000,0.05,823897272.425
4,2023-11-02,2023-12-04,1372,21,1575,0,14.4343,1.876460,2.912258,260.5000,0.05,1711660048.275
4,2023-11-02,2023-12-04,1373,21,1575,0,11.2845,2.413642,2.962305,118.5400,0.05,3860226101.975
4,2023-11-02,2023-12-04,1383,21,1575,0,8.3651,1.396622,1.811253,3467.9000,0.05,5493571864.9
4,2023-11-02,2023-12-04,1386,21,1575,0,11.2620,1.621065,2.622717,1122.2000,0.05,2309619647.3999996
4,2023-11-02,2023-12-04,1406,21,1575,0,29.7501,0.000000,3.629404,3198.0000,0.05,493853714.125
4,2023-11-02,2023-12-04,1415,21,1575,0,9.7867,1.623261,2.267844,3335.8500,0.05,2209521148.7
4,2023-11-02,2023-12-04,1420,21,1575,0,13.4166,3.028347,2.586036,2070.0000,0.05,439676741.975
4,2023-11-02,2023-12-04,1426,21,1575,1,20.9142,0.000000,2.949505,1714.3000,0.05,718350267.575
4,2023-11-02,2023-12-04,1438,21,1575,0,13.6677,1.042923,2.439670,1705.4500,0.05,1264838306.775
4,2023-11-02,2023-12-04,1451,21,1575,1,9.2133,1.152678,2.133007,8517.0000,0.05,2237968007.175
4,2023-11-02,2023-12-04,1455,21,1575,0,20.0020,3.857023,3.875014,97.7100,0.05,1192857590.5
4,2023-11-02,2023-12-04,1461,21,1575,0,10.6173,2.159823,2.538306,537.2000,0.05,1235936095.725
4,2023-11-02,2023-12-04,1480,21,1575,0,19.4392,2.723815,3.054281,412.4000,0.05,1733677017.95
4,2023-11-02,2023-12-04,1481,21,1575,2,17.3390,3.102170,3.184731,103.2000,0.05,2102595419.35
4,2023-11-02,2023-12-04,1510,21,1575,0,12.2227,1.987347,2.485791,827.4500,0.05,852597326.875
4,2023-11-02,2023-12-04,1532,21,1575,6,9.6306,1.736674,2.338100,189.3500,0.05,1586873058.0
4,2023-11-02,2023-12-04,1539,21,1575,0,30.0030,12.229163,10.763796,19.5000,0.05,1867964568.3
4,2023-11-02,2023-12-04,9424,21,1575,0,13.3372,1.473558,2.640625,3806.5500,0.05,1051748862.5
4,2023-11-02,2023-12-04,9486,21,1575,0,17.9199,3.768548,4.011427,60.4000,0.05,810613081.125
4,2023-11-02,2023-12-04,9674,21,1575,0,14.8511,2.732569,3.037916,632.9500,0.05,482612735.85
4,2023-11-02,2023-12-04,9752,21,1575,0,16.5938,3.472230,3.116426,894.9000,0.05,2147862739.375
4,2023-11-02,2023-12-04,9754,21,1575,0,18.2754,3.704472,4.149501,75.2500,0.05,1514305854.05
4,2023-11-02,2023-12-04,9882,21,1575,1,18.6224,2.931173,3.507916,179.6000,0.05,800565467.2
4,2023-11-02,2023-12-04,9894,21,1575,1,16.8372,1.405818,2.967662,299.4000,0.05,597591085.8
4,2023-11-02,2023-12-04,9936,21,1575,0,21.8632,3.826465,4.531504,1895.0000,0.05,458545239.15
4,2023-11-02,2023-12-04,9973,21,1575,3,15.5088,1.724871,3.237417,1114.0000,0.05,1330846084.0
4,2023-11-02,2023-12-04,9983,21,1575,0,16.2711,3.020376,3.392256,564.0000,0.05,555738487.5
4,2023-11-02,2023-12-04,10071,21,1575,0,22.2653,0.000000,4.113919,163.7500,0.05,990237705.2
4,2023-11-02,2023-12-04,10188,21,1575,0,26.1534,0.000000,4.735333,861.5000,0.05,545420685.5999999
4,2023-11-02,2023-12-04,10431,21,1575,0,28.9861,0.000000,4.576759,329.3500,0.05,459913084.075
4,2023-11-02,2023-12-04,11084,21,1575,0,15.6416,0.930118,3.044260,397.2500,0.05,1130924827.8
4,2023-11-02,2023-12-04,11452,21,1575,0,25.6069,0.370309,3.996209,791.7000,0.05,894169619.45
4,2023-11-02,2023-12-04,11457,21,1575,0,29.7556,0.000000,4.579182,295.9000,0.05,518547249.7
4,2023-11-02,2023-12-04,11480,21,1575,0,25.6214,0.000000,3.649400,608.0500,0.05,893195688.15
4,2023-11-02,2023-12-04,11705,21,1575,0,19.3233,3.340547,3.688274,996.0000,0.05,1968840957.75
5,2023-12-05,2024-01-03,15,21,1575,0,19.3162,3.015775,3.759238,4754.8000,0.05,926379142.95
5,2023-12-05,2024-01-03,17,21,1575,0,16.8189,4.011980,3.997879,165.2500,0.05,495867177.0
5,2023-12-05,2024-01-03,24,21,1575,0,33.7248,1.779596,5.453788,2784.7000,0.05,7322236865.55
5,2023-12-05,2024-01-03,26,21,1575,30,47.2963,0.000000,6.085442,1537.0000,0.05,1213109488.0
5,2023-12-05,2024-01-03,27,21,1575,0,29.6030,0.000000,5.193384,1037.4000,0.05,3542680368.15
5,2023-12-05,2024-01-03,28,21,1575,40,38.9093,8.973680,8.188571,104.6000,0.05,1517504256.725
5,2023-12-05,2024-01-03,58,21,1575,0,16.7772,2.025069,3.234697,4912.7000,0.05,432722309.25
5,2023-12-05,2024-01-03,70,21,1575,0,25.2533,3.147524,4.430100,513.7000,0.05,1778115930.6
5,2023-12-05,2024-01-03,87,21,1575,0,17.1778,2.436198,3.168576,1595.9000,0.05,741392911.35
5,2023-12-05,2024-01-03,90,21,1575,0,14.3968,1.248811,2.739572,5548.3500,0.05,1728508920.0
5,2023-12-05,2024-01-03,118,21,1575,4,17.6462,0.000000,3.844805,85.2000,0.05,1358328093.6
5,2023-12-05,2024-01-03,120,21,1575,0,10.7448,2.166814,2.320917,3313.5000,0.05,2531442094.25
5,2023-12-05,2024-01-03,125,21,1575,0,15.2973,2.596499,3.273502,1926.4500,0.05,782849100.75
5,2023-12-05,2024-01-03,133,21,1575,0,18.4292,2.745338,3.750116,757.9000,0.05,1003370040.4
5,2023-12-05,2024-01-03,135,21,1575,0,20.7392,3.528834,3.864151,1036.8500,0.05,986751949.4
5,2023-12-05,2024-01-03,143,21,1575,0,13.4723,1.700198,2.813539,1113.3000,0.05,8079646609.6
5,2023-12-05,2024-01-03,150,21,1575,0,14.5767,0.000000,2.564353,6194.0000,0.05,1408839388.5
5,2023-12-05,2024-01-03,153,21,1575,0,13.4344,1.490797,2.729423,1694.0000,0.05,2040854645.0
5,2023-12-05,2024-01-03,156,21,1575,39,12.3875,2.201052,2.943386,736.0000,0.05,5734360344.5
5,2023-12-05,2024-01-03,168,21,1575,0,21.3806,2.216205,4.111049,239.5000,0.05,1736379489.75
5,2023-12-05,2024-01-03,170,21,1575,0,21.0031,0.793317,3.844731,202.3500,0.05,3494133152.0
5,2023-12-05,2024-01-03,172,21,1575,0,25.1272,0.562967,4.741956,104.7100,0.05,975291304.0
5,2023-12-05,2024-01-03,182,21,1575,0,35.3353,0.000000,5.510884,756.2000,0.05,483153986.7
5,2023-12-05,2024-01-03,185,21,1575,0,21.1651,0.000000,4.137997,171.2500,0.05,1315266832.45
5,2023-12-05,2024-01-03,196,21,1575,0,16.5118,2.867834,3.308206,1197.9500,0.05,872655849.0
5,2023-12-05,2024-01-03,200,21,1575,0,11.6436,1.419313,2.642577,1000.3500,0.05,3556793342.6
5,2023-12-05,2024-01-03,201,21,1575,0,29.1135,0.000000,4.933638,181.9000,0.05,1830579969.6
5,2023-12-05,2024-01-03,206,21,1575,0,19.6183,1.411824,3.640834,248.6000,0.05,680588397.45
5,2023-12-05,2024-01-03,221,21,1575,0,16.6136,3.441526,3.433404,207.7000,0.05,1045091462.4
5,2023-12-05,2024-01-03,225,21,1575,0,13.9790,1.528098,2.477230,5001.9500,0.05,1271049949.4
5,2023-12-05,2024-01-03,228,21,1575,7,27.7992,4.401977,4.400893,781.0000,0.05,599307380.85
5,2023-12-05,2024-01-03,239,21,1575,2,19.7889,0.000000,3.932968,79.6500,0.05,2262553311.05
5,2023-12-05,2024-01-03,252,21,1575,0,25.2778,4.922248,4.225838,937.1000,0.05,417408102.0
5,2023-12-05,2024-01-03,267,21,1575,0,23.2017,4.261095,4.041131,454.9000,0.05,562947458.85
5,2023-12-05,2024-01-03,273,21,1575,0,15.8183,2.872740,3.325397,1232.2000,0.05,1361477598.35
5,2023-12-05,2024-01-03,279,21,1575,0,12.9339,2.220479,2.629188,1223.8000,0.05,1542922410.15
5,2023-12-05,2024-01-03,283,21,1575,0,19.6088,0.764859,3.545938,333.5500,0.05,1497597490.5
5,2023-12-05,2024-01-03,284,21,1575,0,31.8696,0.000000,5.462605,644.6500,0.05,680083302.6
5,2023-12-05,2024-01-03,285,21,1575,0,14.0942,2.134731,2.684729,2387.1500,0.05,569834437.2
5,2023-12-05,2024-01-03,288,21,1575,0,21.4735,3.313520,3.744264,681.6000,0.05,679556992.8
5,2023-12-05,2024-01-03,302,21,1575,0,17.6090,2.233436,3.509478,298.2500,0.05,518337763.5
5,2023-12-05,2024-01-03,306,21,1575,0,20.3260,0.760575,3.487342,1957.1500,0.05,950642530.75
5,2023-12-05,2024-01-03,311,21,1575,0,11.1579,1.775410,2.467228,546.0500,0.05,861264820.0
5,2023-12-05,2024-01-03,345,21,1575,0,15.1112,1.789599,3.107647,3733.3500,0.05,1199142994.15
5,2023-12-05,2024-01-03,346,21,1575,0,21.2701,1.559580,3.553626,6370.8500,0.05,1349808293.25
5,2023-12-05,2024-01-03,347,21,1575,0,16.8863,3.504144,3.304843,698.0000,0.05,1531933260.0
5,2023-12-05,2024-01-03,356,21,1575,0,12.3757,1.751064,2.587173,1130.6500,0.05,1655289360.5
5,2023-12-05,2024-01-03,368,21,1575,0,15.7878,1.540088,2.906960,4053.1500,0.05,1738458485.4
5,2023-12-05,2024-01-03,409,21,1575,0,15.4352,2.612973,3.412890,154.7500,0.05,1532165910.9
5,2023-12-05,2024-01-03,423,21,1575,0,17.5189,2.085124,3.085099,392.0000,0.05,264088461.75
5,2023-12-05,2024-01-03,430,21,1575,0,26.9367,3.886879,4.937605,130.6400,0.05,1197288717.75
5,2023-12-05,2024-01-03,465,21,1575,0,23.4966,1.692909,4.193834,824.0500,0.05,559110312.3
5,2023-12-05,2024-01-03,479,21,1575,0,14.4691,1.803826,3.011388,1049.0500,0.05,801469291.1
5,2023-12-05,2024-01-03,481,21,1575,0,19.4591,3.559641,3.683303,1980.1000,0.05,733617375.3
5,2023-12-05,2024-01-03,496,21,1575,0,14.2763,2.035370,2.982377,2081.5500,0.05,935177494.9
5,2023-12-05,2024-01-03,524,21,1575,0,22.2530,0.000000,3.686387,2776.0000,0.05,2845940569.15
5,2023-12-05,2024-01-03,529,21,1575,0,15.0785,3.160810,3.234001,1348.2000,0.05,763838449.5
5,2023-12-05,2024-01-03,534,21,1575,0,13.7689,1.742593,2.958024,1444.5000,0.05,2448497239.8
5,2023-12-05,2024-01-03,536,21,1575,10,17.1357,3.392571,3.520725,1478.2000,0.05,886640495.4
5,2023-12-05,2024-01-03,537,21,1575,1,8.7829,1.803430,2.118970,829.0000,0.05,22409433773.65
5,2023-12-05,2024-01-03,538,21,1575,0,15.2172,2.027699,2.871067,669.0000,0.05,1689561447.3
5,2023-12-05,2024-01-03,546,21,1575,0,15.5842,0.952705,2.965554,3682.6000,0.05,1294357404.1
5,2023-12-05,2024-01-03,556,21,1575,0,17.4667,2.081198,3.051983,558.9000,0.05,2402079677.4
5,2023-12-05,2024-01-03,562,21,1575,0,30.6866,0.000000,5.166504,215.9000,0.05,884298821.95
5,2023-12-05,2024-01-03,563,21,1575,0,8.5047,1.646001,2.051994,2563.0000,0.05,3430803441.7
5,2023-12-05,2024-01-03,590,21,1575,0,11.1762,1.881584,2.669180,1004.1500,0.05,12937871542.8
5,2023-12-05,2024-01-03,593,21,1575,0,13.1026,1.885738,2.749435,1442.1000,0.05,592378916.4
5,2023-12-05,2024-01-03,603,21,1575,0,14.0417,1.689516,2.911619,532.3500,0.05,741100152.0
5,2023-12-05,2024-01-03,609,21,1575,3,48.9985,17.624113,16.396972,13.4500,0.05,821730853.2
5,2023-12-05,2024-01-03,611,21,1575,0,17.5620,3.970017,3.989623,88.3500,0.05,2076313809.8
5,2023-12-05,2024-01-03,612,21,1575,0,25.3825,0.000000,4.554618,153.6000,0.05,703608895.5
5,2023-12-05,2024-01-03,627,21,1575,0,16.0330,2.053881,3.123646,437.9500,0.05,1115791191.75
5,2023-12-05,2024-01-03,631,21,1575,0,21.0072,2.703377,3.993613,403.1500,0.05,471529559.35
5,2023-12-05,2024-01-03,634,21,1575,0,15.6227,2.572281,3.115329,2930.0000,0.05,1421072073.75
5,2023-12-05,2024-01-03,647,21,1575,0,13.8393,1.934820,2.913342,1558.8500,0.05,3548540260.1
5,2023-12-05,2024-01-03,653,21,1575,0,12.0250,0.000000,2.359638,1503.1000,0.05,7928174254.0
5,2023-12-05,2024-01-03,663,21,1575,0,20.9965,3.503406,4.149546,110.7400,0.05,895987302.0
5,2023-12-05,2024-01-03,672,21,1575,0,11.6645,1.915170,2.628529,376.8500,0.05,3783614438.5
5,2023-12-05,2024-01-03,698,21,1575,0,19.3390,2.309170,3.630666,731.2500,0.05,1245005031.0
5,2023-12-05,2024-01-03,720,21,1575,0,26.8864,3.710795,5.180503,422.3000,0.05,519414133.2
5,2023-12-05,2024-01-03,722,21,1575,0,16.1748,1.379565,3.213005,852.4500,0.05,1328608352.8
5,2023-12-05,2024-01-03,725,21,1575,0,14.7776,0.744144,3.112031,561.9000,0.05,941975805.6
5,2023-12-05,2024-01-03,750,21,1575,0,22.5309,2.439843,4.319020,3035.1000,0.05,395864684.8
5,2023-12-05,2024-01-03,771,21,1575,1,10.8796,1.884720,2.512719,370.2000,0.05,6280932097.5
5,2023-12-05,2024-01-03,780,21,1575,0,20.6152,0.000000,3.659722,1491.2000,0.05,1076088332.55
5,2023-12-05,2024-01-03,798,21,1575,0,21.4289,0.000000,4.092896,397.2000,0.05,531506869.3
5,2023-12-05,2024-01-03,805,21,1575,0,18.4412,0.000000,3.488910,530.3500,0.05,696554274.4
5,2023-12-05,2024-01-03,818,21,1575,0,12.4911,0.000000,2.618003,3447.9500,0.05,4197547330.2
5,2023-12-05,2024-01-03,823,21,1575,0,16.2225,1.910624,3.227521,1262.4000,0.05,669009070.3
5,2023-12-05,2024-01-03,827,21,1575,0,14.2991,0.781957,2.916129,1682.5500,0.05,2901039832.5
5,2023-12-05,2024-01-03,838,21,1575,0,24.5225,3.502619,5.991527,46.0000,0.05,789574500.0
5,2023-12-05,2024-01-03,853,21,1575,0,25.5703,2.952842,4.006274,171.1000,0.05,884453552.8
5,2023-12-05,2024-01-03,863,21,1575,0,13.3453,2.797717,2.884278,537.9000,0.05,594618424.8
5,2023-12-05,2024-01-03,865,21,1575,0,12.1612,0.000000,2.253603,10294.5000,0.05,3969924857.55
5,2023-12-05,2024-01-03,878,21,1575,79,24.0708,5.733745,5.320457,640.0000,0.05,465126834.95
5,2023-12-05,2024-01-03,886,21,1575,0,17.7326,0.000000,3.230228,970.2000,0.05,531909486.8
5,2023-12-05,2024-01-03,910,21,1575,0,22.3630,4.540667,4.325925,2472.7000,0.05,849339469.1
5,2023-12-05,2024-01-03,925,21,1575,0,15.4379,1.712189,2.742674,1465.0000,0.05,479882308.2
5,2023-12-05,2024-01-03,938,21,1575,1,35.3503,4.097321,5.912574,109.6100,0.05,699290225.6
5,2023-12-05,2024-01-03,939,21,1575,1,19.7803,3.107234,3.758266,1016.5000,0.05,1009104649.2
5,2023-12-05,2024-01-03,943,21,1575,0,30.3334,1.904610,5.681050,53.7300,0.05,362526603.15
5,2023-12-05,2024-01-03,956,21,1575,11,11.9093,1.366410,2.437509,1255.4000,0.05,1116052598.25
5,2023-12-05,2024-01-03,970,21,1575,0,26.6848,0.000000,5.306283,64.5000,0.05,567418574.25
5,2023-12-05,2024-01-03,982,21,1575,7,25.0531,2.642840,4.511334,59.3500,0.05,996155456.1
5,2023-12-05,2024-01-03,990,21,1575,0,19.9184,1.682862,3.587123,302.8000,0.05,1896871017.6
5,2023-12-05,2024-01-03,994,21,1575,0,18.4519,3.234924,3.544456,1439.0000,0.05,485550437.4
5,2023-12-05,2024-01-03,1007,21,1575,1,17.6581,1.365676,3.255700,187.7000,0.05,1530506023.2
5,2023-12-05,2024-01-03,1028,21,1575,0,13.3696,3.004244,2.862006,37600.0000,0.05,731523579.0
5,2023-12-05,2024-01-03,1049,21,1575,0,18.9892,2.689485,3.498603,3568.5000,0.05,1600686855.0
5,2023-12-05,2024-01-03,1050,21,1575,0,14.8681,2.568412,3.469988,204.9000,0.05,422883949.25
5,2023-12-05,2024-01-03,1051,21,1575,0,27.3667,0.000000,4.873773,388.8500,0.05,1943612560.8
5,2023-12-05,2024-01-03,1061,21,1575,0,13.7497,2.497484,2.721409,1320.1000,0.05,721419679.4
5,2023-12-05,2024-01-03,1062,21,1575,0,19.4184,3.254336,3.077468,3461.5000,0.05,830615653.6
5,2023-12-05,2024-01-03,1068,21,1575,0,22.2739,1.722579,4.346027,84.9000,0.05,2897083062.5
5,2023-12-05,2024-01-03,1076,21,1575,0,16.3936,1.383477,3.116916,5474.0000,0.05,1401742480.9
5,2023-12-05,2024-01-03,1080,21,1575,0,16.8682,1.217006,3.213819,232.9000,0.05,2029768780.5
5,2023-12-05,2024-01-03,1132,21,1575,0,29.5809,0.000000,5.110553,275.9500,0.05,1697704095.15
5,2023-12-05,2024-01-03,1135,21,1575,0,28.7991,0.000000,4.748664,413.3500,0.05,1621459906.6
5,2023-12-05,2024-01-03,1140,21,1575,0,10.7257,1.884154,2.299776,1270.0000,0.05,13190839551.8
5,2023-12-05,2024-01-03,1173,21,1575,0,25.9241,0.000000,4.837827,178.5000,0.05,1456819323.0
5,2023-12-05,2024-01-03,1179,21,1575,0,28.3468,0.000000,4.948663,111.4000,0.05,1143432595.95
5,2023-12-05,2024-01-03,1206,21,1575,0,13.3461,0.227763,2.899655,766.0000,0.05,803940950.55
5,2023-12-05,2024-01-03,1208,21,1575,0,12.8859,1.392715,2.814305,1437.0000,0.05,1175102435.65
5,2023-12-05,2024-01-03,1209,21,1575,0,15.7381,3.266766,3.016733,639.0500,0.05,7882667597.7
5,2023-12-05,2024-01-03,1250,21,1575,4,12.3864,2.400070,2.434793,28478.4500,0.05,761156733.8
5,2023-12-05,2024-01-03,1261,21,1575,0,20.0707,1.899774,3.348867,3006.8500,0.05,1018546238.5
5,2023-12-05,2024-01-03,1305,21,1575,0,15.8471,0.000000,2.907030,2448.0000,0.05,996363907.7
5,2023-12-05,2024-01-03,1334,21,1575,0,11.5022,2.109902,2.768742,1242.4500,0.05,2017293961.9
5,2023-12-05,2024-01-03,1341,21,1575,0,18.3131,3.960689,3.453844,4485.0500,0.05,350873107.25
5,2023-12-05,2024-01-03,1366,21,1575,0,14.2556,2.398807,2.943966,958.6000,0.05,826771144.5
5,2023-12-05,2024-01-03,1367,21,1575,0,15.5372,2.370390,3.065501,8767.9500,0.05,812456450.65
5,2023-12-05,2024-01-03,1372,21,1575,0,25.3391,1.239188,4.212617,329.0000,0.05,1754230838.8
5,2023-12-05,2024-01-03,1373,21,1575,0,15.6364,2.397916,3.268187,127.5700,0.05,3811774429.8
5,2023-12-05,2024-01-03,1383,21,1575,0,13.0545,1.292658,2.584897,3781.6000,0.05,5563501516.9
5,2023-12-05,2024-01-03,1386,21,1575,0,16.7662,1.313545,3.292531,1180.5000,0.05,2224082203.5
5,2023-12-05,2024-01-03,1406,21,1575,0,29.0537,2.750769,4.272165,3595.6000,0.05,454082614.2
5,2023-12-05,2024-01-03,1415,21,1575,0,11.1248,0.996690,2.401705,3616.9500,0.05,2224980510.0
5,2023-12-05,2024-01-03,1420,21,1575,0,15.1613,3.306832,3.326110,2155.8000,0.05,459918750.0
5,2023-12-05,2024-01-03,1426,21,1575,0,16.9009,1.668084,3.040612,1980.0000,0.05,722220283.2
5,2023-12-05,2024-01-03,1438,21,1575,0,14.9527,0.995685,2.785275,1977.4000,0.05,1211267340.0
5,2023-12-05,2024-01-03,1451,21,1575,1,11.5806,0.000000,2.430998,9755.0000,0.05,2120722921.8
5,2023-12-05,2024-01-03,1455,21,1575,0,24.8513,0.000000,4.339005,109.1200,0.05,1161113316.8
5,2023-12-05,2024-01-03,1461,21,1575,0,14.1221,0.000000,2.847068,566.9000,0.05,1207566066.6
5,2023-12-05,2024-01-03,1480,21,1575,2,21.2693,0.000000,3.413046,464.3500,0.05,1674755516.35
5,2023-12-05,2024-01-03,1481,21,1575,0,21.5448,0.888151,3.790341,114.4000,0.05,1932234080.4
5,2023-12-05,2024-01-03,1510,21,1575,0,17.4009,2.141267,3.551294,895.5000,0.05,809949348.0
5,2023-12-05,2024-01-03,1532,21,1575,2,18.9495,0.000000,3.508676,209.8500,0.05,1535795795.7
5,2023-12-05,2024-01-03,1539,21,1575,0,33.6901,8.731764,9.940927,21.1000,0.05,2025941907.0
5,2023-12-05,2024-01-03,9424,21,1575,0,14.1866,0.499751,2.889248,4034.2000,0.05,1028065789.45
5,2023-12-05,2024-01-03,9486,21,1575,0,21.9627,3.789355,4.441312,64.3000,0.05,820239139.3
5,2023-12-05,2024-01-03,9674,21,1575,0,18.8554,2.012605,3.664599,672.2500,0.05,504084403.2
5,2023-12-05,2024-01-03,9752,21,1575,1,24.0412,0.000000,3.988487,635.0500,0.05,2159422593.3
5,2023-12-05,2024-01-03,9754,21,1575,0,33.4714,0.000000,5.939783,96.4000,0.05,1566937586.6
5,2023-12-05,2024-01-03,9882,21,1575,0,30.2617,0.000000,5.030240,184.0500,0.05,861102679.8
5,2023-12-05,2024-01-03,9894,21,1575,0,23.0118,0.000000,3.994092,389.8500,0.05,583089159.3
5,2023-12-05,2024-01-03,9973,21,1575,4,19.8814,3.529158,3.870145,1227.0000,0.05,1351689715.2
5,2023-12-05,2024-01-03,9983,21,1575,0,21.8501,1.205169,3.834927,575.0000,0.05,575670148.2
5,2023-12-05,2024-01-03,10071,21,1575,0,23.9678,2.912674,3.980512,172.0000,0.05,889543808.8
5,2023-12-05,2024-01-03,10188,21,1575,0,22.5949,0.000000,3.776585,925.5000,0.05,630120784.8
5,2023-12-05,2024-01-03,10431,21,1575,0,29.2535,1.206069,4.624373,328.9500,0.05,542390109.1
5,2023-12-05,2024-01-03,11084,21,1575,0,16.7601,2.417761,3.168071,410.0000,0.05,1179082917.3000002
5,2023-12-05,2024-01-03,11452,21,1575,0,27.0740,3.906670,4.263813,800.0500,0.05,825570038.15
5,2023-12-05,2024-01-03,11457,21,1575,0,28.7361,1.038107,4.508953,325.9000,0.05,555355264.45
5,2023-12-05,2024-01-03,11480,21,1575,0,19.1264,3.939639,3.752868,680.8000,0.05,853291692.0
5,2023-12-05,2024-01-03,11705,21,1575,0,26.6240,2.592885,5.005407,1063.0500,0.05,1554377190.25
6,2024-01-04,2024-02-02,15,21,1575,0,23.1322,2.945525,3.986248,4788.0000,0.05,950570341.6
6,2024-01-04,2024-02-02,17,21,1575,0,21.4181,2.937492,4.633095,174.7500,0.05,497805120.625
6,2024-01-04,2024-02-02,24,21,1575,0,20.8798,0.000000,4.121689,2939.0000,0.05,7522078262.25
6,2024-01-04,2024-02-02,26,21,1575,0,25.8379,3.023914,4.754612,1683.1000,0.05,1445522889.65
6,2024-01-04,2024-02-02,27,21,1575,0,20.8657,0.000000,4.000629,1191.5000,0.05,3801681134.35
6,2024-01-04,2024-02-02,28,21,1575,37,28.1845,11.434405,9.219866,108.6000,0.05,1818511023.725
6,2024-01-04,2024-02-02,58,21,1575,0,16.4223,1.747285,3.446198,5024.2500,0.05,497545507.4
6,2024-01-04,2024-02-02,70,21,1575,0,26.9576,4.798224,4.419469,534.4500,0.05,1773297890.875
6,2024-01-04,2024-02-02,87,21,1575,0,19.2258,3.309924,3.579363,1512.0500,0.05,825003834.2249999
6,2024-01-04,2024-02-02,90,21,1575,0,15.8388,2.604411,3.087021,5979.1000,0.05,1788538484.85
6,2024-01-04,2024-02-02,118,21,1575,16,16.4683,4.675224,3.945173,84.8000,0.05,1493676342.875
6,2024-01-04,2024-02-02,120,21,1575,0,11.3079,1.862883,2.413110,3174.8500,0.05,2554022615.525
6,2024-01-04,2024-02-02,125,21,1575,0,16.4913,1.882619,3.414365,1819.1000,0.05,783106597.875
6,2024-01-04,2024-02-02,133,21,1575,2,21.5144,1.964825,4.227318,749.1500,0.05,1037066951.25
6,2024-01-04,2024-02-02,135,21,1575,0,26.0395,2.664886,4.534923,1121.4000,0.05,1166879872.875
6,2024-01-04,2024-02-02,143,21,1575,0,18.4906,3.564930,3.393627,1106.9500,0.05,8367997803.9
6,2024-01-04,2024-02-02,150,21,1575,0,15.5054,1.430785,2.820664,6997.5000,0.05,1566553368.0
6,2024-01-04,2024-02-02,153,21,1575,0,13.8450,2.724050,3.326433,1628.7000,0.05,2002749435.0
6,2024-01-04,2024-02-02,156,21,1575,33,14.3085,3.789503,3.496381,734.0000,0.05,5865268511.075
6,2024-01-04,2024-02-02,168,21,1575,0,22.0844,3.651060,4.489701,229.5000,0.05,1751451467.4
6,2024-01-04,2024-02-02,170,21,1575,0,26.5059,3.883920,5.403805,208.2500,0.05,3395273896.1499996
6,2024-01-04,2024-02-02,172,21,1575,0,31.6187,3.194133,5.433485,124.3800,0.05,969618376.525
6,2024-01-04,2024-02-02,182,21,1575,0,28.8641,4.187531,5.290111,861.9000,0.05,521308060.8
6,2024-01-04,2024-02-02,185,21,1575,0,20.0902,4.484022,4.055718,186.5500,0.05,1386201488.275
6,2024-01-04,2024-02-02,196,21,1575,0,18.4961,3.503659,3.698969,1237.4000,0.05,843075823.85
6,2024-01-04,2024-02-02,200,21,1575,0,14.1096,0.000000,2.763256,1102.1500,0.05,3736884920.45
6,2024-01-04,2024-02-02,201,21,1575,0,30.3752,0.783769,5.584829,207.5500,0.05,2055479533.8
6,2024-01-04,2024-02-02,206,21,1575,0,22.5962,4.815637,4.506349,279.6000,0.05,701551477.2
6,2024-01-04,2024-02-02,221,21,1575,0,21.2088,1.193562,3.786864,218.1500,0.05,1171609519.15
6,2024-01-04,2024-02-02,225,21,1575,0,15.3652,1.629156,2.848101,5150.1500,0.05,1311502895.7
6,2024-01-04,2024-02-02,228,21,1575,67,26.8638,3.184473,4.145898,755.0000,0.05,931381290.75
6,2024-01-04,2024-02-02,239,21,1575,2,25.3939,4.352086,4.387049,83.6700,0.05,2219942069.325
6,2024-01-04,2024-02-02,252,21,1575,0,20.7970,3.711161,4.278415,922.0000,0.05,538218406.075
6,2024-01-04,2024-02-02,267,21,1575,0,28.1766,6.280514,4.218553,458.4000,0.05,648664546.325
6,2024-01-04,2024-02-02,273,21,1575,0,23.2771,2.324323,3.773855,1239.7500,0.05,1508298117.9
6,2024-01-04,2024-02-02,279,21,1575,0,17.2914,4.707473,3.090707,1321.7500,0.05,1646141697.075
6,2024-01-04,2024-02-02,283,21,1575,0,19.2119,1.811898,3.676013,361.7500,0.05,1804338959.25
6,2024-01-04,2024-02-02,285,21,1575,0,19.1883,4.676423,2.852693,2496.7500,0.05,583586920.2
6,2024-01-04,2024-02-02,288,21,1575,0,24.1141,1.802049,4.280095,703.8000,0.05,710092424.8
6,2024-01-04,2024-02-02,302,21,1575,0,16.4630,3.794974,3.796468,312.6000,0.05,562965562.7
6,2024-01-04,2024-02-02,306,21,1575,0,20.8446,5.025077,4.205627,2068.8000,0.05,993432969.65
6,2024-01-04,2024-02-02,311,21,1575,0,13.9271,2.540997,2.919989,547.0500,0.05,865902149.525
6,2024-01-04,2024-02-02,345,21,1575,0,16.6015,2.796278,3.250788,3712.4500,0.05,1215014885.7
6,2024-01-04,2024-02-02,346,21,1575,0,20.5297,2.191846,3.633942,6287.3000,0.05,1540957806.15
6,2024-01-04,2024-02-02,347,21,1575,0,20.4850,2.734130,3.863908,778.5500,0.05,1635709421.375
6,2024-01-04,2024-02-02,356,21,1575,1,14.4962,1.863826,2.679653,1154.7000,0.05,1707268021.9
6,2024-01-04,2024-02-02,368,21,1575,0,15.2273,2.218216,3.140528,3812.6500,0.05,1769526216.65
6,2024-01-04,2024-02-02,409,21,1575,0,17.7025,2.475724,4.042757,147.6500,0.05,1533204159.0500002
6,2024-01-04,2024-02-02,430,21,1575,0,27.1858,4.362923,5.018611,148.9000,0.05,1284944432.65
6,2024-01-04,2024-02-02,465,21,1575,0,20.2907,1.271490,3.835816,885.0000,0.05,619482843.775
6,2024-01-04,2024-02-02,479,21,1575,1,18.6454,2.589485,3.485595,1156.6500,0.05,839178833.55
6,2024-01-04,2024-02-02,481,21,1575,0,21.2547,2.946682,4.351369,2302.9500,0.05,801441291.25
6,2024-01-04,2024-02-02,496,21,1575,0,15.9816,4.032090,3.236299,2075.5000,0.05,967680636.75
6,2024-01-04,2024-02-02,524,21,1575,0,20.2447,4.846700,3.850759,3000.0000,0.05,3053845690.25
6,2024-01-04,2024-02-02,529,21,1575,0,17.4508,2.823556,3.277166,1384.3500,0.05,772275042.0
6,2024-01-04,2024-02-02,534,21,1575,0,16.6941,1.128075,3.201588,1554.4500,0.05,2537482953.4
6,2024-01-04,2024-02-02,536,21,1575,1,21.1899,3.292696,3.843628,1649.4000,0.05,1068665177.3499999
6,2024-01-04,2024-02-02,537,21,1575,0,13.1496,1.984225,2.578010,750.0000,0.05,23733513199.95
6,2024-01-04,2024-02-02,538,21,1575,0,15.0256,2.270043,3.090562,612.2500,0.05,1766826306.35
6,2024-01-04,2024-02-02,546,21,1575,0,18.1869,3.169999,3.440123,4189.7000,0.05,1495811306.35
6,2024-01-04,2024-02-02,556,21,1575,0,15.9398,2.253817,3.216038,575.0000,0.05,2421916073.6
6,2024-01-04,2024-02-02,562,21,1575,0,30.3625,3.813491,5.277985,258.6000,0.05,971411855.0
6,2024-01-04,2024-02-02,563,21,1575,0,10.9959,0.000000,2.097047,2545.4500,0.05,3508327364.55
6,2024-01-04,2024-02-02,590,21,1575,0,14.5609,2.160273,3.057473,1002.5500,0.05,14149757142.325
6,2024-01-04,2024-02-02,593,21,1575,0,19.4480,4.021160,3.513982,1455.3500,0.05,588916694.8
6,2024-01-04,2024-02-02,603,21,1575,0,16.4281,0.000000,3.322084,514.5000,0.05,770526322.425
6,2024-01-04,2024-02-02,609,21,1575,0,39.8000,16.583604,14.945044,15.1500,0.05,1012489661.075
6,2024-01-04,2024-02-02,611,21,1575,0,18.2524,3.754362,4.544367,85.4000,0.05,2164115005.825
6,2024-01-04,2024-02-02,612,21,1575,1,24.9171,0.000000,4.861165,147.4000,0.05,779773429.2
6,2024-01-04,2024-02-02,627,21,1575,0,18.9977,3.148838,3.846104,468.4000,0.05,1061485357.1
6,2024-01-04,2024-02-02,631,21,1575,0,26.8556,0.000000,4.639345,421.3000,0.05,480550844.975
6,2024-01-04,2024-02-02,634,21,1575,0,16.0482,3.126614,3.307768,3020.8000,0.05,1533671668.6
6,2024-01-04,2024-02-02,647,21,1575,0,16.6227,1.990780,3.299991,1614.2000,0.05,3605156628.6
6,2024-01-04,2024-02-02,653,21,1575,0,14.1267,1.890550,2.898513,1611.2000,0.05,8025406780.15
6,2024-01-04,2024-02-02,663,21,1575,2,23.5878,0.000000,4.666332,129.3100,0.05,963645342.75
6,2024-01-04,2024-02-02,672,21,1575,0,14.2826,3.071986,3.042922,383.2000,0.05,4067249707.2
6,2024-01-04,2024-02-02,698,21,1575,0,20.4657,0.000000,3.728322,731.5500,0.05,1239579705.875
6,2024-01-04,2024-02-02,720,21,1575,0,29.6717,4.253867,5.580400,478.6000,0.05,748581959.425
6,2024-01-04,2024-02-02,722,21,1575,0,15.8906,2.700810,3.259749,819.2500,0.05,1406416256.1
6,2024-01-04,2024-02-02,725,21,1575,0,20.6606,4.561775,3.965513,525.3000,0.05,935189859.375
6,2024-01-04,2024-02-02,750,21,1575,0,26.8634,0.000000,4.545488,3146.2500,0.05,461885810.825
6,2024-01-04,2024-02-02,771,21,1575,1,15.3357,3.022920,3.164815,364.6000,0.05,6390778245.6
6,2024-01-04,2024-02-02,780,21,1575,0,25.9526,2.253997,4.434938,1530.5000,0.05,1136352747.0
6,2024-01-04,2024-02-02,798,21,1575,0,22.3664,4.450369,4.282257,412.5500,0.05,531527407.775
6,2024-01-04,2024-02-02,805,21,1575,0,19.7333,4.541809,3.772537,576.9500,0.05,758126978.225
6,2024-01-04,2024-02-02,818,21,1575,0,14.9069,1.968590,2.946105,3559.9000,0.05,4350358762.275
6,2024-01-04,2024-02-02,823,21,1575,0,15.1434,2.239625,2.985990,1417.0500,0.05,801733439.025
6,2024-01-04,2024-02-02,827,21,1575,0,15.2984,2.131910,3.173844,1632.3000,0.05,3074066369.1000004
6,2024-01-04,2024-02-02,838,21,1575,0,32.0335,5.752547,6.950799,51.2000,0.05,754918192.325
6,2024-01-04,2024-02-02,853,21,1575,0,27.0653,0.000000,4.409221,175.8000,0.05,906361004.55
6,2024-01-04,2024-02-02,863,21,1575,0,13.9963,1.783239,2.778802,529.3500,0.05,633342227.4
6,2024-01-04,2024-02-02,865,21,1575,0,13.2164,2.534165,2.556821,10004.5500,0.05,4077926085.975
6,2024-01-04,2024-02-02,878,21,1575,92,25.0379,4.424514,5.124369,634.0000,0.05,514340914.5
6,2024-01-04,2024-02-02,886,21,1575,0,19.6589,3.913897,3.648554,907.6500,0.05,534868873.45
6,2024-01-04,2024-02-02,910,21,1575,0,22.2070,3.490950,4.627140,2414.2000,0.05,900911041.5999999
6,2024-01-04,2024-02-02,925,21,1575,0,18.1764,3.215242,3.484668,1416.5000,0.05,485838051.225
6,2024-01-04,2024-02-02,938,21,1575,0,32.6630,0.000000,5.858859,131.2000,0.05,726527309.325
6,2024-01-04,2024-02-02,939,21,1575,12,17.7308,2.944418,3.732987,1020.5000,0.05,1010653446.2750001
6,2024-01-04,2024-02-02,943,21,1575,4,45.8349,0.000000,8.003795,61.7000,0.05,460691220.625
6,2024-01-04,2024-02-02,970,21,1575,0,40.0424,0.000000,6.691087,73.0000,0.05,635938134.35
6,2024-01-04,2024-02-02,982,21,1575,11,23.9251,3.690770,4.964834,65.4000,0.05,1064461080.425
6,2024-01-04,2024-02-02,990,21,1575,0,18.7431,2.334647,3.585978,314.3000,0.05,2137846360.525
6,2024-01-04,2024-02-02,994,21,1575,0,22.2613,2.227674,4.385719,1506.3500,0.05,529486615.5
6,2024-01-04,2024-02-02,1007,21,1575,2,23.7648,3.271690,4.576466,217.4000,0.05,1600524219.125
6,2024-01-04,2024-02-02,1028,21,1575,0,15.5425,2.966743,3.277118,37265.0000,0.05,747186716.125
6,2024-01-04,2024-02-02,1049,21,1575,1,22.1106,0.000000,3.943417,3868.5000,0.05,1750591284.8
6,2024-01-04,2024-02-02,1050,21,1575,0,24.2033,4.612159,4.484404,226.4500,0.05,471518623.275
6,2024-01-04,2024-02-02,1051,21,1575,0,28.3255,3.378494,4.677135,406.4000,0.05,2260883440.95
6,2024-01-04,2024-02-02,1061,21,1575,5,14.4455,3.393591,3.052653,1350.5000,0.05,732081037.075
6,2024-01-04,2024-02-02,1062,21,1575,0,12.1195,2.266047,2.605617,3419.0000,0.05,867009876.35
6,2024-01-04,2024-02-02,1068,21,1575,0,27.3531,4.066909,5.253595,93.3100,0.05,2883790892.225
6,2024-01-04,2024-02-02,1076,21,1575,7,39.1334,0.000000,4.830225,4358.7000,0.05,1515172647.375
6,2024-01-04,2024-02-02,1080,21,1575,0,18.3855,0.000000,3.418184,241.7500,0.05,2126541823.875
6,2024-01-04,2024-02-02,1095,21,1575,0,58.9256,13.964622,7.390192,1290.0000,0.05,249824777.14999998
6,2024-01-04,2024-02-02,1132,21,1575,0,30.1412,1.803251,5.147907,279.3500,0.05,1717320342.375
6,2024-01-04,2024-02-02,1135,21,1575,0,31.6248,5.189959,5.251568,438.4500,0.05,1925247284.55
6,2024-01-04,2024-02-02,1140,21,1575,0,13.1302,0.000000,2.540630,1363.0000,0.05,13619860803.425
6,2024-01-04,2024-02-02,1173,21,1575,63,50.8880,0.000000,7.134970,241.4500,0.05,1691525652.0
6,2024-01-04,2024-02-02,1179,21,1575,0,25.3347,2.103668,5.065146,115.4000,0.05,1214193448.85
6,2024-01-04,2024-02-02,1206,21,1575,0,13.8976,2.672842,2.763417,751.3000,0.05,865239738.95
6,2024-01-04,2024-02-02,1208,21,1575,0,16.8001,1.452135,3.161870,1426.8000,0.05,1211147040.625
6,2024-01-04,2024-02-02,1209,21,1575,0,15.8324,2.125804,3.342265,629.6000,0.05,8314524961.525
6,2024-01-04,2024-02-02,1250,21,1575,0,19.1433,2.866632,3.710481,27440.9500,0.05,746301301.5
6,2024-01-04,2024-02-02,1261,21,1575,0,21.0147,2.804425,3.457250,3146.7000,0.05,1034339109.3
6,2024-01-04,2024-02-02,1305,21,1575,0,16.1033,2.967382,3.244327,2313.9500,0.05,1004557667.35
6,2024-01-04,2024-02-02,1334,21,1575,0,15.4836,0.000000,2.914714,1331.0000,0.05,2081440371.4
6,2024-01-04,2024-02-02,1341,21,1575,1,20.7357,3.721220,4.079815,4150.4500,0.05,387999960.75
6,2024-01-04,2024-02-02,1366,21,1575,0,16.5654,2.536210,3.282912,1125.3500,0.05,860376888.15
6,2024-01-04,2024-02-02,1367,21,1575,0,14.0922,1.848084,3.102492,8354.9000,0.05,790956881.225
6,2024-01-04,2024-02-02,1372,21,1575,0,21.4225,3.042536,4.196117,353.7500,0.05,1814252358.975
6,2024-01-04,2024-02-02,1373,21,1575,0,16.4062,3.289790,3.851984,127.8700,0.05,3806760787.1000004
6,2024-01-04,2024-02-02,1383,21,1575,0,12.2556,1.521005,2.780534,3830.3000,0.05,5770488280.325001
6,2024-01-04,2024-02-02,1386,21,1575,0,19.6004,0.000000,3.992499,1238.6000,0.05,2316819315.3999996
6,2024-01-04,2024-02-02,1415,21,1575,0,14.1441,0.000000,2.698980,3734.6000,0.05,2261399928.175
6,2024-01-04,2024-02-02,1420,21,1575,1,17.6093,4.643690,3.570654,2465.3500,0.05,486896962.7
6,2024-01-04,2024-02-02,1426,21,1575,0,18.5371,2.777332,3.367054,2111.6000,0.05,783566466.85
6,2024-01-04,2024-02-02,1438,21,1575,0,17.3531,0.000000,3.183664,2013.5500,0.05,1227193764.2
6,2024-01-04,2024-02-02,1451,21,1575,2,14.7162,2.739483,2.961681,9785.0000,0.05,2288376616.1
6,2024-01-04,2024-02-02,1455,21,1575,0,30.2988,0.000000,5.251891,122.7000,0.05,1120616159.375
6,2024-01-04,2024-02-02,1461,21,1575,0,14.8019,1.796627,2.822042,530.7000,0.05,1235936095.725
6,2024-01-04,2024-02-02,1480,21,1575,1,19.3619,2.692875,3.538138,507.0000,0.05,1661992234.725
6,2024-01-04,2024-02-02,1481,21,1575,0,22.0721,1.954421,3.928071,123.6000,0.05,1929857932.875
6,2024-01-04,2024-02-02,1510,21,1575,0,23.2172,0.000000,4.087177,1036.7000,0.05,876450329.9000001
6,2024-01-04,2024-02-02,1532,21,1575,2,19.2629,2.850802,3.766327,226.4500,0.05,1603801778.025
6,2024-01-04,2024-02-02,1539,21,1575,0,28.7608,9.729297,8.984328,24.7000,0.05,2020160130.875
6,2024-01-04,2024-02-02,9424,21,1575,0,11.9219,2.302088,2.678859,3797.0500,0.05,1046354870.5
6,2024-01-04,2024-02-02,9486,21,1575,0,23.0196,4.714163,4.994848,72.6000,0.05,837648863.25
6,2024-01-04,2024-02-02,9674,21,1575,0,18.9938,3.072479,3.482079,715.2500,0.05,540409920.2
6,2024-01-04,2024-02-02,9752,21,1575,150,23.9257,3.988389,3.675820,734.7500,0.05,2263869949.575
6,2024-01-04,2024-02-02,9754,21,1575,57,45.4882,0.000000,7.319316,147.2000,0.05,1638258912.95
6,2024-01-04,2024-02-02,9882,21,1575,0,30.4920,3.153053,5.455675,210.4000,0.05,982916746.925
6,2024-01-04,2024-02-02,9894,21,1575,0,22.3522,0.000000,4.216137,435.5000,0.05,591441561.8
6,2024-01-04,2024-02-02,9973,21,1575,3,20.2268,1.770460,4.016818,1256.5000,0.05,1466802539.15
6,2024-01-04,2024-02-02,9983,21,1575,0,22.1157,3.546087,4.034463,601.3000,0.05,644368207.75
6,2024-01-04,2024-02-02,10071,21,1575,0,26.2718,1.793770,4.844894,169.7500,0.05,866859228.05
6,2024-01-04,2024-02-02,10188,21,1575,0,43.6371,4.527537,5.954777,1119.3000,0.05,643585098.15
6,2024-01-04,2024-02-02,10431,21,1575,0,32.4465,5.255984,5.164864,363.3000,0.05,543391562.0
6,2024-01-04,2024-02-02,11084,21,1575,0,21.8943,4.229240,4.258655,458.5500,0.05,1356330135.225
6,2024-01-04,2024-02-02,11452,21,1575,0,31.9292,5.171389,5.046002,879.4500,0.05,815698982.9749999
6,2024-01-04,2024-02-02,11457,21,1575,0,32.0315,0.000000,5.210477,334.8000,0.05,632492221.0999999
6,2024-01-04,2024-02-02,11480,21,1575,0,28.5753,0.000000,4.537946,730.0000,0.05,893195688.15
6,2024-01-04,2024-02-02,11705,21,1575,0,25.1850,1.724953,4.642356,1149.9000,0.05,1545055706.15
7,2024-02-05,2024-03-02,15,21,1521,1,21.8335,3.606541,4.383956,4535.9000,0.05,960785312.0
7,2024-02-05,2024-03-02,17,21,1521,0,21.7719,2.866775,4.453699,184.3000,0.05,558741644.0
7,2024-02-05,2024-03-02,24,21,1521,0,17.6864,0.000000,3.417767,3127.4000,0.05,7678157525.85
7,2024-02-05,2024-03-02,26,21,1521,0,36.4092,0.000000,5.813139,1900.0000,0.05,1503959907.6
7,2024-02-05,2024-03-02,27,21,1521,0,18.8362,0.000000,3.255236,1292.4000,0.05,4091563124.25
7,2024-02-05,2024-03-02,58,21,1521,2,26.6025,0.000000,4.008498,5208.5000,0.05,556861349.95
7,2024-02-05,2024-03-02,70,21,1521,0,22.1712,3.080295,4.391066,584.4000,0.05,1731327020.8
7,2024-02-05,2024-03-02,87,21,1521,0,22.7500,3.800027,4.153097,1428.7000,0.05,896341416.85
7,2024-02-05,2024-03-02,90,21,1521,0,17.3733,2.647456,3.234907,6602.7000,0.05,1822142135.0
7,2024-02-05,2024-03-02,118,21,1521,15,19.2784,2.429612,4.433614,84.2000,0.05,1562076615.4
7,2024-02-05,2024-03-02,120,21,1521,0,11.8705,2.409268,2.575709,2948.2500,0.05,2467924272.0
7,2024-02-05,2024-03-02,125,21,1521,0,20.9096,3.675360,3.966858,1955.6500,0.05,820357527.9
7,2024-02-05,2024-03-02,133,21,1521,0,17.3805,1.278979,3.925110,590.6500,0.05,1106198275.6
7,2024-02-05,2024-03-02,135,21,1521,1,27.0257,3.199205,5.250205,1027.9500,0.05,1363431122.75
7,2024-02-05,2024-03-02,143,21,1521,0,15.9174,2.504260,3.618417,1072.2000,0.05,8609516622.9
7,2024-02-05,2024-03-02,150,21,1521,0,15.6326,1.599894,2.687255,7867.5000,0.05,1765199045.1
7,2024-02-05,2024-03-02,153,21,1521,0,13.5838,1.823082,3.086505,1594.0000,0.05,1925408990.7
7,2024-02-05,2024-03-02,156,21,1521,72,14.1307,3.418791,3.350653,662.0000,0.05,5997007791.8
7,2024-02-05,2024-03-02,168,21,1521,0,21.4596,0.000000,4.401693,202.2000,0.05,1881807904.0
7,2024-02-05,2024-03-02,170,21,1521,0,27.1412,3.714746,5.247307,244.0500,0.05,3422132985.6
7,2024-02-05,2024-03-02,172,21,1521,0,30.9537,6.031553,5.914900,128.2100,0.05,975684160.5
7,2024-02-05,2024-03-02,182,21,1521,1,37.1859,0.000000,6.048315,881.2500,0.05,619890099.4
7,2024-02-05,2024-03-02,185,21,1521,0,21.0311,2.624689,4.052370,188.9000,0.05,1547644677.3
7,2024-02-05,2024-03-02,196,21,1521,3,29.1300,1.648124,5.176549,1143.6500,0.05,872655849.0
7,2024-02-05,2024-03-02,200,21,1521,0,15.8138,2.341677,3.172543,1125.0500,0.05,3742623325.7
7,2024-02-05,2024-03-02,201,21,1521,0,32.7307,0.000000,5.187997,227.6000,0.05,2353423888.9
7,2024-02-05,2024-03-02,206,21,1521,0,27.4691,2.871854,5.254027,275.6500,0.05,764239910.4
7,2024-02-05,2024-03-02,221,21,1521,0,31.6044,6.631496,5.814096,285.2500,0.05,1292974821.9
7,2024-02-05,2024-03-02,225,21,1521,0,15.0428,0.986178,2.893759,4939.0000,0.05,1369305808.5
7,2024-02-05,2024-03-02,228,21,1521,8,27.2596,4.458508,5.785742,780.0000,0.05,1225279386.25
7,2024-02-05,2024-03-02,239,21,1521,4,25.1349,2.911407,4.513058,103.4900,0.05,2220879643.75
7,2024-02-05,2024-03-02,252,21,1521,0,27.9566,0.000000,5.199125,943.5500,0.05,705773731.05
7,2024-02-05,2024-03-02,267,21,1521,0,24.1877,1.783341,4.621896,433.1000,0.05,635216893.2
7,2024-02-05,2024-03-02,273,21,1521,0,18.8115,3.168993,3.734218,1112.6000,0.05,1568056085.55
7,2024-02-05,2024-03-02,279,21,1521,0,15.3502,2.409294,3.074294,1444.9000,0.05,1668530025.0
7,2024-02-05,2024-03-02,283,21,1521,0,27.2016,4.350258,4.830469,417.7000,0.05,2046583003.6
7,2024-02-05,2024-03-02,284,21,1521,0,29.9115,1.632914,5.362034,858.0000,0.05,1381146828.6
7,2024-02-05,2024-03-02,285,21,1521,0,14.5692,2.594916,2.691952,2535.3500,0.05,608498372.7
7,2024-02-05,2024-03-02,288,21,1521,0,24.6494,0.000000,4.625152,771.3500,0.05,730658334.0
7,2024-02-05,2024-03-02,302,21,1521,0,16.3536,2.350755,3.487781,289.7500,0.05,587563605.0
7,2024-02-05,2024-03-02,306,21,1521,0,26.4846,8.209229,4.852297,2617.7000,0.05,1007522755.75
7,2024-02-05,2024-03-02,311,21,1521,0,11.2235,2.346577,2.489193,538.6500,0.05,867104292.5
7,2024-02-05,2024-03-02,345,21,1521,0,14.6998,1.554765,3.330459,3685.8000,0.05,1258459520.25
7,2024-02-05,2024-03-02,346,21,1521,0,20.6716,3.785428,3.763315,6540.0000,0.05,1627913662.8
7,2024-02-05,2024-03-02,347,21,1521,0,18.6092,3.122955,3.720337,856.8500,0.05,1814698052.1
7,2024-02-05,2024-03-02,356,21,1521,0,14.5497,2.308224,3.097713,1266.8000,0.05,1841750831.15
7,2024-02-05,2024-03-02,368,21,1521,0,17.8709,0.000000,3.173881,3898.2500,0.05,1843298652.5
7,2024-02-05,2024-03-02,409,21,1521,0,19.1557,2.672547,4.080687,151.4000,0.05,1555050507.0
7,2024-02-05,2024-03-02,430,21,1521,0,25.0039,4.842496,4.828439,168.8100,0.05,1451995635.0
7,2024-02-05,2024-03-02,465,21,1521,0,24.1800,0.000000,4.087002,887.0000,0.05,662566215.3
7,2024-02-05,2024-03-02,479,21,1521,0,15.5859,2.845256,2.964532,1235.3000,0.05,845203850.6
7,2024-02-05,2024-03-02,481,21,1521,0,23.8172,3.587326,4.643955,2321.2000,0.05,878890014.4
7,2024-02-05,2024-03-02,496,21,1521,0,19.3267,1.720357,3.752192,2161.1000,0.05,971848080.0
7,2024-02-05,2024-03-02,524,21,1521,0,20.7312,2.620279,3.926768,3008.5500,0.05,3387357544.0
7,2024-02-05,2024-03-02,529,21,1521,0,15.6335,1.642637,2.948497,1399.0000,0.05,788981720.0
7,2024-02-05,2024-03-02,534,21,1521,0,14.4359,0.401210,2.939928,1654.5500,0.05,2621474212.85
7,2024-02-05,2024-03-02,536,21,1521,0,19.5066,1.971895,3.867253,1806.5000,0.05,1164676692.9
7,2024-02-05,2024-03-02,537,21,1521,0,11.3276,0.000000,2.310906,709.8000,0.05,24959219937.3
7,2024-02-05,2024-03-02,538,21,1521,0,15.9862,0.510837,3.287343,585.0000,0.05,1774836708.4
7,2024-02-05,2024-03-02,546,21,1521,0,16.5231,2.016065,3.435078,4501.4500,0.05,1689068424.75
7,2024-02-05,2024-03-02,556,21,1521,2,22.3976,1.967785,3.792883,516.2500,0.05,2395008916.35
7,2024-02-05,2024-03-02,562,21,1521,0,35.7807,8.141751,6.944838,313.1500,0.05,1013262781.5
7,2024-02-05,2024-03-02,563,21,1521,0,9.6098,1.205617,2.143357,2400.7000,0.05,3478268899.95
7,2024-02-05,2024-03-02,590,21,1521,0,13.9684,1.667977,3.052406,1033.2000,0.05,14309816320.8
7,2024-02-05,2024-03-02,593,21,1521,0,17.6032,4.622016,3.426129,1639.5000,0.05,590171066.9
7,2024-02-05,2024-03-02,603,21,1521,0,16.4935,1.715085,3.450831,520.2500,0.05,782776972.8
7,2024-02-05,2024-03-02,609,21,1521,0,50.6820,17.337010,15.062894,15.2000,0.05,1342501793.4
7,2024-02-05,2024-03-02,611,21,1521,0,16.8031,3.374996,4.402066,81.8000,0.05,2273062508.1
7,2024-02-05,2024-03-02,612,21,1521,8,23.6560,3.826026,4.434587,145.2000,0.05,903330976.6
7,2024-02-05,2024-03-02,627,21,1521,0,20.1475,2.880646,4.248721,540.6000,0.05,1108270349.55
7,2024-02-05,2024-03-02,631,21,1521,0,29.3006,0.000000,5.339265,505.7500,0.05,506863320.0
7,2024-02-05,2024-03-02,634,21,1521,0,19.5172,1.905035,3.539230,3118.6000,0.05,1616311216.8
7,2024-02-05,2024-03-02,647,21,1521,0,17.5043,1.923234,3.685895,1486.1500,0.05,3742284186.0
7,2024-02-05,2024-03-02,653,21,1521,0,12.2582,1.065411,2.620065,1639.6000,0.05,7873610730.75
7,2024-02-05,2024-03-02,663,21,1521,0,34.5914,7.858872,6.491935,162.1600,0.05,1087577786.1
7,2024-02-05,2024-03-02,672,21,1521,0,13.2538,0.825278,2.888172,338.1000,0.05,4112303018.4
7,2024-02-05,2024-03-02,698,21,1521,0,21.6304,0.000000,4.097254,771.1000,0.05,1231884389.4
7,2024-02-05,2024-03-02,720,21,1521,0,30.0317,5.405806,5.538822,495.5000,0.05,913567898.85
7,2024-02-05,2024-03-02,722,21,1521,0,17.0151,2.529531,3.615068,817.3000,0.05,1346984932.35
7,2024-02-05,2024-03-02,725,21,1521,0,18.6469,2.615710,4.142743,480.4500,0.05,1006445251.35
7,2024-02-05,2024-03-02,750,21,1521,0,20.0513,3.009303,3.897465,3248.7500,0.05,513438307.2
7,2024-02-05,2024-03-02,771,21,1521,1,12.4377,1.544505,2.875199,346.5000,0.05,6516645543.35
7,2024-02-05,2024-03-02,780,21,1521,0,25.0040,0.000000,4.463235,1610.3000,0.05,1162549321.6
7,2024-02-05,2024-03-02,798,21,1521,0,18.9960,3.307972,3.920252,398.2500,0.05,538413733.35
7,2024-02-05,2024-03-02,805,21,1521,0,20.0016,3.217381,3.727037,641.8500,0.05,829424780.8
7,2024-02-05,2024-03-02,818,21,1521,0,13.2635,1.185905,2.633518,3360.5000,0.05,4471576206.4
7,2024-02-05,2024-03-02,823,21,1521,0,16.5868,0.000000,3.019489,1600.0000,0.05,921013920.0
7,2024-02-05,2024-03-02,827,21,1521,0,17.8526,2.992413,3.866404,1839.8000,0.05,3217034760.0
7,2024-02-05,2024-03-02,838,21,1521,0,41.5641,1.142213,7.702669,61.1000,0.05,801229778.1
7,2024-02-05,2024-03-02,853,21,1521,0,25.8659,4.976658,4.743375,182.3000,0.05,972341554.0
7,2024-02-05,2024-03-02,863,21,1521,0,11.2801,2.346277,2.410252,525.0000,0.05,642225938.8
7,2024-02-05,2024-03-02,865,21,1521,0,13.7126,2.232946,2.750376,11268.1500,0.05,4221976711.75
7,2024-02-05,2024-03-02,878,21,1521,24,29.6273,7.585550,5.850896,738.0000,0.05,731699380.0
7,2024-02-05,2024-03-02,886,21,1521,0,23.7266,4.589551,4.584474,962.8500,0.05,531909486.8
7,2024-02-05,2024-03-02,910,21,1521,0,23.2667,1.364434,4.140113,2466.1000,0.05,943758375.75
7,2024-02-05,2024-03-02,938,21,1521,2,37.2338,4.425808,6.649991,154.7000,0.05,730396964.15
7,2024-02-05,2024-03-02,939,21,1521,0,18.5163,4.599101,3.987939,1064.0000,0.05,1065292923.5
7,2024-02-05,2024-03-02,943,21,1521,273,43.5801,10.507791,6.538286,93.4000,0.05,611612474.0
7,2024-02-05,2024-03-02,956,21,1521,1,13.2845,3.045049,2.832060,1252.5000,0.05,1315132493.25
7,2024-02-05,2024-03-02,970,21,1521,0,50.7599,12.195143,7.682897,92.7500,0.05,735085879.55
7,2024-02-05,2024-03-02,982,21,1521,6,25.9661,2.678026,4.915093,72.5000,0.05,1193393898.0
7,2024-02-05,2024-03-02,990,21,1521,0,17.2435,1.639902,3.610217,335.1000,0.05,2318642905.3
7,2024-02-05,2024-03-02,994,21,1521,0,20.4006,3.829263,4.440339,1330.4500,0.05,595496324.8
7,2024-02-05,2024-03-02,997,21,1521,0,48.9970,0.000000,7.349965,378.2000,0.05,406541371.5
7,2024-02-05,2024-03-02,1007,21,1521,0,22.9651,4.616082,4.924323,251.4000,0.05,1633774835.7
7,2024-02-05,2024-03-02,1028,21,1521,0,17.0100,4.814644,3.585174,36186.3500,0.05,756687711.95
7,2024-02-05,2024-03-02,1049,21,1521,0,15.8532,3.031725,3.666235,4309.8000,0.05,1814950819.0
7,2024-02-05,2024-03-02,1050,21,1521,0,25.2554,4.926738,4.822504,267.7500,0.05,544683555.15
7,2024-02-05,2024-03-02,1051,21,1521,2,28.0295,5.444720,5.254709,423.0000,0.05,2743609636.8
7,2024-02-05,2024-03-02,1060,21,1521,0,37.5831,2.494215,5.661180,1370.6000,0.05,360453207.6
7,2024-02-05,2024-03-02,1061,21,1521,0,13.9397,2.161618,3.013072,1350.2000,0.05,771503270.4
7,2024-02-05,2024-03-02,1062,21,1521,0,17.1831,3.838393,3.627782,3635.4500,0.05,881883678.0
7,2024-02-05,2024-03-02,1068,21,1521,0,27.4549,3.731094,5.456864,117.8600,0.05,2897083062.5
7,2024-02-05,2024-03-02,1076,21,1521,0,18.5966,2.229210,3.813701,4688.0000,0.05,1724306730.75
7,2024-02-05,2024-03-02,1080,21,1521,0,22.5381,0.000000,4.039104,279.0500,0.05,2231271664.95
7,2024-02-05,2024-03-02,1095,21,1521,0,36.6982,3.778032,6.982724,1197.8500,0.05,325160319.35
7,2024-02-05,2024-03-02,1132,21,1521,0,28.8400,1.860942,5.294531,262.3500,0.05,1741879565.65
7,2024-02-05,2024-03-02,1135,21,1521,0,29.0440,5.403580,5.318068,466.4500,0.05,2817591355.8
7,2024-02-05,2024-03-02,1140,21,1521,0,12.7137,2.107918,2.735497,1466.5000,0.05,13874439509.7
7,2024-02-05,2024-03-02,1173,21,1521,0,38.1462,2.882638,6.329539,261.6000,0.05,1979602014.6
7,2024-02-05,2024-03-02,1179,21,1521,0,34.7484,0.000000,6.340804,128.5000,0.05,1242412029.5
7,2024-02-05,2024-03-02,1206,21,1521,0,14.7599,3.335550,3.330546,721.7000,0.05,893900991.75
7,2024-02-05,2024-03-02,1208,21,1521,0,15.7491,2.480615,3.708442,1485.8500,0.05,1216152960.0
7,2024-02-05,2024-03-02,1209,21,1521,0,19.8512,2.900625,3.819062,749.3500,0.05,8890562373.45
7,2024-02-05,2024-03-02,1250,21,1521,1,15.8821,3.655979,3.068205,26552.5000,0.05,742490503.2
7,2024-02-05,2024-03-02,1261,21,1521,0,25.4181,5.095241,3.807857,3356.5500,0.05,1039160059.95
7,2024-02-05,2024-03-02,1305,21,1521,0,13.9363,1.733273,2.748880,2360.0500,0.05,1020316689.6
7,2024-02-05,2024-03-02,1334,21,1521,0,12.4429,2.292901,2.792177,1534.7500,0.05,2114288206.5
7,2024-02-05,2024-03-02,1341,21,1521,1,23.2239,1.765011,4.459630,4061.4500,0.05,422632280.0
7,2024-02-05,2024-03-02,1366,21,1521,0,16.8929,1.823464,3.491765,1140.8000,0.05,943982746.0
7,2024-02-05,2024-03-02,1367,21,1521,0,15.9178,2.188336,2.692559,7666.0000,0.05,776878568.0
7,2024-02-05,2024-03-02,1372,21,1521,0,20.8517,2.592263,3.864989,378.8000,0.05,1903296973.5
7,2024-02-05,2024-03-02,1373,21,1521,0,18.2636,1.811642,3.996526,135.8300,0.05,3801747144.4
7,2024-02-05,2024-03-02,1383,21,1521,0,13.4252,0.000000,2.695615,4100.8500,0.05,5780739116.1
7,2024-02-05,2024-03-02,1386,21,1521,0,15.3769,2.052013,3.524851,1225.4000,0.05,2460561170.7
7,2024-02-05,2024-03-02,1406,21,1521,0,24.8496,5.059748,4.148487,3587.6500,0.05,482251946.1
7,2024-02-05,2024-03-02,1415,21,1521,0,13.9776,1.722392,2.793237,3608.3000,0.05,2295205026.55
7,2024-02-05,2024-03-02,1420,21,1521,0,17.2304,4.170776,3.749964,2626.5000,0.05,531658000.6
7,2024-02-05,2024-03-02,1426,21,1521,4,38.2795,8.760549,4.746057,2585.2000,0.05,831207254.25
7,2024-02-05,2024-03-02,1438,21,1521,0,19.5335,0.000000,3.231552,2099.5500,0.05,1298310689.2
7,2024-02-05,2024-03-02,1451,21,1521,0,12.2863,0.398840,2.297400,9744.0000,0.05,2307476766.4
7,2024-02-05,2024-03-02,1455,21,1521,0,32.5033,0.000000,5.366226,133.3100,0.05,1216261071.3
7,2024-02-05,2024-03-02,1461,21,1521,0,19.7087,0.826512,3.541770,463.4000,0.05,1255738609.3
7,2024-02-05,2024-03-02,1480,21,1521,7,21.1284,1.664706,3.650734,565.4500,0.05,1711832255.15
7,2024-02-05,2024-03-02,1481,21,1521,0,22.2666,1.169551,4.197948,125.2000,0.05,1932234080.4
7,2024-02-05,2024-03-02,1510,21,1521,0,22.8715,6.821713,4.252140,1084.0500,0.05,904197090.4
7,2024-02-05,2024-03-02,1532,21,1521,0,19.0889,2.279955,3.619141,248.3500,0.05,1654674204.0
7,2024-02-05,2024-03-02,1539,21,1521,0,47.2800,3.696641,9.225095,26.7000,0.05,2067982832.5
7,2024-02-05,2024-03-02,9424,21,1521,0,13.7721,2.268078,3.067089,3743.1500,0.05,1038635772.0
7,2024-02-05,2024-03-02,9486,21,1521,0,24.1273,0.000000,4.657615,77.1300,0.05,874632808.95
7,2024-02-05,2024-03-02,9621,21,1521,0,36.8916,0.000000,5.892979,277.9000,0.05,3840866238.0
7,2024-02-05,2024-03-02,9674,21,1521,0,22.2735,3.274645,3.823714,892.7000,0.05,551643971.55
7,2024-02-05,2024-03-02,9752,21,1521,625,46.9509,3.720479,5.281445,406.2000,0.05,2317477952.3
7,2024-02-05,2024-03-02,9754,21,1521,0,40.8749,8.246711,6.575782,154.3000,0.05,2136716364.0
7,2024-02-05,2024-03-02,9882,21,1521,0,31.5809,2.092900,5.691183,215.3500,0.05,1132714260.2
7,2024-02-05,2024-03-02,9891,21,1521,0,28.4404,2.667809,5.478270,1065.0000,0.05,944967748.625
7,2024-02-05,2024-03-02,9894,21,1521,0,32.1346,1.225306,5.467061,508.6500,0.05,628323345.6
7,2024-02-05,2024-03-02,9973,21,1521,1,18.2306,3.578173,4.075450,1314.0000,0.05,1558288791.9
7,2024-02-05,2024-03-02,9983,21,1521,0,26.8638,0.000000,4.328797,626.7500,0.05,690678693.6
7,2024-02-05,2024-03-02,10071,21,1521,0,22.0769,0.000000,4.238195,152.5000,0.05,864043266.6
7,2024-02-05,2024-03-02,10188,21,1521,0,36.2819,6.654787,6.059718,1115.2000,0.05,720260186.75
7,2024-02-05,2024-03-02,10431,21,1521,0,36.9419,0.000000,5.830207,374.1500,0.05,597908984.75
7,2024-02-05,2024-03-02,11084,21,1521,1,25.3668,3.598984,3.902523,480.1000,0.05,1602727116.0
7,2024-02-05,2024-03-02,11452,21,1521,0,38.5329,2.458762,6.173852,975.3500,0.05,855094436.55
7,2024-02-05,2024-03-02,11457,21,1521,9,26.8714,3.294485,4.247800,320.8000,0.05,767869651.8
7,2024-02-05,2024-03-02,11480,21,1521,4,31.4303,0.000000,4.457159,856.0000,0.05,1009552678.5
7,2024-02-05,2024-03-02,11705,21,1521,0,29.3030,0.000000,4.641255,1062.8000,0.05,1802424156.8
8,2024-03-04,2024-04-04,15,21,1575,0,19.1443,3.078607,3.745669,5778.0500,0.05,963104312.75
8,2024-03-04,2024-04-04,17,21,1575,0,26.0216,2.914813,4.582766,177.3000,0.05,586662401.9000001
8,2024-03-04,2024-04-04,24,21,1575,0,19.8765,0.000000,3.648781,3054.3000,0.05,6834988022.425
8,2024-03-04,2024-04-04,26,21,1575,0,31.8002,0.000000,4.981993,1883.5000,0.05,1678066449.025
8,2024-03-04,2024-04-04,27,21,1575,0,20.5773,2.473168,3.957389,1320.0000,0.05,3783930566.0
8,2024-03-04,2024-04-04,58,21,1575,0,17.3957,1.622098,2.902980,4975.9500,0.05,619869428.475
8,2024-03-04,2024-04-04,70,21,1575,0,22.6386,2.454756,4.401956,600.1000,0.05,1613928117.675
8,2024-03-04,2024-04-04,87,21,1575,0,26.3750,0.000000,4.422305,1535.9000,0.05,931813841.875
8,2024-03-04,2024-04-04,90,21,1575,0,15.3634,1.660710,2.884508,6145.2500,0.05,1932397671.7
8,2024-03-04,2024-04-04,118,21,1575,8,16.0673,3.589263,4.045513,82.3500,0.05,1671017391.8
8,2024-03-04,2024-04-04,120,21,1575,0,10.7738,1.646108,2.392161,2845.0000,0.05,2605676616.95
8,2024-03-04,2024-04-04,125,21,1575,0,21.1314,3.496803,3.966311,2017.0000,0.05,828761197.0
8,2024-03-04,2024-04-04,133,21,1575,0,18.7501,1.858523,3.679321,574.5500,0.05,1219942819.025
8,2024-03-04,2024-04-04,135,21,1575,0,22.1503,2.203962,4.061217,1054.9500,0.05,1462373122.325
8,2024-03-04,2024-04-04,143,21,1575,0,15.7581,0.719046,3.398603,1058.0000,0.05,8854224354.925
8,2024-03-04,2024-04-04,150,21,1575,0,18.5365,0.000000,3.330912,8485.0000,0.05,1959766892.2
8,2024-03-04,2024-04-04,153,21,1575,0,15.4005,2.241574,3.167090,1595.5500,0.05,1873950482.3
8,2024-03-04,2024-04-04,156,21,1575,31,16.5198,3.152419,3.667182,660.5000,0.05,6123859519.4
8,2024-03-04,2024-04-04,168,21,1575,0,19.8269,2.097345,3.749252,184.3500,0.05,1975929955.0
8,2024-03-04,2024-04-04,170,21,1575,0,22.7971,3.106608,4.276853,240.7000,0.05,3462590185.5
8,2024-03-04,2024-04-04,172,21,1575,0,29.0797,0.000000,5.393810,127.7400,0.05,1108641157.4250002
8,2024-03-04,2024-04-04,182,21,1575,0,27.8644,1.082331,4.836130,868.4000,0.05,650347360.25
8,2024-03-04,2024-04-04,185,21,1575,0,26.2223,2.906008,4.782105,201.6000,0.05,1720812761.325
8,2024-03-04,2024-04-04,196,21,1575,0,19.1009,1.356680,3.468637,1135.2500,0.05,880036974.45
8,2024-03-04,2024-04-04,200,21,1575,0,15.5222,2.444366,3.076499,1214.1000,0.05,3952617124.25
8,2024-03-04,2024-04-04,201,21,1575,2,34.6431,5.919173,5.915454,246.0000,0.05,2749295427.55
8,2024-03-04,2024-04-04,206,21,1575,0,24.3107,3.462063,4.120468,264.9500,0.05,812937077.575
8,2024-03-04,2024-04-04,221,21,1575,0,23.5408,1.289854,4.369306,279.3500,0.05,1527804612.525
8,2024-03-04,2024-04-04,225,21,1575,0,14.6949,1.584884,2.728984,4882.4000,0.05,1380840160.2
8,2024-03-04,2024-04-04,228,21,1575,11,32.1509,1.311222,5.206462,751.0000,0.05,1362497219.425
8,2024-03-04,2024-04-04,239,21,1575,0,22.1010,0.000000,3.878649,104.3800,0.05,2383419836.075
8,2024-03-04,2024-04-04,252,21,1575,0,22.7698,1.229209,4.299565,896.2500,0.05,876581273.9
8,2024-03-04,2024-04-04,267,21,1575,0,29.0913,3.703334,5.190018,477.2500,0.05,622307023.3
8,2024-03-04,2024-04-04,273,21,1575,0,19.8763,2.013115,4.001276,1076.9500,0.05,1685082902.8249998
8,2024-03-04,2024-04-04,279,21,1575,0,16.0217,2.276991,3.256132,1475.2500,0.05,1705978719.4
8,2024-03-04,2024-04-04,283,21,1575,0,22.8935,3.299970,4.035649,410.6500,0.05,2530164014.325
8,2024-03-04,2024-04-04,284,21,1575,0,35.2239,0.000000,5.909328,884.2500,0.05,1521008707.65
8,2024-03-04,2024-04-04,285,21,1575,0,19.8489,2.631425,3.228696,2670.0000,0.05,610294642.95
8,2024-03-04,2024-04-04,288,21,1575,0,22.4908,3.344725,3.917208,710.7500,0.05,739605938.4000001
8,2024-03-04,2024-04-04,302,21,1575,0,17.4842,3.004468,3.703368,279.0000,0.05,624055795.5
8,2024-03-04,2024-04-04,306,21,1575,0,21.0359,2.287600,3.748983,2798.4000,0.05,1062996947.625
8,2024-03-04,2024-04-04,311,21,1575,0,13.0818,1.362308,2.280623,526.7500,0.05,861823590.95
8,2024-03-04,2024-04-04,345,21,1575,0,15.7146,2.836033,3.216496,3485.0000,0.05,1276825202.725
8,2024-03-04,2024-04-04,346,21,1575,0,19.5595,0.403946,3.406788,7102.1500,0.05,1772587715.525
8,2024-03-04,2024-04-04,347,21,1575,0,21.8091,1.478215,3.590457,885.1000,0.05,2098493024.3
8,2024-03-04,2024-04-04,356,21,1575,0,14.5165,3.016389,2.761280,1247.2000,0.05,1880680953.35
8,2024-03-04,2024-04-04,368,21,1575,0,16.5937,0.839167,3.154838,3823.7000,0.05,1880139486.45
8,2024-03-04,2024-04-04,409,21,1575,0,20.2387,5.499851,3.900259,151.0000,0.05,1611295497.25
8,2024-03-04,2024-04-04,430,21,1575,0,24.3182,0.000000,4.295919,168.9400,0.05,1584075175.275
8,2024-03-04,2024-04-04,465,21,1575,0,21.9327,3.406943,4.155461,944.7000,0.05,711071447.625
8,2024-03-04,2024-04-04,479,21,1575,0,17.5387,1.444122,2.769328,1221.0000,0.05,933966459.8
8,2024-03-04,2024-04-04,481,21,1575,0,22.5944,0.000000,4.008827,2306.6000,0.05,940652432.4
8,2024-03-04,2024-04-04,496,21,1575,0,16.7541,2.805685,3.393547,2226.6000,0.05,1081038530.075
8,2024-03-04,2024-04-04,524,21,1575,0,22.4997,2.960064,4.133875,3237.4000,0.05,3510171962.175
8,2024-03-04,2024-04-04,529,21,1575,0,18.8110,3.606978,3.449141,1511.2000,0.05,801916806.375
8,2024-03-04,2024-04-04,534,21,1575,0,15.0829,2.256239,2.867361,1611.3000,0.05,2758848966.375
8,2024-03-04,2024-04-04,536,21,1575,0,20.2542,3.335774,3.890264,1801.1000,0.05,1206838502.7
8,2024-03-04,2024-04-04,537,21,1575,0,10.9689,0.983852,2.328947,723.2000,0.05,26240586728.75
8,2024-03-04,2024-04-04,538,21,1575,0,17.0509,1.674683,3.474505,624.2000,0.05,1811412717.35
8,2024-03-04,2024-04-04,546,21,1575,0,17.1273,0.000000,3.054089,4488.0000,0.05,1819432020.6
8,2024-03-04,2024-04-04,556,21,1575,0,17.7741,0.999590,3.371933,535.8000,0.05,2462417889.625
8,2024-03-04,2024-04-04,562,21,1575,0,26.1311,0.000000,5.154289,284.4000,0.05,1165493970.325
8,2024-03-04,2024-04-04,563,21,1575,0,9.4488,1.876594,2.165713,2287.0000,0.05,3464387946.0
8,2024-03-04,2024-04-04,590,21,1575,0,13.4226,2.139520,2.849723,1084.7000,0.05,14741164177.075
8,2024-03-04,2024-04-04,593,21,1575,0,16.2965,3.444402,3.076746,1656.6000,0.05,633739244.575
8,2024-03-04,2024-04-04,603,21,1575,0,22.9088,0.000000,4.150815,580.6000,0.05,798888380.5999999
8,2024-03-04,2024-04-04,609,21,1575,1,41.5056,18.326802,15.015958,13.4500,0.05,1773765123.175
8,2024-03-04,2024-04-04,611,21,1575,0,16.5407,3.820718,4.224126,78.4000,0.05,2438890684.7
8,2024-03-04,2024-04-04,612,21,1575,0,21.0756,1.983874,4.279880,137.2000,0.05,963597790.375
8,2024-03-04,2024-04-04,627,21,1575,0,20.2058,0.000000,3.846688,571.6500,0.05,1147113760.0
8,2024-03-04,2024-04-04,631,21,1575,1,28.9581,3.368025,5.136070,492.4500,0.05,587276101.0
8,2024-03-04,2024-04-04,634,21,1575,0,19.6311,0.000000,3.627023,3251.5000,0.05,1633217089.375
8,2024-03-04,2024-04-04,647,21,1575,0,15.6740,1.774903,3.212463,1528.6500,0.05,3859567919.45
8,2024-03-04,2024-04-04,653,21,1575,0,11.3965,1.615082,2.404558,1540.9000,0.05,8043151116.05
8,2024-03-04,2024-04-04,656,21,1575,475,41.9107,10.621813,5.657738,122.7200,0.05,284027386.675
8,2024-03-04,2024-04-04,663,21,1575,0,24.7294,1.240955,4.644221,154.2300,0.05,1412857229.4
8,2024-03-04,2024-04-04,672,21,1575,1,13.4170,1.189336,2.767153,347.5000,0.05,4259837993.6
8,2024-03-04,2024-04-04,698,21,1575,0,22.4197,4.639001,4.247404,829.1000,0.05,1246890097.275
8,2024-03-04,2024-04-04,720,21,1575,0,29.3086,4.660148,5.313676,508.7500,0.05,1058132137.75
8,2024-03-04,2024-04-04,722,21,1575,0,18.9256,2.524022,3.865644,821.1000,0.05,1413065586.975
8,2024-03-04,2024-04-04,725,21,1575,0,17.5572,0.885291,3.209777,451.1500,0.05,1040316368.1
8,2024-03-04,2024-04-04,750,21,1575,0,30.6905,4.995569,5.064201,3387.3500,0.05,528639306.975
8,2024-03-04,2024-04-04,771,21,1575,3,12.3002,0.883448,2.978495,349.4000,0.05,6951006149.1
8,2024-03-04,2024-04-04,780,21,1575,0,26.2443,1.033414,4.437623,1470.9500,0.05,1187332626.975
8,2024-03-04,2024-04-04,805,21,1575,0,20.5897,0.000000,3.316677,607.5500,0.05,870547327.825
8,2024-03-04,2024-04-04,818,21,1575,0,13.8997,2.324571,2.878650,3636.1000,0.05,4903930980.8
8,2024-03-04,2024-04-04,823,21,1575,0,15.4007,1.513542,2.779951,1616.0000,0.05,1009397150.7
8,2024-03-04,2024-04-04,827,21,1575,0,20.0034,0.000000,3.433347,1889.9000,0.05,3323309798.825
8,2024-03-04,2024-04-04,838,21,1575,0,29.5803,4.613941,6.455417,60.0500,0.05,1090519126.1
8,2024-03-04,2024-04-04,853,21,1575,0,25.6694,0.000000,4.422428,173.0000,0.05,1070265681.8499999
8,2024-03-04,2024-04-04,863,21,1575,0,12.5425,2.581198,2.632240,498.6000,0.05,651773892.525
8,2024-03-04,2024-04-04,865,21,1575,0,14.0344,0.319421,2.655985,11672.8000,0.05,4409084457.9
8,2024-03-04,2024-04-04,878,21,1575,54,25.2803,3.378071,5.115261,677.0000,0.05,966672432.275
8,2024-03-04,2024-04-04,886,21,1575,0,21.3362,3.141631,4.002307,980.4500,0.05,559812848.95
8,2024-03-04,2024-04-04,910,21,1575,0,19.8446,0.000000,3.798134,2291.9000,0.05,1001470359.9
8,2024-03-04,2024-04-04,938,21,1575,0,33.5162,0.000000,6.235664,149.7500,0.05,819176314.275
8,2024-03-04,2024-04-04,939,21,1575,7,19.9300,1.023614,3.669673,1040.5000,0.05,1058539128.35
8,2024-03-04,2024-04-04,943,21,1575,235,33.9386,3.580544,5.550111,78.1000,0.05,802891755.5999999
8,2024-03-04,2024-04-04,956,21,1575,0,16.0372,2.565733,3.251322,1288.8000,0.05,1433032136.625
8,2024-03-04,2024-04-04,970,21,1575,0,30.0003,0.000000,5.680801,87.9000,0.05,870927872.85
8,2024-03-04,2024-04-04,982,21,1575,0,29.9911,5.007192,4.930709,65.5400,0.05,1355926319.925
8,2024-03-04,2024-04-04,990,21,1575,0,21.8567,4.695419,3.958571,335.7000,0.05,2588222348.65
8,2024-03-04,2024-04-04,994,21,1575,0,22.3525,4.732600,4.045233,1381.5500,0.05,634089998.0999999
8,2024-03-04,2024-04-04,997,21,1575,0,34.8936,0.396770,6.037114,404.6500,0.05,424286885.325
8,2024-03-04,2024-04-04,1007,21,1575,0,22.8013,1.847134,4.043089,248.9500,0.05,1799842953.4
8,2024-03-04,2024-04-04,1028,21,1575,0,14.8666,3.670905,2.879579,34676.7000,0.05,752385286.475
8,2024-03-04,2024-04-04,1050,21,1575,0,21.4322,2.323326,3.963989,255.5500,0.05,625287215.55
8,2024-03-04,2024-04-04,1051,21,1575,0,27.6036,0.000000,4.538678,401.8500,0.05,3141361616.75
8,2024-03-04,2024-04-04,1060,21,1575,0,35.9161,0.000000,5.508087,1360.1500,0.05,399226716.35
8,2024-03-04,2024-04-04,1061,21,1575,0,16.1904,2.498378,3.013255,1447.5000,0.05,802968592.9000001
8,2024-03-04,2024-04-04,1062,21,1575,0,17.8976,0.000000,3.097410,3697.0500,0.05,885470091.9
8,2024-03-04,2024-04-04,1068,21,1575,0,24.3942,1.386444,4.789799,117.5300,0.05,3276890373.4
8,2024-03-04,2024-04-04,1076,21,1575,0,19.4135,2.057867,3.567741,4902.7500,0.05,1852500054.0
8,2024-03-04,2024-04-04,1080,21,1575,0,20.1541,1.456311,3.671715,276.9000,0.05,2427674220.1
8,2024-03-04,2024-04-04,1095,21,1575,0,37.4968,4.040690,5.987784,1165.3000,0.05,386289850.55
8,2024-03-04,2024-04-04,1132,21,1575,0,27.8701,0.000000,4.536882,244.3000,0.05,1910254945.5
8,2024-03-04,2024-04-04,1135,21,1575,0,28.6443,2.286821,4.931621,460.8000,0.05,3258865332.5
8,2024-03-04,2024-04-04,1140,21,1575,0,10.9161,1.152705,2.360363,1473.2000,0.05,13669741772.85
8,2024-03-04,2024-04-04,1173,21,1575,0,31.0848,0.000000,5.676722,245.5000,0.05,2527802515.35
8,2024-03-04,2024-04-04,1179,21,1575,0,31.9764,0.000000,5.758028,133.5500,0.05,1344578532.375
8,2024-03-04,2024-04-04,1206,21,1575,0,12.1387,1.850223,2.765571,699.3500,0.05,947158434.7
8,2024-03-04,2024-04-04,1208,21,1575,0,16.6224,2.897934,3.348170,1491.4000,0.05,1264757821.775
8,2024-03-04,2024-04-04,1209,21,1575,0,14.9890,0.000000,3.069418,754.7000,0.05,9240102007.6
8,2024-03-04,2024-04-04,1250,21,1575,1,16.0063,1.796870,2.731204,25273.3000,0.05,704156145.9
8,2024-03-04,2024-04-04,1261,21,1575,0,21.0049,0.664252,3.389400,3645.2000,0.05,1008151062.65
8,2024-03-04,2024-04-04,1305,21,1575,0,17.8758,1.832109,3.161770,2452.7000,0.05,993824270.425
8,2024-03-04,2024-04-04,1334,21,1575,0,14.9553,1.855658,2.860551,1592.9500,0.05,2184533740.7
8,2024-03-04,2024-04-04,1366,21,1575,0,17.9880,1.982469,3.550228,1135.9500,0.05,1008437626.5999999
8,2024-03-04,2024-04-04,1367,21,1575,0,17.8319,0.000000,3.046944,7677.2500,0.05,781847560.125
8,2024-03-04,2024-04-04,1372,21,1575,0,24.8176,2.409070,4.125312,392.8500,0.05,2245104648.925
8,2024-03-04,2024-04-04,1373,21,1575,0,22.5952,4.780692,4.402677,145.3600,0.05,3806760787.1000004
8,2024-03-04,2024-04-04,1383,21,1575,0,12.7859,0.649745,2.611573,4005.0000,0.05,5959778154.5
8,2024-03-04,2024-04-04,1386,21,1575,0,14.5984,1.912660,3.149253,1188.8000,0.05,2394804228.575
8,2024-03-04,2024-04-04,1406,21,1575,0,21.3232,0.000000,3.747765,3609.2500,0.05,481847047.57500005
8,2024-03-04,2024-04-04,1415,21,1575,0,13.9061,2.060749,2.979749,3724.1000,0.05,2463732073.5
8,2024-03-04,2024-04-04,1420,21,1575,0,18.1167,1.998637,3.114111,2620.0000,0.05,550534909.65
8,2024-03-04,2024-04-04,1426,21,1575,0,23.7990,0.000000,4.043153,2633.0000,0.05,942759479.875
8,2024-03-04,2024-04-04,1438,21,1575,0,19.9657,0.000000,3.550386,2133.3000,0.05,1295394632.0
8,2024-03-04,2024-04-04,1451,21,1575,3,12.8869,2.102850,2.603170,9473.0000,0.05,2331971030.275
8,2024-03-04,2024-04-04,1455,21,1575,0,30.2495,4.059127,4.968229,137.7800,0.05,1481590091.575
8,2024-03-04,2024-04-04,1461,21,1575,0,18.9494,0.000000,3.243544,448.4500,0.05,1287864082.5
8,2024-03-04,2024-04-04,1480,21,1575,1,21.0037,0.000000,3.852676,562.8000,0.05,1770818328.65
8,2024-03-04,2024-04-04,1481,21,1575,0,25.1296,3.094728,4.501729,126.4500,0.05,1945768260.275
8,2024-03-04,2024-04-04,1510,21,1575,0,21.0683,2.544328,3.909641,1076.6000,0.05,934890527.225
8,2024-03-04,2024-04-04,1532,21,1575,0,15.4173,1.865283,3.167009,240.1000,0.05,1804118737.2
8,2024-03-04,2024-04-04,1539,21,1575,0,31.3265,10.074912,9.351669,23.6500,0.05,2425587188.875
8,2024-03-04,2024-04-04,9424,21,1575,0,19.5610,1.501874,3.354142,4031.1000,0.05,1038703529.6
8,2024-03-04,2024-04-04,9486,21,1575,0,22.0504,2.523579,4.241836,77.8700,0.05,908738238.4
8,2024-03-04,2024-04-04,9621,21,1575,0,26.1546,0.000000,4.939784,346.6000,0.05,4518441146.5
8,2024-03-04,2024-04-04,9674,21,1575,0,19.0376,1.613694,3.203903,986.0000,0.05,599272956.525
8,2024-03-04,2024-04-04,9752,21,1575,236,30.7172,2.926902,4.019848,402.5500,0.05,2342154086.55
8,2024-03-04,2024-04-04,9754,21,1575,0,35.9837,0.000000,5.696190,142.8000,0.05,3129102534.1499996
8,2024-03-04,2024-04-04,9882,21,1575,2,33.6837,3.780135,5.590730,245.4500,0.05,1260912659.4
8,2024-03-04,2024-04-04,9891,21,1575,0,28.2264,3.203866,5.241743,1049.6500,0.05,1432687793.6
8,2024-03-04,2024-04-04,9894,21,1575,0,23.5495,0.590078,4.504085,459.6500,0.05,668885148.15
8,2024-03-04,2024-04-04,9973,21,1575,0,17.6580,2.590840,3.719346,1143.0000,0.05,1569749695.3
8,2024-03-04,2024-04-04,9983,21,1575,0,30.1169,0.000000,5.106880,678.0500,0.05,722541197.6
8,2024-03-04,2024-04-04,10071,21,1575,0,22.3891,1.625928,3.829773,159.0000,0.05,832491501.05
8,2024-03-04,2024-04-04,10188,21,1575,0,44.1401,0.000000,6.203836,1141.4500,0.05,725433392.05
8,2024-03-04,2024-04-04,10431,21,1575,0,39.5622,0.000000,5.465547,399.3000,0.05,686226181.35
8,2024-03-04,2024-04-04,11084,21,1575,0,22.8399,2.142332,4.155907,476.1500,0.05,1798595480.175
8,2024-03-04,2024-04-04,11452,21,1575,0,32.9858,2.988034,4.718315,1121.2000,0.05,912666563.0
8,2024-03-04,2024-04-04,11457,21,1575,3,35.8902,0.000000,5.601894,269.9000,0.05,864475224.15
8,2024-03-04,2024-04-04,11480,21,1575,0,24.8461,1.757510,4.822851,749.5500,0.05,1109647997.0500002
8,2024-03-04,2024-04-04,11705,21,1575,0,28.3833,0.000000,4.841521,960.0000,0.05,1903914441.825
8,2024-03-04,2024-04-04,11777,21,1575,2,26.9479,0.000000,4.426180,593.6000,0.05,263821734.55
9,2024-04-05,2024-05-08,15,21,1575,0,18.9864,3.816569,3.423549,6594.2500,0.05,1028395672.5
9,2024-04-05,2024-05-08,17,21,1575,0,28.2669,2.588942,5.032311,210.2500,0.05,628402108.3
9,2024-04-05,2024-05-08,24,21,1575,0,18.5259,2.151593,3.240105,2986.5000,0.05,5872399002.4
9,2024-04-05,2024-05-08,26,21,1575,0,19.4341,4.508463,3.682588,1809.6000,0.05,1581606485.4
9,2024-04-05,2024-05-08,27,21,1575,0,16.7147,0.938151,3.341225,1325.4000,0.05,3750065013.75
9,2024-04-05,2024-05-08,58,21,1575,0,18.4340,2.728220,3.058984,4827.2000,0.05,662249994.0
9,2024-04-05,2024-05-08,70,21,1575,0,19.9328,3.712402,4.209255,624.2500,0.05,1511293686.75
9,2024-04-05,2024-05-08,87,21,1575,0,18.4839,4.013774,4.244376,1557.8500,0.05,956934370.0
9,2024-04-05,2024-05-08,90,21,1575,0,15.9713,0.000000,2.973583,6236.0000,0.05,2046925253.1
9,2024-04-05,2024-05-08,118,21,1575,8,19.0188,3.229211,3.871489,88.9000,0.05,1813301945.6
9,2024-04-05,2024-05-08,120,21,1575,0,12.4202,2.204077,2.833999,2866.0000,0.05,2619584622.9
9,2024-04-05,2024-05-08,125,21,1575,0,17.8572,3.361689,3.528692,2018.0000,0.05,876373684.4
9,2024-04-05,2024-05-08,133,21,1575,0,19.9497,1.447888,3.701900,627.4000,0.05,1306174755.6
9,2024-04-05,2024-05-08,135,21,1575,0,17.3853,2.235513,3.344319,1118.3000,0.05,1579473889.6
9,2024-04-05,2024-05-08,143,21,1575,0,15.1493,3.201016,3.253333,1085.6500,0.05,8957979716.4
9,2024-04-05,2024-05-08,150,21,1575,0,15.0990,1.105263,3.102581,8717.0000,0.05,2131039638.45
9,2024-04-05,2024-05-08,153,21,1575,0,15.6864,3.497601,3.391954,1627.5000,0.05,1871705696.25
9,2024-04-05,2024-05-08,156,21,1575,47,15.5710,3.226221,3.543537,708.0000,0.05,6357954024.8
9,2024-04-05,2024-05-08,168,21,1575,0,16.5304,2.815627,3.653810,183.6500,0.05,2045913530.0
9,2024-04-05,2024-05-08,170,21,1575,0,19.1507,0.916204,4.229473,242.1000,0.05,3422132985.6
9,2024-04-05,2024-05-08,172,21,1575,0,21.9141,0.000000,4.345435,135.0300,0.05,1226290954.95
9,2024-04-05,2024-05-08,182,21,1575,0,26.7809,0.000000,4.442146,931.6000,0.05,739598675.4
9,2024-04-05,2024-05-08,185,21,1575,0,19.6430,2.449049,4.147274,233.5500,0.05,2070538559.05
9,2024-04-05,2024-05-08,196,21,1575,3,26.2777,3.754012,4.055530,1208.7500,0.05,933905501.5
9,2024-04-05,2024-05-08,200,21,1575,0,14.5312,2.617448,3.113281,1283.8000,0.05,4222015586.95
9,2024-04-05,2024-05-08,201,21,1575,0,26.8961,0.000000,4.642729,262.8500,0.05,3248894287.35
9,2024-04-05,2024-05-08,206,21,1575,0,25.7035,0.000000,4.472251,280.2000,0.05,851829745.0
9,2024-04-05,2024-05-08,220,21,1575,0,16.3048,2.199203,2.783594,29832.1000,0.05,464075365.6
9,2024-04-05,2024-05-08,221,21,1575,0,19.6579,2.973245,4.326874,278.2500,0.05,1754853647.75
9,2024-04-05,2024-05-08,225,21,1575,0,15.7063,4.009211,3.004985,4794.1500,0.05,1400510000.5
9,2024-04-05,2024-05-08,228,21,1575,1,29.9562,4.914576,5.128499,947.5000,0.05,1502631742.7
9,2024-04-05,2024-05-08,239,21,1575,0,19.4222,0.000000,4.023737,110.6400,0.05,2500770452.4
9,2024-04-05,2024-05-08,252,21,1575,0,26.8134,1.779213,4.925882,1029.0000,0.05,1030743558.0
9,2024-04-05,2024-05-08,267,21,1575,0,25.4511,0.000000,4.714872,536.9000,0.05,700866481.25
9,2024-04-05,2024-05-08,273,21,1575,0,19.5651,4.233603,3.999386,1182.0000,0.05,1816029433.4
9,2024-04-05,2024-05-08,279,21,1575,0,14.1876,2.157621,3.099738,1399.7500,0.05,1724992475.2
9,2024-04-05,2024-05-08,283,21,1575,0,21.9618,0.000000,4.010032,425.0000,0.05,3062636187.15
9,2024-04-05,2024-05-08,284,21,1575,0,34.6518,6.238155,6.001845,1208.0000,0.05,1786341594.4
9,2024-04-05,2024-05-08,285,21,1575,0,18.2556,1.855320,3.312228,2725.6000,0.05,635757653.1
9,2024-04-05,2024-05-08,288,21,1575,0,24.4561,3.703585,4.542408,773.6000,0.05,839166201.0
9,2024-04-05,2024-05-08,302,21,1575,0,20.6580,4.576949,4.072392,307.9000,0.05,631412483.4
9,2024-04-05,2024-05-08,306,21,1575,0,22.1607,2.532671,3.695156,3173.3000,0.05,1083848526.0
9,2024-04-05,2024-05-08,311,21,1575,0,16.1539,2.604401,2.772933,507.0500,0.05,865414326.55
9,2024-04-05,2024-05-08,345,21,1575,0,16.2686,2.551371,3.257988,3798.9500,0.05,1400612540.4
9,2024-04-05,2024-05-08,346,21,1575,0,19.1408,0.770497,3.493399,7872.0000,0.05,1953087887.6
9,2024-04-05,2024-05-08,347,21,1575,0,18.8570,3.340562,3.702619,888.1500,0.05,2321358095.4
9,2024-04-05,2024-05-08,356,21,1575,1,14.9610,2.853398,2.957080,1233.9000,0.05,1926527806.5
9,2024-04-05,2024-05-08,368,21,1575,0,18.1169,2.538996,3.560477,4499.7500,0.05,1922788268.1
9,2024-04-05,2024-05-08,409,21,1575,0,17.6472,1.310814,3.685599,155.9000,0.05,1698459461.75
9,2024-04-05,2024-05-08,430,21,1575,0,23.3914,3.233536,4.533829,190.2500,0.05,1650727845.0
9,2024-04-05,2024-05-08,465,21,1575,0,18.9011,2.535199,3.432686,1049.5000,0.05,741587630.8
9,2024-04-05,2024-05-08,479,21,1575,0,22.1155,3.794651,3.809834,1206.8500,0.05,932927830.1
9,2024-04-05,2024-05-08,481,21,1575,0,25.2983,4.112401,4.303609,2607.0000,0.05,1022349378.95
9,2024-04-05,2024-05-08,496,21,1575,0,16.3747,3.389690,3.590035,2336.4000,0.05,1156621599.9
9,2024-04-05,2024-05-08,524,21,1575,0,18.1561,0.000000,3.531529,3771.0000,0.05,3666145036.2
9,2024-04-05,2024-05-08,529,21,1575,0,18.5743,3.908980,3.695592,1557.0500,0.05,848645020.0
9,2024-04-05,2024-05-08,534,21,1575,0,14.0101,2.819614,3.100319,1478.0000,0.05,2839790629.2
9,2024-04-05,2024-05-08,536,21,1575,0,17.7022,1.959373,3.519869,1786.4000,0.05,1243530608.6
9,2024-04-05,2024-05-08,537,21,1575,0,9.6665,2.114837,2.246352,758.6000,0.05,27415859980.2
9,2024-04-05,2024-05-08,538,21,1575,0,14.2660,1.746721,2.901592,600.0000,0.05,1876809058.65
9,2024-04-05,2024-05-08,546,21,1575,0,16.8988,2.163272,3.385254,4373.2000,0.05,2059242159.0
9,2024-04-05,2024-05-08,556,21,1575,0,19.1315,3.582664,3.900087,619.5500,0.05,2551805839.2
9,2024-04-05,2024-05-08,562,21,1575,0,25.0554,3.783456,4.990685,291.1500,0.05,1432770088.75
9,2024-04-05,2024-05-08,563,21,1575,0,11.0123,1.696822,2.328550,2240.0000,0.05,3493039906.4
9,2024-04-05,2024-05-08,590,21,1575,0,13.0379,1.247540,2.765274,1104.5500,0.05,15204727553.6
9,2024-04-05,2024-05-08,593,21,1575,0,19.0477,4.088058,3.446412,1694.4500,0.05,672438000.0
9,2024-04-05,2024-05-08,603,21,1575,0,21.4086,3.583103,4.073152,584.4000,0.05,846536000.65
9,2024-04-05,2024-05-08,609,21,1575,0,46.3444,19.897665,16.983584,13.1500,0.05,2314796187.85
9,2024-04-05,2024-05-08,611,21,1575,0,16.5325,4.417487,4.455562,82.6000,0.05,2512763307.0
9,2024-04-05,2024-05-08,612,21,1575,0,21.1168,3.771884,4.444875,150.8000,0.05,983489425.55
9,2024-04-05,2024-05-08,627,21,1575,0,19.4113,1.214491,3.376386,589.9000,0.05,1236904738.65
9,2024-04-05,2024-05-08,631,21,1575,0,25.1766,0.000000,4.144259,503.1500,0.05,657209470.8
9,2024-04-05,2024-05-08,634,21,1575,0,19.9334,2.237400,3.714778,3746.6500,0.05,1733456117.5
9,2024-04-05,2024-05-08,647,21,1575,0,14.8721,2.692204,3.451525,1495.0000,0.05,3952201675.5
9,2024-04-05,2024-05-08,653,21,1575,0,11.3974,1.697021,2.479820,1404.6000,0.05,8071421053.8
9,2024-04-05,2024-05-08,656,21,1575,0,38.6057,3.854443,7.377344,140.8100,0.05,323891680.0
9,2024-04-05,2024-05-08,663,21,1575,0,20.8733,1.556983,4.226951,154.9000,0.05,1746471474.55
9,2024-04-05,2024-05-08,672,21,1575,0,11.1447,1.776899,2.817892,354.9500,0.05,4476608766.25
9,2024-04-05,2024-05-08,698,21,1575,0,20.8622,3.496669,3.976288,922.8000,0.05,1313322266.65
9,2024-04-05,2024-05-08,720,21,1575,0,25.1485,0.000000,4.373147,613.7500,0.05,1192389494.4
9,2024-04-05,2024-05-08,722,21,1575,0,17.0120,2.614511,3.914990,871.3500,0.05,1492451633.6
9,2024-04-05,2024-05-08,725,21,1575,0,19.2997,0.753202,3.368396,450.5000,0.05,1060325821.85
9,2024-04-05,2024-05-08,750,21,1575,0,27.7172,2.527166,4.422265,3870.2000,0.05,571508343.8
9,2024-04-05,2024-05-08,771,21,1575,2,13.3721,1.512433,2.773063,356.1000,0.05,6982905413.2
9,2024-04-05,2024-05-08,780,21,1575,0,21.4219,0.985760,3.712530,1482.1000,0.05,1190679357.4
9,2024-04-05,2024-05-08,805,21,1575,0,21.4777,2.611149,4.212218,652.8500,0.05,953078162.0
9,2024-04-05,2024-05-08,818,21,1575,0,14.6859,2.397538,3.076765,3614.0500,0.05,5068378088.5
9,2024-04-05,2024-05-08,823,21,1575,0,18.0080,1.860835,3.276316,1615.3000,0.05,1097584618.0
9,2024-04-05,2024-05-08,827,21,1575,0,17.1458,3.014855,3.637230,2078.2500,0.05,3455645946.45
9,2024-04-05,2024-05-08,838,21,1575,0,24.8222,3.730616,5.424374,64.9000,0.05,1250833517.5
9,2024-04-05,2024-05-08,853,21,1575,0,23.8255,3.492013,4.524359,193.0000,0.05,1126878226.5
9,2024-04-05,2024-05-08,863,21,1575,0,17.7687,2.676417,3.366855,513.3500,0.05,661929421.5
9,2024-04-05,2024-05-08,865,21,1575,0,15.8234,0.000000,3.049368,12667.0000,0.05,4583209753.75
9,2024-04-05,2024-05-08,878,21,1575,28,29.3028,6.692934,5.844143,784.0000,0.05,1211604317.5
9,2024-04-05,2024-05-08,886,21,1575,0,21.6732,3.587561,3.879649,1019.4000,0.05,596244700.0
9,2024-04-05,2024-05-08,910,21,1575,0,20.0908,1.285370,3.755139,2171.7000,0.05,1011465424.8
9,2024-04-05,2024-05-08,938,21,1575,0,27.3057,2.688144,5.413821,180.4000,0.05,878325005.0
9,2024-04-05,2024-05-08,939,21,1575,2,18.7853,3.321818,3.750398,1186.0000,0.05,1125911842.4
9,2024-04-05,2024-05-08,943,21,1575,0,32.8435,0.000000,5.749640,89.6300,0.05,1009607087.4
9,2024-04-05,2024-05-08,956,21,1575,0,16.5474,2.742770,3.480165,1255.7000,0.05,1558471600.0
9,2024-04-05,2024-05-08,970,21,1575,0,22.8992,2.958159,4.319329,92.6500,0.05,1100306324.0
9,2024-04-05,2024-05-08,982,21,1575,0,25.2341,4.488241,5.066058,75.8900,0.05,1769014055.1
9,2024-04-05,2024-05-08,990,21,1575,0,18.3225,3.015246,3.695355,357.3500,0.05,2878324197.5
9,2024-04-05,2024-05-08,994,21,1575,0,20.9241,2.662743,3.863906,1483.5500,0.05,688974295.75
9,2024-04-05,2024-05-08,996,21,1575,0,21.5392,1.019340,3.929409,7141.5000,0.05,319161955.8
9,2024-04-05,2024-05-08,997,21,1575,0,23.9959,2.685117,4.937013,417.1000,0.05,529010667.2
9,2024-04-05,2024-05-08,1007,21,1575,1,18.4167,1.932881,3.678624,259.0500,0.05,1945438745.4
9,2024-04-05,2024-05-08,1028,21,1575,0,15.1047,1.906859,2.704339,35323.0000,0.05,776357747.0
9,2024-04-05,2024-05-08,1049,21,1575,2,21.2563,2.483918,4.182157,3511.9000,0.05,1920842888.55
9,2024-04-05,2024-05-08,1050,21,1575,0,25.7886,4.053250,5.009819,291.5000,0.05,703133413.4
9,2024-04-05,2024-05-08,1051,21,1575,0,25.0130,0.000000,4.589094,407.9500,0.05,3688180481.0
9,2024-04-05,2024-05-08,1060,21,1575,3,29.3797,0.000000,4.002416,1530.0000,0.05,471848247.5
9,2024-04-05,2024-05-08,1061,21,1575,1,15.9883,3.488494,2.969496,1476.5000,0.05,860199315.0
9,2024-04-05,2024-05-08,1062,21,1575,0,17.9747,2.641110,3.442585,3743.8000,0.05,922463562.8
9,2024-04-05,2024-05-08,1068,21,1575,0,21.8600,0.000000,4.959738,126.0700,0.05,3825170874.2
9,2024-04-05,2024-05-08,1076,21,1575,0,18.4987,3.172779,3.581456,5499.9500,0.05,1967378937.6
9,2024-04-05,2024-05-08,1080,21,1575,0,16.9675,1.633567,3.512272,284.4000,0.05,2715096350.4
9,2024-04-05,2024-05-08,1095,21,1575,0,30.4977,4.823189,5.161107,1293.0500,0.05,574100146.5
9,2024-04-05,2024-05-08,1132,21,1575,0,22.7687,2.528065,4.655468,258.7500,0.05,1966870685.7
9,2024-04-05,2024-05-08,1135,21,1575,1,26.7963,2.387664,5.345828,450.3500,0.05,3800034194.4
9,2024-04-05,2024-05-08,1140,21,1575,0,11.5593,0.439539,2.443441,1465.2000,0.05,13335461063.6
9,2024-04-05,2024-05-08,1173,21,1575,0,22.1562,0.822636,4.290561,266.6500,0.05,2731343353.7
9,2024-04-05,2024-05-08,1179,21,1575,0,30.3347,0.000000,5.334553,154.5500,0.05,1540282770.0
9,2024-04-05,2024-05-08,1206,21,1575,0,15.9750,2.589002,3.278787,729.4500,0.05,992589914.75
9,2024-04-05,2024-05-08,1208,21,1575,0,15.2736,2.965076,3.363062,1461.7000,0.05,1323028841.4
9,2024-04-05,2024-05-08,1209,21,1575,0,13.6537,0.290311,3.009583,773.5500,0.05,9634099972.0
9,2024-04-05,2024-05-08,1261,21,1575,0,20.1675,3.035594,3.620170,4352.0000,0.05,1083062172.65
9,2024-04-05,2024-05-08,1283,21,1575,0,19.5641,1.153012,3.366710,8711.0500,0.05,318819532.5
9,2024-04-05,2024-05-08,1305,21,1575,0,19.3299,2.610262,3.524572,2599.3500,0.05,975677423.5
9,2024-04-05,2024-05-08,1334,21,1575,0,14.8043,2.720171,2.891260,1524.7500,0.05,2312357985.0
9,2024-04-05,2024-05-08,1366,21,1575,0,17.5459,2.799591,3.480139,1105.2500,0.05,1057473952.2
9,2024-04-05,2024-05-08,1367,21,1575,0,12.6866,2.728621,2.381684,7411.6000,0.05,812456450.65
9,2024-04-05,2024-05-08,1372,21,1575,0,19.3827,3.487344,4.028070,434.0000,0.05,2470078500.3
9,2024-04-05,2024-05-08,1373,21,1575,0,17.0023,2.494627,3.782416,157.9700,0.05,3927848956.5
9,2024-04-05,2024-05-08,1383,21,1575,0,12.2593,1.993943,2.651774,3887.9500,0.05,6261323432.65
9,2024-04-05,2024-05-08,1386,21,1575,1,16.5960,0.982691,3.430961,1176.8000,0.05,2393779946.4
9,2024-04-05,2024-05-08,1406,21,1575,0,21.4681,4.450986,3.837535,3589.5000,0.05,496958047.3
9,2024-04-05,2024-05-08,1415,21,1575,0,14.7558,1.764616,3.079262,3599.6000,0.05,2546395129.85
9,2024-04-05,2024-05-08,1426,21,1575,0,23.2804,2.447392,4.337148,2787.0000,0.05,1219706481.4
9,2024-04-05,2024-05-08,1438,21,1575,0,17.9082,2.424673,3.555700,2028.4500,0.05,1438457597.5
9,2024-04-05,2024-05-08,1451,21,1575,0,12.6305,2.527402,2.742154,9508.0000,0.05,2436267240.0
9,2024-04-05,2024-05-08,1455,21,1575,0,21.1880,0.000000,4.106644,137.0700,0.05,1668199988.7
9,2024-04-05,2024-05-08,1461,21,1575,0,18.1114,3.806543,3.480796,474.1000,0.05,1375769346.9
9,2024-04-05,2024-05-08,1480,21,1575,4,18.0918,2.578980,3.349353,577.6500,0.05,1910603351.7
9,2024-04-05,2024-05-08,1481,21,1575,0,26.9422,0.000000,5.205674,180.2500,0.05,1927481785.35
9,2024-04-05,2024-05-08,1510,21,1575,0,21.4179,2.384484,3.955677,1382.4000,0.05,988014373.5
9,2024-04-05,2024-05-08,1532,21,1575,0,13.6481,1.949126,3.038001,221.2000,0.05,2031284255.0
9,2024-04-05,2024-05-08,1539,21,1575,0,25.6184,10.136004,8.592349,24.8000,0.05,2854684653.45
9,2024-04-05,2024-05-08,9424,21,1575,0,16.5882,2.488937,3.228365,4670.1500,0.05,1087515447.25
9,2024-04-05,2024-05-08,9486,21,1575,0,21.4859,2.230565,4.625140,84.6300,0.05,989890817.7
9,2024-04-05,2024-05-08,9621,21,1575,0,18.1808,0.000000,3.362477,373.8500,0.05,5642726952.6
9,2024-04-05,2024-05-08,9674,21,1575,0,21.3791,1.082581,3.468368,961.5000,0.05,651978679.6
9,2024-04-05,2024-05-08,9752,21,1575,107,21.1819,3.329452,3.930787,380.4000,0.05,2261137769.1
9,2024-04-05,2024-05-08,9754,21,1575,0,21.4798,0.000000,4.265475,148.1500,0.05,4151275060.4
9,2024-04-05,2024-05-08,9882,21,1575,0,27.2458,1.864082,4.936687,335.9500,0.05,1495449927.9
9,2024-04-05,2024-05-08,9891,21,1575,0,17.6021,3.856417,3.745087,1055.4500,0.05,1566101344.3
9,2024-04-05,2024-05-08,9894,21,1575,0,16.6026,1.527563,3.482416,478.8500,0.05,744896788.65
9,2024-04-05,2024-05-08,9973,21,1575,1,17.2115,1.870984,3.575585,1041.0000,0.05,1675406780.25
9,2024-04-05,2024-05-08,9983,21,1575,0,22.8869,2.903968,4.271782,659.6500,0.05,792598288.6
9,2024-04-05,2024-05-08,10071,21,1575,0,26.5955,3.772673,4.105636,176.1500,0.05,757570192.4
9,2024-04-05,2024-05-08,10188,21,1575,0,27.9549,5.785912,5.651561,1200.2000,0.05,780558645.5
9,2024-04-05,2024-05-08,10431,21,1575,0,24.5852,3.774790,4.514330,415.5000,0.05,697931245.9
9,2024-04-05,2024-05-08,10840,21,1575,0,26.8525,4.554368,4.650346,475.6000,0.05,796566752.575
9,2024-04-05,2024-05-08,11084,21,1575,0,22.6242,0.245546,4.146620,497.4000,0.05,2125059427.65
9,2024-04-05,2024-05-08,11452,21,1575,0,30.3710,0.000000,4.485924,1247.1500,0.05,942486585.8
9,2024-04-05,2024-05-08,11457,21,1575,5,21.5038,0.000000,3.608716,283.2000,0.05,954605087.5
9,2024-04-05,2024-05-08,11480,21,1575,0,24.0362,1.497374,4.150723,814.9000,0.05,1152483348.8
9,2024-04-05,2024-05-08,11705,21,1575,0,29.7800,3.782480,5.396640,1118.6500,0.05,1995112669.0
9,2024-04-05,2024-05-08,11777,21,1575,0,21.2184,3.229067,4.210237,643.1000,0.05,360882842.25
10,2024-05-09,2024-06-06,15,21,1521,4,36.7698,7.604941,5.148134,8229.6500,0.05,1058698809.0
10,2024-05-09,2024-06-06,17,21,1521,0,31.2138,0.000000,5.296451,223.0000,0.05,694365707.7
10,2024-05-09,2024-06-06,24,21,1521,3,46.1016,2.124256,6.055212,3024.8000,0.05,5593138903.1
10,2024-05-09,2024-06-06,26,21,1521,0,51.7336,0.000000,6.883851,1859.5500,0.05,1377846756.05
10,2024-05-09,2024-06-06,27,21,1521,5,47.8347,4.650580,5.655322,1372.5000,0.05,3943388361.6
10,2024-05-09,2024-06-06,58,21,1521,0,25.9094,3.244643,4.468781,5208.7500,0.05,686229420.0
10,2024-05-09,2024-06-06,70,21,1521,1,35.4832,0.000000,5.012245,620.0000,0.05,1489003829.1
10,2024-05-09,2024-06-06,87,21,1521,0,30.6314,4.934853,4.801513,1581.0000,0.05,956934370.0
10,2024-05-09,2024-06-06,90,21,1521,0,15.7253,2.690479,3.338143,5880.0500,0.05,2081314470.35
10,2024-05-09,2024-06-06,118,21,1521,2,38.5959,7.246081,5.480730,105.3000,0.05,1956623686.5
10,2024-05-09,2024-06-06,120,21,1521,0,18.5082,0.000000,3.451483,2876.5500,0.05,2647307062.5
10,2024-05-09,2024-06-06,125,21,1521,0,26.0958,2.151640,4.799498,2137.0500,0.05,930317623.1
10,2024-05-09,2024-06-06,133,21,1521,0,23.5334,3.927628,4.402080,632.0500,0.05,1371804585.0
10,2024-05-09,2024-06-06,135,21,1521,0,25.3988,0.000000,4.470753,1206.7500,0.05,1659703557.5
10,2024-05-09,2024-06-06,143,21,1521,0,23.8248,0.000000,3.817459,1143.5500,0.05,8804634811.8
10,2024-05-09,2024-06-06,150,21,1521,0,19.4974,2.956452,3.470131,8739.5000,0.05,2408609103.95
10,2024-05-09,2024-06-06,153,21,1521,0,21.1748,4.075521,3.913647,1576.3000,0.05,1938920784.45
10,2024-05-09,2024-06-06,156,21,1521,32,18.8871,4.412135,4.104319,674.0000,0.05,6553803996.7
10,2024-05-09,2024-06-06,168,21,1521,1,24.2269,0.000000,4.520323,187.0500,0.05,2093305134.2
10,2024-05-09,2024-06-06,170,21,1521,2,38.3267,0.000000,5.228345,240.2500,0.05,3445302113.4
10,2024-05-09,2024-06-06,172,21,1521,0,31.2975,0.000000,5.811250,118.3900,0.05,1374823447.2
10,2024-05-09,2024-06-06,185,21,1521,3,51.6843,4.844150,6.674502,275.2500,0.05,2549394923.45
10,2024-05-09,2024-06-06,196,21,1521,0,30.8520,5.380626,5.413609,1485.0000,0.05,960508377.4
10,2024-05-09,2024-06-06,200,21,1521,1,27.7190,4.874026,3.816735,1349.1000,0.05,4667029374.7
10,2024-05-09,2024-06-06,201,21,1521,8,46.0401,0.000000,6.408641,292.6000,0.05,3709493945.6
10,2024-05-09,2024-06-06,206,21,1521,1,32.4559,0.000000,5.137358,309.0500,0.05,890844549.6
10,2024-05-09,2024-06-06,220,21,1521,0,26.1912,1.661264,3.724391,30800.0000,0.05,507716155.8
10,2024-05-09,2024-06-06,221,21,1521,2,34.4594,4.139718,5.093499,289.0500,0.05,2253279593.8
10,2024-05-09,2024-06-06,225,21,1521,0,19.5721,1.526693,3.899741,5192.0500,0.05,1441633661.1
10,2024-05-09,2024-06-06,228,21,1521,16,30.5790,4.090208,5.299821,893.0000,0.05,1700465703.0
10,2024-05-09,2024-06-06,252,21,1521,0,31.0062,0.000000,5.301585,1048.2000,0.05,1224765521.35
10,2024-05-09,2024-06-06,267,21,1521,0,40.3669,0.000000,6.468238,639.5500,0.05,775237562.2
10,2024-05-09,2024-06-06,273,21,1521,0,27.3244,6.169310,4.983683,1264.5500,0.05,1804595080.55
10,2024-05-09,2024-06-06,279,21,1521,0,20.9913,0.847045,4.008387,1454.0500,0.05,1720115553.0
10,2024-05-09,2024-06-06,283,21,1521,4,36.8605,4.854487,5.267455,451.8000,0.05,3320593331.1
10,2024-05-09,2024-06-06,284,21,1521,98,44.8852,0.000000,7.948414,1708.5000,0.05,2120582193.6
10,2024-05-09,2024-06-06,285,21,1521,0,22.1785,2.901076,4.111717,2700.0000,0.05,698303048.3
10,2024-05-09,2024-06-06,288,21,1521,4,44.9693,0.000000,5.855089,856.3000,0.05,932671406.4
10,2024-05-09,2024-06-06,302,21,1521,2,28.1116,3.863478,4.820567,389.9500,0.05,668995184.0
10,2024-05-09,2024-06-06,306,21,1521,1,29.1302,0.000000,4.722413,3690.9000,0.05,1112435805.0
10,2024-05-09,2024-06-06,311,21,1521,0,23.1414,2.854553,3.972649,553.0000,0.05,887301698.1
10,2024-05-09,2024-06-06,345,21,1521,0,21.0788,2.107564,4.037937,4112.4500,0.05,1442741125.6
10,2024-05-09,2024-06-06,346,21,1521,0,28.0665,0.000000,4.608646,9140.5000,0.05,2059815261.4
10,2024-05-09,2024-06-06,347,21,1521,2,34.0474,0.000000,4.499516,836.7500,0.05,2386518291.5
10,2024-05-09,2024-06-06,356,21,1521,0,16.3525,2.045893,3.056984,1174.1500,0.05,2006110657.7
10,2024-05-09,2024-06-06,368,21,1521,0,24.7204,3.624100,4.244559,4684.9500,0.05,2130056917.95
10,2024-05-09,2024-06-06,409,21,1521,0,20.4153,2.223164,3.896324,162.4000,0.05,1834553344.5
10,2024-05-09,2024-06-06,430,21,1521,5,42.6136,4.733713,6.093366,187.2600,0.05,2115302218.4
10,2024-05-09,2024-06-06,465,21,1521,0,30.4440,3.737154,4.872873,1034.3500,0.05,767509075.2
10,2024-05-09,2024-06-06,479,21,1521,0,26.2632,5.557181,4.271383,1310.6000,0.05,938015314.0
10,2024-05-09,2024-06-06,481,21,1521,2,29.8710,2.755790,5.170822,2790.1500,0.05,1111257156.3
10,2024-05-09,2024-06-06,496,21,1521,0,23.2195,4.704560,4.213717,2378.8500,0.05,1211511075.95
10,2024-05-09,2024-06-06,524,21,1521,2,51.7055,0.897101,6.334042,4772.8000,0.05,3990479821.25
10,2024-05-09,2024-06-06,529,21,1521,0,25.0434,3.808318,4.235393,1840.0500,0.05,909823291.2
10,2024-05-09,2024-06-06,534,21,1521,0,15.4631,0.000000,3.201422,1338.5500,0.05,2928770894.45
10,2024-05-09,2024-06-06,536,21,1521,1,27.3876,3.585821,4.415051,1819.7000,0.05,1335627457.0
10,2024-05-09,2024-06-06,537,21,1521,0,17.1447,3.265051,3.170014,742.0000,0.05,26822233217.0
10,2024-05-09,2024-06-06,538,21,1521,0,19.0073,3.968630,3.494196,560.0500,0.05,1956151608.0
10,2024-05-09,2024-06-06,546,21,1521,0,25.4375,0.000000,4.223364,4969.8500,0.05,2267868243.9
10,2024-05-09,2024-06-06,556,21,1521,2,27.4301,2.255644,4.745958,676.4000,0.05,2764761168.4
10,2024-05-09,2024-06-06,562,21,1521,3,38.4499,0.000000,6.270714,311.6500,0.05,2031809111.15
10,2024-05-09,2024-06-06,563,21,1521,0,15.5022,2.621917,2.994557,2360.9500,0.05,3653365387.2
10,2024-05-09,2024-06-06,590,21,1521,0,21.4732,3.153672,3.637200,1120.5500,0.05,14309816320.8
10,2024-05-09,2024-06-06,593,21,1521,0,22.6997,5.804119,3.795714,1645.8500,0.05,724516165.95
10,2024-05-09,2024-06-06,603,21,1521,0,23.8539,5.420954,4.381298,578.5500,0.05,859275490.35
10,2024-05-09,2024-06-06,609,21,1521,3,50.5547,18.291272,16.307809,13.8000,0.05,2920458062.3
10,2024-05-09,2024-06-06,611,21,1521,0,19.6983,3.857552,4.785089,77.3000,0.05,2665905150.0
10,2024-05-09,2024-06-06,612,21,1521,4,31.9370,0.000000,5.238297,154.5000,0.05,1044131886.0
10,2024-05-09,2024-06-06,627,21,1521,0,24.9990,3.345193,4.153366,567.5000,0.05,1249080774.2
10,2024-05-09,2024-06-06,631,21,1521,2,39.0782,6.918952,5.699423,521.3000,0.05,682107083.25
10,2024-05-09,2024-06-06,634,21,1521,0,25.9473,0.000000,4.136262,4253.8500,0.05,1972287274.5
10,2024-05-09,2024-06-06,647,21,1521,0,21.8423,0.000000,3.955375,1423.7000,0.05,3966282173.6
10,2024-05-09,2024-06-06,653,21,1521,0,14.3615,0.765146,2.806802,1407.2000,0.05,8162415389.95
10,2024-05-09,2024-06-06,663,21,1521,2,34.1937,6.381854,4.975162,148.9200,0.05,2382949125.0
10,2024-05-09,2024-06-06,672,21,1521,0,15.6585,0.000000,3.154008,355.7500,0.05,4674302311.95
10,2024-05-09,2024-06-06,698,21,1521,0,28.9689,4.461488,4.846525,1026.2500,0.05,1462949122.5
10,2024-05-09,2024-06-06,720,21,1521,0,41.0389,5.688205,6.673648,606.9500,0.05,1384398950.1
10,2024-05-09,2024-06-06,722,21,1521,0,23.5912,3.645754,4.465027,888.0500,0.05,1616157051.0
10,2024-05-09,2024-06-06,725,21,1521,0,28.6145,1.697634,4.936529,478.0000,0.05,1082494784.0
10,2024-05-09,2024-06-06,750,21,1521,0,45.9667,6.099077,5.165934,4155.0000,0.05,632451374.1
10,2024-05-09,2024-06-06,771,21,1521,0,16.6213,1.156902,3.384022,339.0000,0.05,7265657216.0
10,2024-05-09,2024-06-06,780,21,1521,0,26.2127,0.000000,4.506794,1485.0000,0.05,1184506271.7
10,2024-05-09,2024-06-06,805,21,1521,2,34.3059,0.000000,4.622161,640.7000,0.05,1036783754.5
10,2024-05-09,2024-06-06,818,21,1521,0,25.6157,1.539765,3.917393,3465.0000,0.05,5456760404.9
10,2024-05-09,2024-06-06,823,21,1521,0,22.0383,1.646529,4.023763,1623.4000,0.05,1174926813.5
10,2024-05-09,2024-06-06,827,21,1521,0,23.3305,4.978772,4.481848,2521.9500,0.05,3786524104.5
10,2024-05-09,2024-06-06,838,21,1521,0,36.3765,5.329821,6.798369,66.7000,0.05,1374780152.9
10,2024-05-09,2024-06-06,853,21,1521,0,26.1390,4.537995,5.045758,174.7000,0.05,1135980690.6
10,2024-05-09,2024-06-06,863,21,1521,0,26.5862,6.985499,4.547495,600.2000,0.05,674696458.8
10,2024-05-09,2024-06-06,865,21,1521,0,19.9412,3.599535,3.442636,12612.8500,0.05,4786852909.65
10,2024-05-09,2024-06-06,878,21,1521,34,37.3953,5.042659,6.039713,755.0000,0.05,1446271162.4
10,2024-05-09,2024-06-06,886,21,1521,0,23.2041,3.465036,4.452966,963.8500,0.05,643393451.6
10,2024-05-09,2024-06-06,910,21,1521,0,21.8052,3.313643,4.240447,2180.2000,0.05,1063947288.25
10,2024-05-09,2024-06-06,938,21,1521,4,44.2132,3.760195,6.501374,186.9600,0.05,1080886096.5
10,2024-05-09,2024-06-06,939,21,1521,0,25.9816,0.000000,4.402233,1205.5000,0.05,1161917874.0
10,2024-05-09,2024-06-06,943,21,1521,40,35.4067,5.346277,6.589858,92.8000,0.05,1214261017.2
10,2024-05-09,2024-06-06,956,21,1521,1,15.6205,0.882885,3.425930,1233.3000,0.05,1588152783.0
10,2024-05-09,2024-06-06,970,21,1521,0,42.1312,4.834464,6.279252,100.6000,0.05,1617147486.9
10,2024-05-09,2024-06-06,982,21,1521,2,37.0157,0.000000,6.034780,82.0800,0.05,2092120201.8
10,2024-05-09,2024-06-06,990,21,1521,1,37.0828,5.669129,4.685784,361.6500,0.05,3282984925.0
10,2024-05-09,2024-06-06,994,21,1521,0,31.3668,2.135869,5.028294,1760.1500,0.05,711239820.0
10,2024-05-09,2024-06-06,996,21,1521,0,20.4368,2.129916,3.726760,7179.0000,0.05,391933970.05
10,2024-05-09,2024-06-06,997,21,1521,0,39.8518,3.488675,6.401955,425.5500,0.05,679375176.0
10,2024-05-09,2024-06-06,1007,21,1521,4,32.5578,0.000000,4.135429,254.9000,0.05,2188254201.35
10,2024-05-09,2024-06-06,1028,21,1521,0,20.5583,4.786362,3.786608,35791.4000,0.05,782526521.6
10,2024-05-09,2024-06-06,1049,21,1521,0,21.9559,0.000000,4.046954,3515.0000,0.05,1920842888.55
10,2024-05-09,2024-06-06,1050,21,1521,0,37.4662,3.992761,5.454312,288.7000,0.05,809728128.0
10,2024-05-09,2024-06-06,1051,21,1521,4,47.9856,0.000000,6.552120,467.0500,0.05,3941833957.5
10,2024-05-09,2024-06-06,1060,21,1521,0,43.1031,5.657320,6.491334,1548.0000,0.05,590179303.2
10,2024-05-09,2024-06-06,1061,21,1521,3,19.6343,2.550653,3.483777,1499.2000,0.05,872445677.6
10,2024-05-09,2024-06-06,1062,21,1521,0,20.3842,3.793244,4.126445,3613.4500,0.05,941916769.75
10,2024-05-09,2024-06-06,1068,21,1521,4,34.6257,0.000000,5.333188,119.0400,0.05,4474661690.0
10,2024-05-09,2024-06-06,1076,21,1521,2,31.4286,1.672804,4.736631,6648.0000,0.05,2052693673.2
10,2024-05-09,2024-06-06,1080,21,1521,0,30.7977,2.974741,4.696453,312.3000,0.05,3254718310.25
10,2024-05-09,2024-06-06,1095,21,1521,1,50.5554,0.000000,6.760607,1571.9500,0.05,671882445.0
10,2024-05-09,2024-06-06,1132,21,1521,0,25.3090,2.600018,4.724584,250.0500,0.05,2064134050.0
10,2024-05-09,2024-06-06,1135,21,1521,5,46.7474,0.000000,6.625443,538.4000,0.05,4116022754.55
10,2024-05-09,2024-06-06,1140,21,1521,0,18.4212,1.793407,3.009859,1430.0000,0.05,13916313711.3
10,2024-05-09,2024-06-06,1173,21,1521,0,52.6291,0.000000,7.941394,351.3500,0.05,2705656969.95
10,2024-05-09,2024-06-06,1179,21,1521,4,44.1841,0.000000,5.932479,163.7000,0.05,1940636458.8
10,2024-05-09,2024-06-06,1206,21,1521,0,17.8461,4.124474,3.062189,709.1000,0.05,1035670878.9
10,2024-05-09,2024-06-06,1208,21,1521,0,22.8207,5.429103,3.880063,1427.7000,0.05,1356430075.0
10,2024-05-09,2024-06-06,1209,21,1521,0,34.7079,4.520219,4.269763,822.5500,0.05,9578672175.0
10,2024-05-09,2024-06-06,1261,21,1521,0,35.7567,4.526773,4.941626,5388.5000,0.05,1105958489.9
10,2024-05-09,2024-06-06,1283,21,1521,0,41.6828,0.000000,5.401170,9209.2500,0.05,380076915.6
10,2024-05-09,2024-06-06,1305,21,1521,0,18.5203,0.966832,3.664156,2280.3000,0.05,975677423.5
10,2024-05-09,2024-06-06,1334,21,1521,0,21.1785,2.880870,3.546529,1490.0500,0.05,2389070323.85
10,2024-05-09,2024-06-06,1366,21,1521,0,20.3462,2.587742,3.763419,1077.9000,0.05,1194546374.7
10,2024-05-09,2024-06-06,1367,21,1521,0,18.7020,0.000000,2.977073,7190.0500,0.05,818669199.9
10,2024-05-09,2024-06-06,1372,21,1521,4,30.2358,0.000000,4.507763,433.6500,0.05,3192941343.0
10,2024-05-09,2024-06-06,1373,21,1521,2,28.6886,4.820473,4.347182,160.3600,0.05,4264489711.35
10,2024-05-09,2024-06-06,1383,21,1521,0,14.2047,0.965966,2.849940,3850.0000,0.05,6332915265.75
10,2024-05-09,2024-06-06,1386,21,1521,0,19.5540,2.590531,3.909837,1205.8000,0.05,2493791872.2
10,2024-05-09,2024-06-06,1406,21,1521,0,33.9415,5.301962,4.776820,3780.3500,0.05,509177249.75
10,2024-05-09,2024-06-06,1415,21,1521,0,17.6624,1.148245,3.375508,3310.0000,0.05,2649732852.0
10,2024-05-09,2024-06-06,1426,21,1521,1,28.1788,0.000000,4.505283,3087.6000,0.05,1397316894.75
10,2024-05-09,2024-06-06,1438,21,1521,0,26.4628,0.342867,4.659359,2172.0500,0.05,1498291071.75
10,2024-05-09,2024-06-06,1451,21,1521,0,20.2477,2.645273,3.392051,9696.0000,0.05,2526434207.55
10,2024-05-09,2024-06-06,1455,21,1521,0,39.4956,0.000000,5.864127,133.5500,0.05,1967781888.2
10,2024-05-09,2024-06-06,1461,21,1521,0,25.4484,0.000000,4.285296,492.6500,0.05,1414341093.75
10,2024-05-09,2024-06-06,1480,21,1521,1,25.2566,0.000000,4.099624,593.4000,0.05,1942345445.1
10,2024-05-09,2024-06-06,1481,21,1521,2,35.9338,0.000000,5.446704,216.0000,0.05,2141174193.0
10,2024-05-09,2024-06-06,1510,21,1521,0,27.4034,4.046644,4.316561,1341.0500,0.05,1054065814.65
10,2024-05-09,2024-06-06,1532,21,1521,0,15.5688,0.000000,3.218582,217.7500,0.05,2225150900.55
10,2024-05-09,2024-06-06,1539,21,1521,0,27.0220,10.760151,9.779591,22.8000,0.05,3751295577.6
10,2024-05-09,2024-06-06,9424,21,1521,0,20.6258,2.072259,4.014219,4678.4500,0.05,1188904911.6
10,2024-05-09,2024-06-06,9486,21,1521,0,33.7908,6.271730,5.735870,91.3700,0.05,1121854728.05
10,2024-05-09,2024-06-06,9621,21,1521,0,30.9016,1.782516,4.382000,353.2000,0.05,6080564572.0
10,2024-05-09,2024-06-06,9674,21,1521,21,26.2551,1.630207,4.804160,1034.1000,0.05,731501098.65
10,2024-05-09,2024-06-06,9752,21,1521,362,30.8645,6.420187,4.306279,348.0500,0.05,2207179561.4
10,2024-05-09,2024-06-06,9754,21,1521,0,43.7846,0.000000,6.695484,175.3000,0.05,4641957837.2
10,2024-05-09,2024-06-06,9882,21,1521,3,36.4791,0.000000,5.182871,329.6000,0.05,2013909325.5
10,2024-05-09,2024-06-06,9891,21,1521,10,46.0060,0.000000,6.835807,1049.0000,0.05,1524770996.7
10,2024-05-09,2024-06-06,9894,21,1521,0,31.5259,0.000000,4.820128,483.0000,0.05,1172393444.25
10,2024-05-09,2024-06-06,9973,21,1521,1,22.9332,3.782827,4.329063,992.0000,0.05,1735168850.3
10,2024-05-09,2024-06-06,9983,21,1521,0,26.9241,0.000000,5.057517,628.8500,0.05,837231943.2
10,2024-05-09,2024-06-06,10038,21,1521,0,26.4947,2.740188,4.962000,404.6500,0.05,480615413.2
10,2024-05-09,2024-06-06,10071,21,1521,0,24.3082,4.175538,4.505704,168.3000,0.05,742221648.85
10,2024-05-09,2024-06-06,10188,21,1521,0,43.9210,8.252307,6.274423,1300.2000,0.05,831669493.2
10,2024-05-09,2024-06-06,10431,21,1521,0,40.6070,0.000000,4.745565,399.9000,0.05,761821830.0
10,2024-05-09,2024-06-06,10587,21,1521,0,42.1680,9.850307,7.056948,179.5500,0.05,4610837281.6
10,2024-05-09,2024-06-06,10840,21,1521,5,41.5471,0.000000,4.877924,468.8000,0.05,811229621.1
10,2024-05-09,2024-06-06,11084,21,1521,0,27.5448,4.519088,4.889312,472.8500,0.05,2251456236.0
10,2024-05-09,2024-06-06,11452,21,1521,0,37.0826,4.319439,5.510007,1267.9000,0.05,1043037634.1
10,2024-05-09,2024-06-06,11457,21,1521,1,33.7546,0.000000,4.994716,255.2000,0.05,1057823322.5
10,2024-05-09,2024-06-06,11480,21,1521,0,26.6727,1.647617,4.399658,803.9500,0.05,1202817024.0
10,2024-05-09,2024-06-06,11705,21,1521,2,59.9557,0.000000,8.627589,1443.4000,0.05,2352635245.35
10,2024-05-09,2024-06-06,11777,21,1521,0,33.0629,0.000000,5.159931,680.1000,0.05,446792754.8
11,2024-06-07,2024-07-08,15,21,1575,0,19.5725,2.920193,3.891906,8500.4500,0.05,1178918658.4
11,2024-06-07,2024-07-08,17,21,1575,0,19.7074,3.355881,3.915807,237.4000,0.05,768464236.5
11,2024-06-07,2024-07-08,24,21,1575,0,13.9199,2.479858,3.269181,3095.4000,0.05,5582376744.8
11,2024-06-07,2024-07-08,26,21,1575,0,16.8285,3.858462,3.663262,1793.1500,0.05,1459274346.0
11,2024-06-07,2024-07-08,27,21,1575,0,15.2090,2.261295,3.195336,1461.1000,0.05,4091563124.25
11,2024-06-07,2024-07-08,58,21,1575,0,18.2046,0.571925,3.453253,5046.7500,0.05,760329105.7
11,2024-06-07,2024-07-08,70,21,1575,0,20.8163,1.021562,3.915003,665.1500,0.05,1443587654.1
11,2024-06-07,2024-07-08,87,21,1575,0,20.6850,3.511378,4.173206,1588.0000,0.05,991564919.1
11,2024-06-07,2024-07-08,90,21,1575,0,12.0102,2.434440,2.529154,6180.6500,0.05,2164072840.0
11,2024-06-07,2024-07-08,118,21,1575,1,17.2701,0.000000,3.221469,118.2500,0.01,2142017594.75
11,2024-06-07,2024-07-08,120,21,1575,0,10.2290,1.991691,2.445261,2912.6000,0.05,2748039168.0
11,2024-06-07,2024-07-08,125,21,1575,0,19.5900,3.450891,3.827219,2318.0000,0.05,956034501.8
11,2024-06-07,2024-07-08,133,21,1575,0,20.3501,1.815868,3.936782,669.4500,0.05,1394523627.0
11,2024-06-07,2024-07-08,135,21,1575,0,17.9795,2.246205,3.831995,1240.3000,0.05,1710092312.1
11,2024-06-07,2024-07-08,143,21,1575,0,14.9315,2.087051,3.343475,1235.6000,0.05,8813950541.25
11,2024-06-07,2024-07-08,150,21,1575,0,12.3241,2.871860,2.876160,9404.0000,0.05,2604447295.2
11,2024-06-07,2024-07-08,153,21,1575,0,12.1468,3.020321,3.050611,1585.0000,0.05,1975642455.85
11,2024-06-07,2024-07-08,156,21,1575,29,14.8046,2.541145,3.462532,715.5000,0.05,6814009675.2
11,2024-06-07,2024-07-08,168,21,1575,0,19.2733,0.000000,3.556847,203.5700,0.01,2205267136.8
11,2024-06-07,2024-07-08,170,21,1575,0,17.0686,2.999147,3.755791,255.6000,0.05,3652529220.0
11,2024-06-07,2024-07-08,172,21,1575,0,14.6858,2.247109,3.128145,114.0300,0.01,1531259894.9
11,2024-06-07,2024-07-08,182,21,1575,0,30.8583,0.000000,5.825637,1575.0500,0.05,1017608936.65
11,2024-06-07,2024-07-08,185,21,1575,0,20.5748,3.657917,3.684513,308.1000,0.05,2972811623.7
11,2024-06-07,2024-07-08,196,21,1575,0,17.9757,2.190422,3.772178,1674.9000,0.05,1070814285.0
11,2024-06-07,2024-07-08,200,21,1575,0,16.3094,0.000000,3.267061,1426.5500,0.05,4780891317.8
11,2024-06-07,2024-07-08,201,21,1575,0,21.8548,2.012393,3.922425,297.3500,0.05,4486854388.35
11,2024-06-07,2024-07-08,206,21,1575,0,21.9699,2.847974,4.237400,343.9500,0.05,999724936.6
11,2024-06-07,2024-07-08,220,21,1575,1,20.0344,2.729904,3.493859,33479.1000,0.05,551004411.2
11,2024-06-07,2024-07-08,225,21,1575,0,13.1661,2.751621,2.888643,5424.4000,0.05,1496475891.2
11,2024-06-07,2024-07-08,228,21,1575,28,17.2001,2.247105,3.556341,864.0000,0.05,1975873665.7
11,2024-06-07,2024-07-08,239,21,1575,0,16.6057,2.913197,3.470627,110.9500,0.01,3100653782.1
11,2024-06-07,2024-07-08,252,21,1575,2,23.4014,4.170165,4.535834,1048.0000,0.05,1419706268.8
11,2024-06-07,2024-07-08,267,21,1575,0,23.8458,2.060430,4.675630,688.3500,0.05,834769835.35
11,2024-06-07,2024-07-08,273,21,1575,0,17.7359,1.955270,3.719412,1421.9500,0.05,1812926562.15
11,2024-06-07,2024-07-08,279,21,1575,0,11.8050,2.372492,2.867573,1507.8500,0.05,1858648400.0
11,2024-06-07,2024-07-08,283,21,1575,0,15.7368,2.189016,3.319971,452.6500,0.05,3607910629.4
11,2024-06-07,2024-07-08,284,21,1575,21,38.8895,2.525819,6.194047,2218.7000,0.05,2483704714.5
11,2024-06-07,2024-07-08,285,21,1575,0,15.6439,3.370156,3.310004,2885.1500,0.05,793045970.2
11,2024-06-07,2024-07-08,288,21,1575,0,18.4249,2.896112,4.181644,844.2000,0.05,994324208.8
11,2024-06-07,2024-07-08,302,21,1575,0,20.8607,0.498157,3.730267,418.6500,0.05,696883476.0
11,2024-06-07,2024-07-08,306,21,1575,0,21.2310,0.000000,3.785053,3917.2000,0.05,1145938128.3
11,2024-06-07,2024-07-08,311,21,1575,0,13.9298,2.343461,3.139349,606.4500,0.05,896024959.6
11,2024-06-07,2024-07-08,345,21,1575,0,13.8035,0.000000,2.852224,4544.1000,0.05,1442741125.6
11,2024-06-07,2024-07-08,346,21,1575,0,19.1690,1.527613,3.593073,11549.9500,0.05,2202686808.0
11,2024-06-07,2024-07-08,347,21,1575,0,16.2135,3.036806,3.331162,838.0000,0.05,2597319613.5
11,2024-06-07,2024-07-08,356,21,1575,1,12.5599,1.302326,2.800386,1213.4500,0.05,2097321050.1
11,2024-06-07,2024-07-08,368,21,1575,0,14.3225,2.680292,3.108576,4768.4500,0.05,2165635875.0
11,2024-06-07,2024-07-08,409,21,1575,0,17.7028,1.233206,3.573769,176.5400,0.01,1872426130.8
11,2024-06-07,2024-07-08,430,21,1575,0,21.0283,0.000000,3.589542,203.8100,0.01,2465039964.0
11,2024-06-07,2024-07-08,465,21,1575,0,19.9935,4.729405,3.719757,1235.0000,0.05,765827665.0
11,2024-06-07,2024-07-08,479,21,1575,0,17.7475,2.741586,3.543275,1390.3000,0.05,953248205.0
11,2024-06-07,2024-07-08,481,21,1575,0,21.0929,2.501390,4.484763,3058.6500,0.05,1210651821.4
11,2024-06-07,2024-07-08,496,21,1575,0,16.3923,3.475040,3.490220,2502.3500,0.05,1292548942.15
11,2024-06-07,2024-07-08,524,21,1575,0,21.2816,2.208376,3.717325,5285.0000,0.05,4627282553.8
11,2024-06-07,2024-07-08,529,21,1575,0,15.8750,0.883887,3.263479,1850.7500,0.05,998499171.6
11,2024-06-07,2024-07-08,534,21,1575,0,12.8713,1.767120,2.712313,1443.5500,0.05,3210933049.85
11,2024-06-07,2024-07-08,536,21,1575,1,18.7650,3.169236,4.029792,1923.9000,0.05,1397452927.9
11,2024-06-07,2024-07-08,537,21,1575,0,11.7988,2.018292,2.497327,827.6000,0.05,27370150300.6
11,2024-06-07,2024-07-08,538,21,1575,0,14.3242,0.000000,3.023280,592.0000,0.05,2188561095.55
11,2024-06-07,2024-07-08,546,21,1575,0,15.9717,3.379702,3.128662,5445.4000,0.05,2389234190.0
11,2024-06-07,2024-07-08,556,21,1575,0,15.0209,2.224818,2.865991,684.0000,0.05,2890034728.3
11,2024-06-07,2024-07-08,563,21,1575,0,11.8518,1.739446,2.671914,2489.3000,0.05,3683147458.2
11,2024-06-07,2024-07-08,590,21,1575,0,14.2890,1.404402,2.879451,1166.2500,0.05,14269434474.9
11,2024-06-07,2024-07-08,593,21,1575,0,16.8683,1.551405,3.355567,1767.0500,0.05,776333424.6
11,2024-06-07,2024-07-08,603,21,1575,0,19.6748,1.231119,3.565333,604.8500,0.05,866575281.65
11,2024-06-07,2024-07-08,609,21,1575,0,29.2548,4.943986,6.512332,17.1000,0.01,3484412399.25
11,2024-06-07,2024-07-08,611,21,1575,0,15.2155,0.000000,3.101115,81.0500,0.01,2694007789.2
11,2024-06-07,2024-07-08,612,21,1575,0,21.7313,0.000000,3.843423,181.4500,0.01,1133473028.0
11,2024-06-07,2024-07-08,627,21,1575,0,18.0034,2.357759,3.716251,614.2000,0.05,1249080774.2
11,2024-06-07,2024-07-08,631,21,1575,0,15.2683,3.296804,3.625948,515.4500,0.05,772140028.5
11,2024-06-07,2024-07-08,634,21,1575,0,14.0459,2.180447,2.971369,4272.9500,0.05,2113338870.7
11,2024-06-07,2024-07-08,647,21,1575,0,13.4235,1.812133,3.066369,1487.6000,0.05,4155602464.65
11,2024-06-07,2024-07-08,653,21,1575,0,11.7052,0.958117,2.308588,1501.6000,0.05,8261696220.8
11,2024-06-07,2024-07-08,656,21,1575,0,31.3038,3.233764,5.629464,142.3500,0.01,467867834.0
11,2024-06-07,2024-07-08,663,21,1575,0,13.0886,0.000000,2.750258,152.9500,0.01,2690730672.35
11,2024-06-07,2024-07-08,672,21,1575,0,9.4949,1.592283,2.383998,353.2500,0.05,4711765926.7
11,2024-06-07,2024-07-08,698,21,1575,0,17.5811,1.061091,3.433864,1047.1500,0.05,1487045066.4
11,2024-06-07,2024-07-08,720,21,1575,0,23.4510,3.875240,4.453108,719.3000,0.05,1604898901.2
11,2024-06-07,2024-07-08,722,21,1575,0,13.7844,2.453103,3.107645,930.4000,0.05,1678311057.5
11,2024-06-07,2024-07-08,725,21,1575,0,19.1086,1.628542,3.733342,552.7000,0.05,1108055967.3
11,2024-06-07,2024-07-08,750,21,1575,0,25.8930,0.615747,4.634601,4545.0000,0.05,680031045.0
11,2024-06-07,2024-07-08,771,21,1575,4,13.8533,0.706808,2.902172,354.0000,0.05,7472998055.85
11,2024-06-07,2024-07-08,780,21,1575,0,22.3353,0.000000,4.359117,1585.3000,0.05,1154871919.5
11,2024-06-07,2024-07-08,805,21,1575,0,22.2910,2.010555,3.933610,741.1000,0.05,1098702060.0
11,2024-06-07,2024-07-08,818,21,1575,0,13.6489,2.542836,2.961335,3601.7500,0.05,5763735390.0
11,2024-06-07,2024-07-08,823,21,1575,0,15.9650,3.440603,3.381005,1607.5000,0.05,1284725625.6
11,2024-06-07,2024-07-08,827,21,1575,0,16.3178,2.110973,3.320891,2873.4500,0.05,4047096752.5
11,2024-06-07,2024-07-08,838,21,1575,0,17.0756,2.617896,3.633070,65.4500,0.01,1564348405.8
11,2024-06-07,2024-07-08,853,21,1575,0,20.4659,0.000000,3.940654,192.7100,0.01,1177879032.4
11,2024-06-07,2024-07-08,863,21,1575,0,17.1343,3.009648,3.249647,619.3000,0.05,737300277.3
11,2024-06-07,2024-07-08,865,21,1575,0,12.5187,1.247073,2.680933,12186.5000,0.05,5103598274.4
11,2024-06-07,2024-07-08,878,21,1575,21,22.0891,3.873868,4.937068,776.0000,0.05,1637800183.25
11,2024-06-07,2024-07-08,886,21,1575,0,16.8608,1.969506,3.302304,985.5500,0.05,699857193.65
11,2024-06-07,2024-07-08,910,21,1575,0,18.1101,3.773859,3.979812,2268.8000,0.05,1061007093.8
11,2024-06-07,2024-07-08,938,21,1575,0,20.9332,3.743014,3.839281,184.8100,0.01,1631375670.2
11,2024-06-07,2024-07-08,939,21,1575,1,18.8626,2.454488,3.617283,1302.5000,0.05,1225444944.1
11,2024-06-07,2024-07-08,943,21,1575,0,33.3193,2.822653,5.644361,106.4300,0.01,1417446314.5
11,2024-06-07,2024-07-08,956,21,1575,3,12.7047,2.992031,2.978270,1272.5000,0.05,1642292021.0
11,2024-06-07,2024-07-08,970,21,1575,0,16.6391,1.610122,3.644267,101.2200,0.01,2352974356.2
11,2024-06-07,2024-07-08,982,21,1575,0,18.8734,1.942900,3.794216,80.3900,0.01,2483709526.95
11,2024-06-07,2024-07-08,990,21,1575,0,16.9664,1.984250,3.323019,368.3000,0.05,3727115078.4
11,2024-06-07,2024-07-08,994,21,1575,0,19.7891,2.951131,3.487265,1864.3000,0.05,764340087.45
11,2024-06-07,2024-07-08,996,21,1575,0,22.4871,1.919528,3.873526,9174.5000,0.05,531117826.2
11,2024-06-07,2024-07-08,1007,21,1575,0,15.8927,0.000000,3.271061,254.6000,0.05,2435603889.6
11,2024-06-07,2024-07-08,1028,21,1575,0,15.1727,3.185362,3.306381,39018.0000,0.05,789172883.1
11,2024-06-07,2024-07-08,1049,21,1575,0,21.7452,3.266082,4.442907,3965.3500,0.05,1922625416.25
11,2024-06-07,2024-07-08,1050,21,1575,0,18.6339,0.708659,3.556960,307.6000,0.05,973460888.4
11,2024-06-07,2024-07-08,1051,21,1575,0,22.2960,2.183931,4.575659,491.0000,0.05,4336421252.8
11,2024-06-07,2024-07-08,1060,21,1575,0,29.2200,6.005893,4.634833,1795.8000,0.05,767102128.5
11,2024-06-07,2024-07-08,1061,21,1575,1,12.2868,2.532854,2.760703,1561.1000,0.05,913949311.0
11,2024-06-07,2024-07-08,1062,21,1575,0,14.4115,2.180553,3.259099,3756.0500,0.05,977766892.5
11,2024-06-07,2024-07-08,1068,21,1575,0,15.7322,2.685512,3.554675,118.1000,0.01,4865568034.6
11,2024-06-07,2024-07-08,1076,21,1575,0,16.5419,2.386362,3.525352,6961.5000,0.05,2224612075.7
11,2024-06-07,2024-07-08,1080,21,1575,0,15.7297,0.236390,3.088297,328.4500,0.05,3392449520.8
11,2024-06-07,2024-07-08,1095,21,1575,0,28.9959,0.000000,5.575461,1870.2500,0.05,799334310.25
11,2024-06-07,2024-07-08,1132,21,1575,0,19.2986,1.773773,3.971962,259.8900,0.05,2083421979.8
11,2024-06-07,2024-07-08,1135,21,1575,0,22.8144,0.000000,4.576017,522.1000,0.05,4514177235.3
11,2024-06-07,2024-07-08,1140,21,1575,0,12.5925,1.192367,2.425644,1477.1500,0.05,14471011415.0
11,2024-06-07,2024-07-08,1173,21,1575,0,29.1726,0.000000,4.401366,408.7500,0.05,2945695294.5
11,2024-06-07,2024-07-08,1179,21,1575,0,22.8738,1.620191,4.252910,150.9400,0.01,2539772863.8
11,2024-06-07,2024-07-08,1206,21,1575,0,11.3013,1.440144,2.545050,724.2000,0.05,992589914.75
11,2024-06-07,2024-07-08,1208,21,1575,0,14.2718,2.075633,3.121966,1460.0000,0.05,1435154563.15
11,2024-06-07,2024-07-08,1209,21,1575,0,12.7563,2.138414,2.772581,841.8000,0.05,10216998485.65
11,2024-06-07,2024-07-08,1250,21,1575,0,17.9436,4.085571,3.357466,27472.0000,0.05,674842566.6
11,2024-06-07,2024-07-08,1261,21,1575,0,19.5617,2.530897,3.961009,5820.0000,0.05,1121757359.35
11,2024-06-07,2024-07-08,1283,21,1575,0,33.3251,0.000000,4.843538,9899.7500,0.05,535182744.3
11,2024-06-07,2024-07-08,1305,21,1575,0,15.7222,1.903929,3.109172,2400.2500,0.05,1004073637.05
11,2024-06-07,2024-07-08,1334,21,1575,0,12.1236,2.605332,2.843800,1512.6500,0.05,2454601207.5
11,2024-06-07,2024-07-08,1366,21,1575,0,12.6579,2.157458,3.056281,1101.6000,0.05,1279208646.75
11,2024-06-07,2024-07-08,1367,21,1575,0,12.1958,2.556002,2.799522,7113.5000,0.05,784152659.25
11,2024-06-07,2024-07-08,1372,21,1575,0,14.6082,0.000000,2.911908,439.3500,0.05,3816414712.0
11,2024-06-07,2024-07-08,1373,21,1575,0,13.9177,1.625556,2.882936,172.5800,0.01,4542152772.6
11,2024-06-07,2024-07-08,1383,21,1575,0,9.8721,0.000000,2.114498,3866.6500,0.05,6641467964.95
11,2024-06-07,2024-07-08,1386,21,1575,0,15.6815,2.313192,3.367144,1315.9000,0.05,2513400189.8
11,2024-06-07,2024-07-08,1406,21,1575,0,27.5283,2.553855,4.508388,4193.9500,0.05,561038564.6
11,2024-06-07,2024-07-08,1415,21,1575,0,11.9182,0.774744,2.559813,3404.6000,0.05,2785613782.75
11,2024-06-07,2024-07-08,1426,21,1575,0,19.0717,1.698935,3.667088,3557.3000,0.05,1615576822.4
11,2024-06-07,2024-07-08,1438,21,1575,0,14.8874,2.065952,3.339459,2420.0000,0.05,1577560513.1
11,2024-06-07,2024-07-08,1451,21,1575,0,16.0087,2.971018,3.203426,10904.0000,0.05,2695542944.6
11,2024-06-07,2024-07-08,1455,21,1575,0,15.4264,2.167188,2.935586,131.4000,0.01,2230390876.4
11,2024-06-07,2024-07-08,1461,21,1575,0,17.2736,2.007109,3.549935,543.5500,0.05,1415184164.4
11,2024-06-07,2024-07-08,1480,21,1575,1,17.8563,3.432583,3.982264,640.1500,0.05,1999403605.8
11,2024-06-07,2024-07-08,1481,21,1575,0,20.3515,0.000000,3.703940,220.4500,0.01,2371996103.85
11,2024-06-07,2024-07-08,1510,21,1575,0,17.4109,1.632884,3.534956,1478.0000,0.05,1206441806.5
11,2024-06-07,2024-07-08,1532,21,1575,0,15.6495,2.115277,3.100136,235.7000,0.05,2257358275.4
11,2024-06-07,2024-07-08,1539,21,1575,0,19.9350,0.000000,4.274958,23.9300,0.01,4069957416.9
11,2024-06-07,2024-07-08,9424,21,1575,0,20.2014,0.000000,3.575337,4780.6000,0.05,1226165148.0
11,2024-06-07,2024-07-08,9486,21,1575,0,23.4313,0.000000,3.739362,125.4500,0.01,1193024462.4
11,2024-06-07,2024-07-08,9621,21,1575,0,14.2657,1.007262,2.995874,354.7000,0.05,6033767600.0
11,2024-06-07,2024-07-08,9674,21,1575,0,17.4960,3.056637,3.669966,1082.1500,0.05,783318906.75
11,2024-06-07,2024-07-08,9752,21,1575,40,33.9868,0.000000,5.035915,412.4000,0.05,2142224568.75
11,2024-06-07,2024-07-08,9754,21,1575,0,21.0340,0.574451,3.626242,175.4500,0.01,5665245535.4
11,2024-06-07,2024-07-08,9882,21,1575,0,25.9485,0.000000,5.022774,333.3500,0.05,2280620958.0
11,2024-06-07,2024-07-08,9891,21,1575,0,17.9046,2.637620,3.729350,1019.0000,0.05,1509548402.2
11,2024-06-07,2024-07-08,9894,21,1575,0,17.7674,3.123436,3.917504,492.4000,0.05,1665815564.45
11,2024-06-07,2024-07-08,9936,21,1575,0,18.6927,5.085602,3.408034,2165.0000,0.05,566215800.15
11,2024-06-07,2024-07-08,9973,21,1575,0,18.7068,1.916604,3.737013,1075.5000,0.05,1985807652.0
11,2024-06-07,2024-07-08,9983,21,1575,0,18.3396,3.847642,4.176432,652.8500,0.05,779338848.6
11,2024-06-07,2024-07-08,10038,21,1575,0,15.0291,2.976959,3.670303,397.7500,0.05,534703612.1
11,2024-06-07,2024-07-08,10071,21,1575,0,19.8634,1.601202,4.290483,173.9100,0.01,753378434.85
11,2024-06-07,2024-07-08,10188,21,1575,0,26.8224,4.917982,5.368707,1521.2000,0.05,884064509.9
11,2024-06-07,2024-07-08,10431,21,1575,0,28.7671,4.880934,4.536237,441.5000,0.05,761821830.0
11,2024-06-07,2024-07-08,10587,21,1575,0,30.0966,2.106751,4.596353,185.6500,0.01,4533869912.0
11,2024-06-07,2024-07-08,10840,21,1575,2,24.6453,4.512154,4.418087,496.6000,0.05,779874247.35
11,2024-06-07,2024-07-08,11084,21,1575,0,18.5784,2.269089,3.983464,565.3500,0.05,2431487600.0
11,2024-06-07,2024-07-08,11452,21,1575,0,27.8650,4.046107,4.805828,1356.9000,0.05,1117582985.2
11,2024-06-07,2024-07-08,11457,21,1575,0,19.7647,2.038187,3.899120,259.4000,0.05,1220293050.0
11,2024-06-07,2024-07-08,11480,21,1575,0,24.2108,5.199593,4.414043,910.4500,0.05,1165556994.0
11,2024-06-07,2024-07-08,11705,21,1575,2,42.8872,0.000000,6.492814,2016.5000,0.05,2576526119.9
11,2024-06-07,2024-07-08,11777,21,1575,0,20.1656,3.173961,3.989972,722.9000,0.05,545503536.75
12,2024-07-09,2024-08-07,15,21,1575,0,23.9688,0.000000,3.955318,7830.9000,0.05,1350539872.5
12,2024-07-09,2024-08-07,17,21,1575,0,22.1410,2.576617,4.323898,222.8100,0.01,779246316.0
12,2024-07-09,2024-08-07,24,21,1575,0,18.9998,0.000000,3.551060,2997.0000,0.05,5479692273.5
12,2024-07-09,2024-08-07,26,21,1575,0,24.8691,0.000000,4.762405,1768.8500,0.05,1459175539.6
12,2024-07-09,2024-08-07,27,21,1575,0,19.0447,0.000000,3.515189,1496.9500,0.05,4364371089.0
12,2024-07-09,2024-08-07,58,21,1575,0,19.2414,1.503919,3.537881,5253.5000,0.05,814787360.15
12,2024-07-09,2024-08-07,70,21,1575,0,19.9216,3.830014,4.378269,678.1500,0.05,1513659004.9
12,2024-07-09,2024-08-07,87,21,1575,0,18.3279,4.508928,4.087593,1487.0000,0.05,1035502722.5
12,2024-07-09,2024-08-07,90,21,1575,0,13.0147,1.729752,2.606452,6453.0000,0.05,2236368207.15
12,2024-07-09,2024-08-07,118,21,1575,0,22.2492,0.000000,3.834256,115.4000,0.01,2209779107.4
12,2024-07-09,2024-08-07,120,21,1575,0,15.4160,0.356258,2.896344,2963.0000,0.05,2780225084.0
12,2024-07-09,2024-08-07,125,21,1575,0,16.9937,1.721594,3.495209,2221.0000,0.05,955463203.2
12,2024-07-09,2024-08-07,133,21,1575,0,17.4051,3.425822,3.850479,641.7000,0.05,1442720597.5
12,2024-07-09,2024-08-07,135,21,1575,0,18.0699,2.619340,3.607985,1369.8500,0.05,1762690306.95
12,2024-07-09,2024-08-07,143,21,1575,0,16.3895,2.688013,3.259078,1238.3500,0.05,9008871836.75
12,2024-07-09,2024-08-07,150,21,1575,0,19.0319,0.000000,3.190877,9283.5000,0.05,2736370066.5
12,2024-07-09,2024-08-07,153,21,1575,0,14.8766,1.914068,3.274829,1598.2500,0.05,2024363507.7
12,2024-07-09,2024-08-07,156,21,1575,47,13.3133,2.901475,3.329439,683.0000,0.05,6880423547.0
12,2024-07-09,2024-08-07,168,21,1575,0,24.7963,2.896595,4.159964,197.4000,0.01,2238789702.6
12,2024-07-09,2024-08-07,170,21,1575,0,19.2214,1.887470,4.006169,237.3500,0.05,3801871952.85
12,2024-07-09,2024-08-07,172,21,1575,0,20.1400,0.000000,3.750491,113.6900,0.01,1562616846.0
12,2024-07-09,2024-08-07,182,21,1575,0,31.7535,2.914307,5.741010,1470.4000,0.05,1218475495.35
12,2024-07-09,2024-08-07,185,21,1575,0,29.7629,3.321058,4.700650,313.0000,0.05,3694702446.2
12,2024-07-09,2024-08-07,196,21,1575,0,21.0636,0.000000,4.050665,1628.0000,0.05,1175258733.0
12,2024-07-09,2024-08-07,200,21,1575,0,14.6672,2.172481,3.038216,1461.2500,0.05,5179191073.25
12,2024-07-09,2024-08-07,201,21,1575,0,30.1389,0.000000,5.223135,312.5500,0.05,4760781374.2
12,2024-07-09,2024-08-07,206,21,1575,0,23.6129,0.432676,4.426257,354.3000,0.05,1176420260.7
12,2024-07-09,2024-08-07,220,21,1575,0,17.7341,4.096406,3.976414,34781.0000,0.05,626325119.05
12,2024-07-09,2024-08-07,221,21,1575,0,23.9152,1.811717,4.190075,292.6000,0.05,3241928217.6
12,2024-07-09,2024-08-07,225,21,1575,0,15.7669,3.729359,3.376316,5835.7000,0.05,1496509267.5
12,2024-07-09,2024-08-07,228,21,1575,23,30.7098,3.901655,4.924621,793.5000,0.05,1997524683.0
12,2024-07-09,2024-08-07,239,21,1575,0,21.0543,0.000000,3.739763,106.6500,0.01,3322913117.94
12,2024-07-09,2024-08-07,252,21,1575,0,25.3812,0.568834,4.897695,1192.8000,0.05,1452780674.1
12,2024-07-09,2024-08-07,267,21,1575,0,26.8526,0.914203,5.316936,726.5000,0.05,959861957.7
12,2024-07-09,2024-08-07,273,21,1575,0,22.3753,2.378762,4.374685,1404.5500,0.05,1816029433.4
12,2024-07-09,2024-08-07,279,21,1575,0,14.8711,1.868023,2.993060,1512.0500,0.05,1999241244.0
12,2024-07-09,2024-08-07,283,21,1575,0,21.2773,2.229524,3.999129,473.2500,0.05,3816998830.7
12,2024-07-09,2024-08-07,284,21,1575,168,37.4144,0.000000,6.075811,2625.0000,0.05,2995713633.1
12,2024-07-09,2024-08-07,285,21,1575,0,19.4607,5.107638,3.887958,3144.4000,0.05,817027486.05
12,2024-07-09,2024-08-07,288,21,1575,0,20.3537,2.757226,4.028281,828.0500,0.05,1174081340.4
12,2024-07-09,2024-08-07,302,21,1575,0,26.5768,5.271838,4.856276,431.7500,0.05,751958017.6
12,2024-07-09,2024-08-07,306,21,1575,0,23.9825,2.623915,4.708662,3771.8500,0.05,1229241996.0
12,2024-07-09,2024-08-07,311,21,1575,0,17.2824,3.341879,3.388157,634.7000,0.05,970395907.15
12,2024-07-09,2024-08-07,345,21,1575,0,17.4062,2.154576,3.399896,4595.3000,0.05,1438929933.0
12,2024-07-09,2024-08-07,346,21,1575,0,24.9813,0.000000,4.396122,11641.9500,0.05,2305038457.95
12,2024-07-09,2024-08-07,347,21,1575,0,21.8334,0.000000,3.765342,834.1000,0.05,2715886700.8
12,2024-07-09,2024-08-07,356,21,1575,0,13.4068,2.171276,2.964927,1361.0500,0.05,2255944261.6
12,2024-07-09,2024-08-07,368,21,1575,0,16.1142,0.000000,3.179886,4870.1000,0.05,2195458812.4
12,2024-07-09,2024-08-07,409,21,1575,0,18.9367,2.587072,3.752363,195.4300,0.01,1927422025.0
12,2024-07-09,2024-08-07,430,21,1575,0,24.5823,0.000000,4.174157,214.5400,0.01,2711164075.6
12,2024-07-09,2024-08-07,465,21,1575,0,19.3960,2.972360,3.763779,1422.9500,0.05,789207361.8
12,2024-07-09,2024-08-07,479,21,1575,0,19.1163,3.235643,3.622722,1455.7500,0.05,991476912.3
12,2024-07-09,2024-08-07,481,21,1575,0,27.2848,0.000000,4.686430,3190.3000,0.05,1289592955.35
12,2024-07-09,2024-08-07,496,21,1575,0,15.9384,2.364204,3.366681,2793.6500,0.05,1359087161.85
12,2024-07-09,2024-08-07,524,21,1575,0,28.2308,0.000000,4.580109,4957.8000,0.05,4829781630.2
12,2024-07-09,2024-08-07,529,21,1575,0,18.7907,0.000000,3.587797,1833.9000,0.05,1136549189.55
12,2024-07-09,2024-08-07,534,21,1575,0,14.7586,3.367605,2.998155,1587.8000,0.05,3449722425.8
12,2024-07-09,2024-08-07,536,21,1575,0,22.6485,0.000000,4.114959,1981.2000,0.05,1439055353.05
12,2024-07-09,2024-08-07,537,21,1575,1,12.2109,1.897712,2.533008,810.1000,0.05,27552253855.35
12,2024-07-09,2024-08-07,538,21,1575,0,19.6610,2.949002,3.681139,664.8000,0.05,2188561095.55
12,2024-07-09,2024-08-07,546,21,1575,0,17.9313,0.000000,3.217466,5327.3000,0.05,2524826875.8
12,2024-07-09,2024-08-07,556,21,1575,0,18.0635,0.000000,3.212394,667.9000,0.05,3044156728.0
12,2024-07-09,2024-08-07,562,21,1575,0,28.2469,0.000000,4.948118,322.2500,0.05,2523188788.35
12,2024-07-09,2024-08-07,563,21,1575,0,15.1330,1.291004,3.074999,2706.8500,0.05,3798563930.4
12,2024-07-09,2024-08-07,590,21,1575,0,14.7787,2.080872,3.256582,1225.2000,0.05,14486506049.5
12,2024-07-09,2024-08-07,593,21,1575,0,19.0930,3.038157,3.730920,1906.6000,0.05,804685384.8
12,2024-07-09,2024-08-07,603,21,1575,0,20.7414,4.125051,4.193205,686.8500,0.05,874801626.3
12,2024-07-09,2024-08-07,609,21,1575,0,26.0724,0.634238,5.693106,16.0800,0.01,4256278536.0
12,2024-07-09,2024-08-07,611,21,1575,0,13.8260,2.326020,3.245193,76.0300,0.01,2676008836.2
12,2024-07-09,2024-08-07,612,21,1575,0,26.5178,0.000000,4.442173,177.8600,0.01,1193171922.7
12,2024-07-09,2024-08-07,627,21,1575,0,19.8574,1.023822,3.831945,612.7000,0.05,1303993331.55
12,2024-07-09,2024-08-07,631,21,1575,0,24.0810,4.759404,4.638700,544.1500,0.05,811690185.6
12,2024-07-09,2024-08-07,634,21,1575,0,16.6601,0.000000,3.239845,4350.0000,0.05,2349985176.0
12,2024-07-09,2024-08-07,647,21,1575,0,14.1296,2.491086,3.151312,1422.6000,0.05,4245206981.6
12,2024-07-09,2024-08-07,653,21,1575,0,14.9814,2.169204,2.893250,1765.8000,0.05,8582658796.8
12,2024-07-09,2024-08-07,663,21,1575,0,20.1863,0.000000,3.372837,161.4200,0.01,2967436480.0
12,2024-07-09,2024-08-07,672,21,1575,0,15.6193,0.000000,2.992531,400.8500,0.05,4842291926.85
12,2024-07-09,2024-08-07,698,21,1575,0,20.1592,2.595717,3.826472,970.8500,0.05,1501009016.5
12,2024-07-09,2024-08-07,720,21,1575,0,25.7451,3.733140,5.093356,709.1000,0.05,1698459210.0
12,2024-07-09,2024-08-07,722,21,1575,0,16.2834,2.607248,3.268496,906.1000,0.05,1662366035.05
12,2024-07-09,2024-08-07,725,21,1575,0,20.4287,3.251249,4.161562,580.5500,0.05,1180567560.2
12,2024-07-09,2024-08-07,750,21,1575,0,24.7031,4.138167,4.692433,4301.2500,0.05,754453676.1
12,2024-07-09,2024-08-07,771,21,1575,2,14.9179,2.150217,3.270313,359.6000,0.05,7595009695.0
12,2024-07-09,2024-08-07,780,21,1575,0,27.5094,0.000000,5.188105,1804.0000,0.05,1226176428.8
12,2024-07-09,2024-08-07,805,21,1575,1,26.6971,2.586552,4.798306,779.6500,0.05,1154108439.75
12,2024-07-09,2024-08-07,818,21,1575,0,16.2012,0.409011,2.903962,3641.7500,0.05,6365738364.6
12,2024-07-09,2024-08-07,823,21,1575,0,17.3140,4.430625,3.656856,1831.5000,0.05,1395931839.75
12,2024-07-09,2024-08-07,827,21,1575,0,17.8076,0.000000,3.159192,2782.5500,0.05,4496269534.5
12,2024-07-09,2024-08-07,838,21,1575,0,24.9861,0.000000,4.625952,66.1000,0.01,1519782183.15
12,2024-07-09,2024-08-07,853,21,1575,0,27.4066,0.000000,4.641235,212.8400,0.01,1188974354.4
12,2024-07-09,2024-08-07,863,21,1575,0,17.9114,2.395812,3.410714,668.0500,0.05,755122575.3
12,2024-07-09,2024-08-07,865,21,1575,0,17.8092,0.000000,3.073182,12644.0000,0.05,5256618827.4
12,2024-07-09,2024-08-07,878,21,1575,14,28.7688,3.223594,5.559539,814.0000,0.05,1831983048.6
12,2024-07-09,2024-08-07,886,21,1575,0,20.3254,3.256940,3.894735,1064.4000,0.05,727859518.0
12,2024-07-09,2024-08-07,910,21,1575,0,21.4528,3.609854,4.223220,2691.7000,0.05,1170958647.0
12,2024-07-09,2024-08-07,925,21,1575,0,20.5971,2.626149,3.749908,1824.5500,0.05,600227142.4
12,2024-07-09,2024-08-07,938,21,1575,0,24.9553,0.000000,4.169499,187.3700,0.01,2270240492.7
12,2024-07-09,2024-08-07,939,21,1575,1,20.1939,2.610387,4.034550,1383.5000,0.05,1295943028.2
12,2024-07-09,2024-08-07,943,21,1575,0,40.1333,0.000000,6.415892,121.1700,0.01,1734175358.55
12,2024-07-09,2024-08-07,956,21,1575,1,14.4487,2.373491,3.160460,1271.6000,0.05,1671786752.2
12,2024-07-09,2024-08-07,970,21,1575,0,28.4607,0.000000,4.866535,105.3000,0.01,3102467763.0
12,2024-07-09,2024-08-07,982,21,1575,0,22.8572,0.379999,4.147454,75.5400,0.01,2632668129.0
12,2024-07-09,2024-08-07,990,21,1575,0,23.0665,3.723218,3.976048,388.8500,0.05,4033087655.6
12,2024-07-09,2024-08-07,994,21,1575,0,24.5559,0.000000,3.889207,1738.5500,0.05,886794456.5
12,2024-07-09,2024-08-07,996,21,1575,0,25.8136,2.989891,4.627607,10257.0000,0.05,691655462.95
12,2024-07-09,2024-08-07,997,21,1575,0,43.4512,0.000000,6.808235,578.5000,0.05,1490352301.2
12,2024-07-09,2024-08-07,1007,21,1575,0,26.6483,3.008454,4.930220,300.5500,0.05,2808376623.0
12,2024-07-09,2024-08-07,1028,21,1575,0,18.1097,3.671438,3.319638,40980.0000,0.05,800098996.85
12,2024-07-09,2024-08-07,1049,21,1575,0,22.4867,3.447639,4.303112,4756.5500,0.05,2046517677.0
12,2024-07-09,2024-08-07,1050,21,1575,0,24.4512,1.661639,4.352255,336.8500,0.05,1083371361.15
12,2024-07-09,2024-08-07,1051,21,1575,0,30.1519,0.000000,5.129071,543.9500,0.05,4843670217.75
12,2024-07-09,2024-08-07,1060,21,1575,1,30.2832,4.373459,5.485111,1834.2000,0.05,844802062.75
12,2024-07-09,2024-08-07,1061,21,1575,1,16.9216,3.397357,3.315354,1572.8000,0.05,914182166.5
12,2024-07-09,2024-08-07,1062,21,1575,0,19.2798,3.420585,3.678170,3995.0000,0.05,988403817.0
12,2024-07-09,2024-08-07,1068,21,1575,0,18.9799,0.000000,3.568578,112.5500,0.01,4981979980.74
12,2024-07-09,2024-08-07,1076,21,1575,0,20.8161,0.000000,3.811378,6539.5500,0.05,2359395675.9
12,2024-07-09,2024-08-07,1080,21,1575,0,19.0778,0.000000,3.542313,343.1500,0.05,3882115871.7
12,2024-07-09,2024-08-07,1095,21,1575,0,31.1870,0.000000,5.363166,1778.4000,0.05,978030043.65
12,2024-07-09,2024-08-07,1132,21,1575,0,20.7314,0.000000,4.071479,238.2000,0.05,2111039693.8
12,2024-07-09,2024-08-07,1135,21,1575,0,28.6154,0.000000,4.993046,616.4000,0.05,5009521177.6
12,2024-07-09,2024-08-07,1140,21,1575,0,12.5518,1.604394,2.507111,1512.4000,0.05,14712559937.65
12,2024-07-09,2024-08-07,1173,21,1575,3,39.6047,0.000000,6.769489,593.7000,0.05,3510311026.1
12,2024-07-09,2024-08-07,1179,21,1575,0,25.1496,2.978379,4.597697,147.7000,0.01,3092630708.75
12,2024-07-09,2024-08-07,1206,21,1575,0,14.5853,2.448570,3.106269,724.5000,0.05,979116844.8
12,2024-07-09,2024-08-07,1208,21,1575,0,17.6607,3.210381,3.492650,1650.5500,0.05,1476612339.4
12,2024-07-09,2024-08-07,1209,21,1575,0,16.0101,1.412017,3.243786,862.7000,0.05,10718396439.3
12,2024-07-09,2024-08-07,1250,21,1575,2,20.3378,4.073879,3.311585,27580.9000,0.05,708810821.7
12,2024-07-09,2024-08-07,1261,21,1575,0,21.1019,0.000000,4.199372,5336.7000,0.05,1263975398.55
12,2024-07-09,2024-08-07,1283,21,1575,0,35.9625,0.000000,4.778953,10841.5000,0.05,623628158.1
12,2024-07-09,2024-08-07,1305,21,1575,0,19.0546,4.055801,3.897730,2396.0000,0.05,975677423.5
12,2024-07-09,2024-08-07,1334,21,1575,0,15.5990,2.915347,2.832424,1614.0000,0.05,2492308820.0
12,2024-07-09,2024-08-07,1366,21,1575,0,15.6717,3.258203,3.429527,1190.3500,0.05,1323834019.2
12,2024-07-09,2024-08-07,1367,21,1575,0,12.1173,2.949442,2.840608,6952.4500,0.05,759819037.5
12,2024-07-09,2024-08-07,1372,21,1575,0,23.2566,0.336348,4.248157,437.7500,0.05,4029823723.8
12,2024-07-09,2024-08-07,1373,21,1575,0,16.8393,1.301546,3.082594,159.0000,0.01,5002871465.25
12,2024-07-09,2024-08-07,1383,21,1575,0,12.8168,1.446917,2.446034,4288.0000,0.05,6878705954.3
12,2024-07-09,2024-08-07,1386,21,1575,0,17.9414,3.845539,3.704647,1431.2000,0.05,2513400189.8
12,2024-07-09,2024-08-07,1406,21,1575,0,29.9544,0.000000,4.685802,4082.8000,0.05,611330655.6
12,2024-07-09,2024-08-07,1415,21,1575,0,19.9877,3.638673,3.136832,3332.3000,0.05,2917517821.5
12,2024-07-09,2024-08-07,1426,21,1575,0,23.3963,0.000000,4.099924,3650.7000,0.05,1950957872.5
12,2024-07-09,2024-08-07,1438,21,1575,0,19.2245,0.000000,3.763466,2460.0500,0.05,1673347138.7
12,2024-07-09,2024-08-07,1451,21,1575,0,15.0311,3.235018,3.236407,11330.0000,0.05,2846006256.0
12,2024-07-09,2024-08-07,1455,21,1575,4,19.6471,0.000000,3.591273,126.3600,0.01,2335340432.7
12,2024-07-09,2024-08-07,1461,21,1575,0,21.1224,0.000000,3.628632,533.6000,0.05,1418347807.2
12,2024-07-09,2024-08-07,1480,21,1575,4,22.7286,2.347541,3.773404,636.0000,0.05,2063444096.35
12,2024-07-09,2024-08-07,1481,21,1575,0,23.7081,0.000000,4.314382,215.4500,0.01,2688807120.45
12,2024-07-09,2024-08-07,1510,21,1575,0,17.8816,2.154525,3.468868,1493.7000,0.05,1341045564.75
12,2024-07-09,2024-08-07,1532,21,1575,0,16.3634,2.940961,3.321061,249.8500,0.05,2502232360.5
12,2024-07-09,2024-08-07,1539,21,1575,0,23.4569,0.000000,4.601466,25.3900,0.01,4071649931.76
12,2024-07-09,2024-08-07,9424,21,1575,0,17.8522,0.386711,3.390086,5006.0000,0.05,1289142467.5
12,2024-07-09,2024-08-07,9486,21,1575,0,25.3361,0.992772,4.039110,130.2300,0.01,1282870575.0
12,2024-07-09,2024-08-07,9621,21,1575,0,16.1220,1.434877,3.060641,334.9000,0.05,6012221341.0
12,2024-07-09,2024-08-07,9674,21,1575,0,19.5631,2.775697,4.031077,1188.5000,0.05,851767773.4
12,2024-07-09,2024-08-07,9752,21,1575,15,39.0700,2.212638,5.936226,472.0000,0.05,2071877344.2
12,2024-07-09,2024-08-07,9754,21,1575,0,35.1782,0.000000,5.714650,195.4100,0.01,6034403720.1
12,2024-07-09,2024-08-07,9882,21,1575,0,25.0144,3.346322,5.008246,404.2000,0.05,2554161635.45
12,2024-07-09,2024-08-07,9891,21,1575,0,33.3723,0.000000,5.958810,1035.2000,0.05,1409703528.6
12,2024-07-09,2024-08-07,9894,21,1575,0,29.1241,0.000000,4.882288,544.5500,0.05,1867686727.2
12,2024-07-09,2024-08-07,9936,21,1575,0,17.7223,4.041375,3.389822,2103.9000,0.05,589722233.1
12,2024-07-09,2024-08-07,9973,21,1575,0,20.2095,1.324168,4.125219,1204.0000,0.05,2132435225.85
12,2024-07-09,2024-08-07,9983,21,1575,0,25.2292,1.820849,4.444344,690.8500,0.05,792598288.6
12,2024-07-09,2024-08-07,10038,21,1575,0,23.2101,4.996378,4.244668,389.0500,0.05,531036769.05
12,2024-07-09,2024-08-07,10071,21,1575,0,28.8971,0.000000,4.521098,181.5000,0.01,743388214.5
12,2024-07-09,2024-08-07,10188,21,1575,0,28.1153,1.635309,5.412035,1400.9000,0.05,928007454.15
12,2024-07-09,2024-08-07,10431,21,1575,0,39.8234,0.000000,5.869021,532.1000,0.05,752778001.1
12,2024-07-09,2024-08-07,10587,21,1575,0,42.9953,0.000000,6.843266,262.9700,0.05,4610837281.6
12,2024-07-09,2024-08-07,10840,21,1575,3,22.8712,4.084756,3.872780,548.4000,0.05,764184914.35
12,2024-07-09,2024-08-07,11084,21,1575,0,24.7500,0.000000,3.964439,567.4500,0.05,2480113050.2
12,2024-07-09,2024-08-07,11452,21,1575,0,30.6413,1.297505,4.917884,1451.4000,0.05,1155047861.0
12,2024-07-09,2024-08-07,11457,21,1575,4,29.2549,0.000000,4.421513,217.3000,0.01,1268987431.8
12,2024-07-09,2024-08-07,11480,21,1575,0,19.9492,3.220107,3.856910,917.3500,0.05,1202817024.0
12,2024-07-09,2024-08-07,11705,21,1575,2,38.8987,0.000000,6.637566,2613.1000,0.05,2627681145.1
12,2024-07-09,2024-08-07,11777,21,1575,0,33.8217,0.000000,5.538911,820.0000,0.05,633343657.5
13,2024-08-08,2024-09-06,15,21,1575,0,17.1835,3.059229,3.202080,7825.5000,0.05,1524797388.85
13,2024-08-08,2024-09-06,17,21,1575,0,16.9197,2.721468,3.565521,220.9100,0.01,825093362.89
13,2024-08-08,2024-09-06,24,21,1575,0,14.8541,1.545929,3.020773,2976.3000,0.05,5243826121.775
13,2024-08-08,2024-09-06,26,21,1575,0,21.1844,2.190216,4.026619,1880.0000,0.05,1468814156.1
13,2024-08-08,2024-09-06,27,21,1575,0,13.2093,0.804863,2.615981,1486.5000,0.05,4475076923.45
13,2024-08-08,2024-09-06,58,21,1575,0,18.1908,0.000000,3.190577,5784.8500,0.05,819573225.1500001
13,2024-08-08,2024-09-06,70,21,1575,0,16.1061,2.977591,3.242899,627.5500,0.05,1551062271.15
13,2024-08-08,2024-09-06,87,21,1575,0,18.5608,3.201908,3.754054,1426.6000,0.05,952961721.8
13,2024-08-08,2024-09-06,90,21,1575,0,16.0831,1.454522,2.824067,6784.2500,0.05,2238786608.325
13,2024-08-08,2024-09-06,118,21,1575,0,14.5532,2.713425,3.194210,126.5500,0.01,2266622231.625
13,2024-08-08,2024-09-06,120,21,1575,0,13.0244,1.979422,2.621965,3138.5000,0.05,2895896509.7
13,2024-08-08,2024-09-06,125,21,1575,0,14.2607,0.000000,2.993020,1929.3000,0.05,923686713.25
13,2024-08-08,2024-09-06,133,21,1575,0,17.0203,3.345119,3.567667,632.3000,0.05,1474527399.75
13,2024-08-08,2024-09-06,135,21,1575,0,19.1504,0.000000,3.304603,1533.0000,0.05,1795504676.025
13,2024-08-08,2024-09-06,143,21,1575,0,9.9450,1.940133,2.387035,1170.7500,0.05,9228766130.2
13,2024-08-08,2024-09-06,150,21,1575,0,12.8960,2.030095,2.686242,10045.5000,0.05,2854160777.575
13,2024-08-08,2024-09-06,153,21,1575,0,15.5286,0.000000,2.991708,1633.3000,0.05,2020629866.4
13,2024-08-08,2024-09-06,156,21,1575,73,12.3299,2.513774,3.013569,675.0000,0.05,6831479157.725
13,2024-08-08,2024-09-06,168,21,1575,0,16.5012,2.613174,3.344140,199.9700,0.01,2167823012.625
13,2024-08-08,2024-09-06,170,21,1575,0,13.7639,3.062464,3.164166,233.2000,0.05,3875499664.2250004
13,2024-08-08,2024-09-06,172,21,1575,0,13.4257,2.338646,2.904611,110.3400,0.01,1583409751.875
13,2024-08-08,2024-09-06,182,21,1575,0,20.5255,0.000000,4.120791,1317.0000,0.05,1363848495.9
13,2024-08-08,2024-09-06,185,21,1575,0,14.3247,3.033304,3.028532,300.5000,0.05,4351516455.85
13,2024-08-08,2024-09-06,196,21,1575,0,19.6723,3.028441,3.361003,1585.8000,0.05,1292391585.35
13,2024-08-08,2024-09-06,200,21,1575,0,13.0753,0.410868,2.724568,1498.3500,0.05,5554838103.299999
13,2024-08-08,2024-09-06,201,21,1575,0,16.6587,3.392499,3.623644,295.3000,0.05,5234288490.275
13,2024-08-08,2024-09-06,206,21,1575,0,19.9377,2.569208,4.027966,353.5000,0.05,1269898380.65
13,2024-08-08,2024-09-06,220,21,1575,0,15.8268,3.794266,4.107506,32071.5500,0.05,694206968.0
13,2024-08-08,2024-09-06,221,21,1575,0,17.0799,1.574253,3.422505,333.9500,0.05,3803688291.45
13,2024-08-08,2024-09-06,225,21,1575,0,11.1236,2.240336,2.584966,5788.0000,0.05,1503775845.45
13,2024-08-08,2024-09-06,228,21,1575,14,24.0271,2.481567,4.662202,906.0000,0.05,2010950381.0500002
13,2024-08-08,2024-09-06,239,21,1575,0,14.0531,1.692605,3.039837,102.9600,0.01,3328306982.9750004
13,2024-08-08,2024-09-06,267,21,1575,0,20.3860,3.878344,4.153483,704.2500,0.05,1115879673.925
13,2024-08-08,2024-09-06,273,21,1575,0,17.3072,2.356570,3.544859,1387.7500,0.05,1808229433.525
13,2024-08-08,2024-09-06,279,21,1575,0,12.3773,0.863501,2.436476,1587.9500,0.05,2070080613.125
13,2024-08-08,2024-09-06,283,21,1575,0,16.1092,1.820328,3.138599,492.8000,0.05,4070879312.3
13,2024-08-08,2024-09-06,284,21,1575,0,31.9743,5.153919,6.208008,2074.4500,0.05,3370641583.325
13,2024-08-08,2024-09-06,285,21,1575,0,12.1596,2.722064,2.601216,3575.8500,0.05,843127557.9749999
13,2024-08-08,2024-09-06,288,21,1575,0,13.8584,1.865941,3.020168,777.1500,0.05,1317622246.55
13,2024-08-08,2024-09-06,302,21,1575,0,17.3268,1.657964,3.570216,463.7500,0.05,778124182.075
13,2024-08-08,2024-09-06,306,21,1575,0,17.2505,1.066476,3.365077,3775.0000,0.05,1339099722.8
13,2024-08-08,2024-09-06,311,21,1575,0,13.5617,1.925280,2.814106,639.9000,0.05,1024448733.45
13,2024-08-08,2024-09-06,345,21,1575,0,14.7428,1.106229,3.091356,4898.6000,0.05,1543986659.975
13,2024-08-08,2024-09-06,346,21,1575,0,19.9224,2.334623,3.556733,12709.8500,0.05,2466708611.3
13,2024-08-08,2024-09-06,347,21,1575,0,14.4114,2.341752,3.104511,845.8500,0.05,2842698012.7
13,2024-08-08,2024-09-06,356,21,1575,0,10.8410,1.691154,2.283224,1387.5500,0.05,2302381145.9
13,2024-08-08,2024-09-06,368,21,1575,0,12.2367,2.009120,2.674771,4863.3000,0.05,2201408937.7
13,2024-08-08,2024-09-06,409,21,1575,0,13.1851,3.015261,2.890332,197.2600,0.01,1931013057.075
13,2024-08-08,2024-09-06,430,21,1575,0,14.3267,1.636841,3.204577,216.9900,0.01,3182766962.7799997
13,2024-08-08,2024-09-06,465,21,1575,0,19.7231,3.670503,3.481161,1681.2500,0.05,810600606.3499999
13,2024-08-08,2024-09-06,479,21,1575,0,14.3925,1.712937,2.887320,1441.0500,0.05,1048079561.55
13,2024-08-08,2024-09-06,481,21,1575,0,16.1127,2.806738,3.482615,2901.4500,0.05,1344215798.4
13,2024-08-08,2024-09-06,496,21,1575,0,15.8747,2.141537,3.224397,2686.8500,0.05,1426807357.725
13,2024-08-08,2024-09-06,524,21,1575,0,15.8869,1.457207,3.066437,4736.0000,0.05,5457225463.4
13,2024-08-08,2024-09-06,529,21,1575,0,13.5749,1.542292,2.520267,1885.6500,0.05,1218071745.15
13,2024-08-08,2024-09-06,534,21,1575,0,13.7022,0.000000,2.556028,1681.5500,0.05,3712142299.775
13,2024-08-08,2024-09-06,536,21,1575,2,15.4545,2.691258,3.205442,2111.8000,0.05,1472443317.8
13,2024-08-08,2024-09-06,537,21,1575,0,8.4511,1.488656,2.093271,818.3000,0.05,27473609994.6
13,2024-08-08,2024-09-06,538,21,1575,0,15.3831,2.400574,3.157096,726.4000,0.05,2283312673.925
13,2024-08-08,2024-09-06,546,21,1575,0,17.6385,0.000000,3.170003,5201.6000,0.05,2551482654.2250004
13,2024-08-08,2024-09-06,556,21,1575,0,15.6591,1.185001,3.100018,671.4000,0.05,3282296606.5
13,2024-08-08,2024-09-06,562,21,1575,0,20.4848,0.000000,4.039804,375.3000,0.05,2940140219.95
13,2024-08-08,2024-09-06,563,21,1575,0,10.7949,0.521098,2.265772,2780.0000,0.05,3888982248.825
13,2024-08-08,2024-09-06,590,21,1575,0,10.1448,1.634054,2.360670,1199.0500,0.05,14360714052.95
13,2024-08-08,2024-09-06,593,21,1575,0,15.9986,1.705968,3.160775,2098.4500,0.05,842751229.4749999
13,2024-08-08,2024-09-06,603,21,1575,0,16.9508,2.483912,3.486014,739.3000,0.05,884396202.7
13,2024-08-08,2024-09-06,609,21,1575,2,29.6076,4.576727,5.146131,15.8600,0.01,4978046703.6
13,2024-08-08,2024-09-06,611,21,1575,0,11.5250,1.536625,2.740835,74.0100,0.01,2645749909.3500004
13,2024-08-08,2024-09-06,612,21,1575,0,20.1481,2.420202,3.889109,196.1100,0.01,1361257600.05
13,2024-08-08,2024-09-06,627,21,1575,0,17.5408,1.589022,3.375440,642.3000,0.05,1405246151.775
13,2024-08-08,2024-09-06,631,21,1575,0,23.0205,3.403631,3.964763,528.9500,0.05,910049692.25
13,2024-08-08,2024-09-06,634,21,1575,0,14.9338,0.000000,2.897200,4639.0000,0.05,2504873478.25
13,2024-08-08,2024-09-06,647,21,1575,0,11.6517,2.260959,2.645378,1384.9000,0.05,4349824807.424999
13,2024-08-08,2024-09-06,653,21,1575,0,10.8931,1.479530,2.415581,1839.2000,0.05,8831878046.599998
13,2024-08-08,2024-09-06,656,21,1575,2,41.4988,6.944178,7.202921,216.2700,0.01,660818569.325
13,2024-08-08,2024-09-06,663,21,1575,0,14.5007,1.509972,2.789507,164.8500,0.01,3309302721.8
13,2024-08-08,2024-09-06,672,21,1575,0,10.9628,0.721217,2.361034,414.2500,0.05,5182425011.3
13,2024-08-08,2024-09-06,698,21,1575,0,14.2881,1.319831,2.921176,950.5000,0.05,1519888530.05
13,2024-08-08,2024-09-06,720,21,1575,0,20.5241,3.899969,4.504627,706.2500,0.05,1828680292.25
13,2024-08-08,2024-09-06,722,21,1575,0,14.4935,0.000000,2.938831,927.9000,0.05,1662288523.525
13,2024-08-08,2024-09-06,725,21,1575,0,17.9218,1.599649,3.516864,647.9500,0.05,1235698072.65
13,2024-08-08,2024-09-06,750,21,1575,0,17.9390,1.658986,3.335825,4509.9500,0.05,764332887.775
13,2024-08-08,2024-09-06,771,21,1575,0,10.0680,1.660840,2.452481,356.4000,0.05,7615973056.0
13,2024-08-08,2024-09-06,780,21,1575,0,20.1603,3.149146,3.981442,1814.3000,0.05,1302231882.4
13,2024-08-08,2024-09-06,805,21,1575,0,18.5402,2.070486,3.659604,673.1000,0.05,1270573845.65
13,2024-08-08,2024-09-06,818,21,1575,0,9.9704,1.492547,2.176097,3603.3000,0.05,7100769912.725
13,2024-08-08,2024-09-06,823,21,1575,0,14.8331,0.000000,2.745560,2113.7500,0.05,1477011484.4
13,2024-08-08,2024-09-06,827,21,1575,0,11.9418,0.882674,2.487262,2759.8000,0.05,4972770223.525
13,2024-08-08,2024-09-06,838,21,1575,0,13.1368,2.228461,2.812094,62.1600,0.01,1508808748.05
13,2024-08-08,2024-09-06,853,21,1575,0,21.2082,3.966131,4.022738,210.7700,0.01,1293177788.175
13,2024-08-08,2024-09-06,863,21,1575,0,16.4605,2.066192,3.238228,657.8500,0.05,834855551.25
13,2024-08-08,2024-09-06,865,21,1575,0,10.3774,1.457409,2.215353,12279.3000,0.05,5497066065.225
13,2024-08-08,2024-09-06,878,21,1575,19,20.1620,3.000541,4.295774,973.0000,0.05,2053709540.975
13,2024-08-08,2024-09-06,886,21,1575,0,22.1465,0.000000,3.977157,1073.0000,0.05,759855269.425
13,2024-08-08,2024-09-06,910,21,1575,0,17.1118,0.000000,3.307086,2885.1000,0.05,1212662086.925
13,2024-08-08,2024-09-06,925,21,1575,0,16.0009,2.367047,3.271440,1916.6000,0.05,645596486.25
13,2024-08-08,2024-09-06,938,21,1575,0,22.4192,2.212435,3.851812,170.8600,0.01,2461748288.225
13,2024-08-08,2024-09-06,939,21,1575,2,15.8612,3.513315,3.182514,1482.0000,0.05,1357606292.0
13,2024-08-08,2024-09-06,943,21,1575,0,35.4662,0.000000,5.205466,122.0000,0.01,2062001456.775
13,2024-08-08,2024-09-06,956,21,1575,1,9.7810,2.009299,2.377434,1254.1000,0.05,1815427989.45
13,2024-08-08,2024-09-06,970,21,1575,0,14.8846,0.000000,3.295244,96.4500,0.01,3979488616.0
13,2024-08-08,2024-09-06,982,21,1575,0,19.3599,2.974801,3.819310,69.5800,0.01,2677222064.3
13,2024-08-08,2024-09-06,990,21,1575,0,14.7364,2.883784,2.974906,406.0000,0.05,4443911772.7
13,2024-08-08,2024-09-06,994,21,1575,0,17.0052,2.267561,3.136632,1754.6000,0.05,953779512.025
13,2024-08-08,2024-09-06,996,21,1575,0,18.8079,2.061009,3.525911,10340.5000,0.05,1015361199.375
13,2024-08-08,2024-09-06,997,21,1575,0,28.5335,1.395949,5.210704,681.2000,0.05,1835280856.825
13,2024-08-08,2024-09-06,1007,21,1575,0,16.0751,1.465286,3.390527,305.3000,0.05,3489124624.2250004
13,2024-08-08,2024-09-06,1028,21,1575,0,15.8009,1.270592,3.092446,41344.5500,0.05,808062581.55
13,2024-08-08,2024-09-06,1049,21,1575,0,17.0366,0.982507,3.255107,4949.8000,0.05,2086601921.5
13,2024-08-08,2024-09-06,1050,21,1575,0,14.0478,1.688178,3.001956,352.5000,0.05,1320067921.3
13,2024-08-08,2024-09-06,1051,21,1575,0,18.9444,1.114684,3.744059,516.9500,0.05,5150594503.299999
13,2024-08-08,2024-09-06,1060,21,1575,0,26.1701,6.245626,4.667570,1793.5000,0.05,1008223252.85
13,2024-08-08,2024-09-06,1061,21,1575,0,13.3775,2.569997,2.807117,1546.8000,0.05,951497070.05
13,2024-08-08,2024-09-06,1062,21,1575,0,17.5248,0.896886,3.180161,4458.8500,0.05,1019806737.975
13,2024-08-08,2024-09-06,1068,21,1575,0,12.3322,2.567633,2.849119,108.9300,0.01,4843173115.525
13,2024-08-08,2024-09-06,1076,21,1575,0,14.3440,2.405064,2.994267,6720.0000,0.05,2397598837.425
13,2024-08-08,2024-09-06,1080,21,1575,0,13.2581,2.355242,2.925591,337.3500,0.05,4067413262.75
13,2024-08-08,2024-09-06,1095,21,1575,0,27.3224,5.673799,5.213729,1762.9500,0.05,1124370475.75
13,2024-08-08,2024-09-06,1132,21,1575,0,17.9761,3.058569,3.834153,219.2400,0.01,1923100499.4
13,2024-08-08,2024-09-06,1135,21,1575,0,16.4891,1.870138,3.342298,594.9000,0.05,5364866960.55
13,2024-08-08,2024-09-06,1140,21,1575,0,9.9183,0.000000,2.109332,1500.0000,0.05,14681949143.55
13,2024-08-08,2024-09-06,1173,21,1575,0,29.3669,2.418041,4.368815,576.4000,0.05,4221470575.0
13,2024-08-08,2024-09-06,1179,21,1575,0,18.3039,2.336700,3.685452,132.5200,0.01,3624979686.5
13,2024-08-08,2024-09-06,1206,21,1575,0,12.7219,0.000000,2.658804,717.2500,0.05,969850111.6
13,2024-08-08,2024-09-06,1208,21,1575,0,14.4940,2.125023,3.040702,1796.4500,0.05,1587585278.45
13,2024-08-08,2024-09-06,1209,21,1575,0,10.3983,2.387738,2.452167,816.0500,0.05,10805234882.5
13,2024-08-08,2024-09-06,1250,21,1575,0,12.5379,2.380800,2.462992,24801.1500,0.05,737597966.25
13,2024-08-08,2024-09-06,1261,21,1575,0,15.2718,0.000000,3.092860,5290.7000,0.05,1376757569.125
13,2024-08-08,2024-09-06,1283,21,1575,0,22.9404,6.765454,4.035765,10394.8500,0.05,748971776.475
13,2024-08-08,2024-09-06,1305,21,1575,0,16.1733,0.955230,2.930069,2541.8000,0.05,972140190.8
13,2024-08-08,2024-09-06,1334,21,1575,0,9.9857,0.872351,2.292125,1767.3000,0.05,2559777898.275
13,2024-08-08,2024-09-06,1341,21,1575,0,21.0897,2.797463,3.889877,5276.9500,0.05,719834805.3
13,2024-08-08,2024-09-06,1366,21,1575,0,12.4043,2.276184,2.731123,1187.5000,0.05,1406186157.5
13,2024-08-08,2024-09-06,1367,21,1575,0,24.8555,0.000000,3.658206,6980.0500,0.05,737785869.0999999
13,2024-08-08,2024-09-06,1372,21,1575,0,13.0836,2.348433,3.067117,421.8500,0.05,4665197855.625
13,2024-08-08,2024-09-06,1373,21,1575,0,13.0068,1.686357,2.728768,148.9800,0.01,5237887521.1
13,2024-08-08,2024-09-06,1383,21,1575,0,10.7441,0.000000,2.187444,4478.7000,0.05,7121639613.1
13,2024-08-08,2024-09-06,1386,21,1575,0,13.2921,2.200174,2.757389,1549.1000,0.05,2490122517.3
13,2024-08-08,2024-09-06,1406,21,1575,0,18.6718,3.948661,3.647621,4058.6500,0.05,682747005.825
13,2024-08-08,2024-09-06,1415,21,1575,0,13.7532,2.120056,2.881569,3553.2500,0.05,3179592861.45
13,2024-08-08,2024-09-06,1426,21,1575,0,23.2920,4.443054,3.922970,4598.9000,0.05,2183464981.4
13,2024-08-08,2024-09-06,1438,21,1575,0,14.3224,3.011580,3.278269,2735.0500,0.05,1759638707.3
13,2024-08-08,2024-09-06,1451,21,1575,1,10.6649,1.927443,2.272483,11086.0000,0.05,3034539630.85
13,2024-08-08,2024-09-06,1455,21,1575,0,14.9601,0.000000,2.810917,115.2300,0.01,2362592482.325
13,2024-08-08,2024-09-06,1461,21,1575,0,17.2237,1.838588,3.274991,551.5500,0.05,1376103410.4
13,2024-08-08,2024-09-06,1480,21,1575,0,17.6034,3.600209,3.790746,603.1500,0.05,2239428220.075
13,2024-08-08,2024-09-06,1481,21,1575,0,17.3479,1.412614,3.504007,220.5500,0.01,2931115194.825
13,2024-08-08,2024-09-06,1510,21,1575,0,21.8714,0.000000,3.726579,1686.6000,0.05,1456760309.6750002
13,2024-08-08,2024-09-06,1532,21,1575,0,12.8101,1.916514,2.782127,249.0500,0.05,2758989173.425
13,2024-08-08,2024-09-06,1539,21,1575,0,13.4864,1.797064,3.310763,24.0600,0.01,4503847003.809999
13,2024-08-08,2024-09-06,9424,21,1575,0,15.8693,1.834235,3.051515,5000.7000,0.05,1371041907.75
13,2024-08-08,2024-09-06,9486,21,1575,0,19.0335,1.746180,3.285503,128.3700,0.01,1427009127.65
13,2024-08-08,2024-09-06,9621,21,1575,0,19.4096,1.285712,3.229207,328.8000,0.05,5758738510.8
13,2024-08-08,2024-09-06,9674,21,1575,0,19.8877,1.461377,3.732536,1168.1000,0.05,933600732.7
13,2024-08-08,2024-09-06,9752,21,1575,0,39.5323,0.000000,6.708233,557.8000,0.05,2054671218.4
13,2024-08-08,2024-09-06,9754,21,1575,0,15.7811,2.028245,3.283300,180.1000,0.01,6645988992.84
13,2024-08-08,2024-09-06,9882,21,1575,0,18.8221,1.981945,3.761364,414.2000,0.05,2980088076.5
13,2024-08-08,2024-09-06,9891,21,1575,0,22.2156,3.357470,4.558893,1064.7000,0.05,1397294892.225
13,2024-08-08,2024-09-06,9894,21,1575,0,17.1108,0.000000,3.510410,521.8500,0.05,2400000589.525
13,2024-08-08,2024-09-06,9936,21,1575,0,20.4182,3.430742,3.888953,2350.0000,0.05,650103644.875
13,2024-08-08,2024-09-06,9973,21,1575,0,16.1136,0.000000,3.196512,1219.5000,0.05,2216700504.775
13,2024-08-08,2024-09-06,9983,21,1575,0,23.8348,3.224400,4.066525,689.9000,0.05,805846285.325
13,2024-08-08,2024-09-06,10038,21,1575,0,18.2831,2.750656,3.850403,420.2000,0.05,572010266.0999999
13,2024-08-08,2024-09-06,10071,21,1575,0,34.1699,0.000000,5.319701,208.5900,0.01,805791908.15
13,2024-08-08,2024-09-06,10188,21,1575,0,23.3382,0.000000,4.337718,1243.2000,0.05,1003740050.625
13,2024-08-08,2024-09-06,10587,21,1575,0,22.3593,1.432809,4.196001,243.7500,0.05,5018687978.775
13,2024-08-08,2024-09-06,10840,21,1575,2,21.4551,1.725482,3.533201,628.3000,0.05,818415473.6500001
13,2024-08-08,2024-09-06,11084,21,1575,0,17.1450,2.390029,3.553082,630.8000,0.05,2609444011.225
13,2024-08-08,2024-09-06,11452,21,1575,0,29.5653,0.000000,4.837440,1700.9000,0.05,1138451619.7
13,2024-08-08,2024-09-06,11457,21,1575,0,28.1806,0.000000,4.730277,255.8000,0.05,1354461362.775
13,2024-08-08,2024-09-06,11480,21,1575,0,18.1994,3.761372,3.495572,871.0000,0.05,1198438088.25
13,2024-08-08,2024-09-06,11705,21,1575,0,32.2409,4.787708,5.638397,2245.0000,0.05,2778581936.425
13,2024-08-08,2024-09-06,11777,21,1575,0,23.1671,2.169920,4.213619,875.6000,0.05,699291591.8
14,2024-09-09,2024-10-08,15,21,1575,0,19.0377,2.830337,3.552427,7852.2000,0.05,1662183654.3
14,2024-09-09,2024-10-08,17,21,1575,0,20.7498,2.113070,3.795602,227.8500,0.05,877232772.55
14,2024-09-09,2024-10-08,24,21,1575,0,16.4178,1.545621,3.192831,2927.3000,0.05,4700929300.8
14,2024-09-09,2024-10-08,26,21,1575,0,23.6419,1.714534,4.228376,1910.0500,0.05,1472783103.8
14,2024-09-09,2024-10-08,27,21,1575,0,16.9059,0.231808,3.123239,1446.1000,0.05,4085780098.4
14,2024-09-09,2024-10-08,28,21,1575,0,21.8386,2.836198,4.445051,130.6000,0.01,3976994579.1499996
14,2024-09-09,2024-10-08,58,21,1575,0,17.3274,0.550851,2.771218,6171.3000,0.05,894600833.4
14,2024-09-09,2024-10-08,70,21,1575,0,16.2874,2.398343,3.179565,622.1500,0.05,1563238981.15
14,2024-09-09,2024-10-08,87,21,1575,0,21.4065,3.494574,4.086336,1453.5500,0.05,899994312.0
14,2024-09-09,2024-10-08,90,21,1575,0,13.5850,2.013296,2.628066,7043.0000,0.05,2312395382.25
14,2024-09-09,2024-10-08,118,21,1575,0,16.5565,1.479553,3.310009,119.0500,0.01,2230351319.8
14,2024-09-09,2024-10-08,120,21,1575,0,14.1847,1.338176,2.844720,3289.9500,0.05,2944600759.8
14,2024-09-09,2024-10-08,125,21,1575,0,15.0233,2.010741,3.189696,1938.0000,0.05,898652749.1
14,2024-09-09,2024-10-08,133,21,1575,0,16.4006,3.428856,3.492998,730.6000,0.05,1535930270.55
14,2024-09-09,2024-10-08,135,21,1575,0,19.5286,0.000000,3.554576,1512.0500,0.05,1868028561.3
14,2024-09-09,2024-10-08,143,21,1575,0,14.4902,0.000000,2.851305,1231.9500,0.05,9124553568.7
14,2024-09-09,2024-10-08,150,21,1575,0,15.0652,1.774825,3.136761,11592.0000,0.05,2997453888.0
14,2024-09-09,2024-10-08,153,21,1575,0,17.9343,2.920640,3.883529,1891.5000,0.05,2107913470.7
14,2024-09-09,2024-10-08,156,21,1575,11,18.3621,4.696060,3.785866,754.0000,0.05,6846145996.8
14,2024-09-09,2024-10-08,168,21,1575,0,17.6556,2.770531,3.588900,203.2100,0.01,2216715896.0
14,2024-09-09,2024-10-08,170,21,1575,0,18.0374,1.981278,3.434555,225.8500,0.05,3962043571.8
14,2024-09-09,2024-10-08,172,21,1575,0,15.2416,1.174785,3.046804,103.6600,0.01,1562616846.0
14,2024-09-09,2024-10-08,182,21,1575,0,24.8095,2.363671,4.330310,1145.1500,0.05,1416746201.0
14,2024-09-09,2024-10-08,185,21,1575,0,18.3313,0.000000,3.372208,285.0500,0.05,4722364448.0
14,2024-09-09,2024-10-08,196,21,1575,0,18.0285,2.615122,3.488901,1562.5500,0.05,1296135971.5
14,2024-09-09,2024-10-08,200,21,1575,0,15.2762,0.000000,3.024959,1665.4500,0.05,6174376321.1
14,2024-09-09,2024-10-08,201,21,1575,0,23.8414,1.712898,4.244532,266.6500,0.05,5095113977.7
14,2024-09-09,2024-10-08,206,21,1575,0,24.1224,3.442905,4.336480,370.1500,0.05,1315664321.4
14,2024-09-09,2024-10-08,220,21,1575,0,18.0681,3.125381,3.453873,36350.7000,0.05,799176840.6
14,2024-09-09,2024-10-08,221,21,1575,0,18.9674,0.000000,3.696419,324.7500,0.05,4098207235.55
14,2024-09-09,2024-10-08,225,21,1575,0,13.6691,1.883407,3.003268,6151.0500,0.05,1405597665.6
14,2024-09-09,2024-10-08,228,21,1575,1,43.0463,1.663804,7.378989,1245.0000,0.05,2041593840.0
14,2024-09-09,2024-10-08,239,21,1575,0,20.3544,2.749299,3.817454,99.4100,0.01,3330539944.05
14,2024-09-09,2024-10-08,252,21,1575,0,24.5228,0.967820,4.524913,1439.4500,0.05,2057142737.65
14,2024-09-09,2024-10-08,267,21,1575,0,24.8678,3.469570,4.660750,736.5500,0.05,1134315280.0
14,2024-09-09,2024-10-08,273,21,1575,0,17.4162,3.138902,3.793327,1581.4500,0.05,1816029433.4
14,2024-09-09,2024-10-08,279,21,1575,0,16.2434,2.534081,3.105917,1646.8000,0.05,2090815265.6
14,2024-09-09,2024-10-08,283,21,1575,0,15.5077,1.576116,3.391041,462.5000,0.05,4247616915.0
14,2024-09-09,2024-10-08,284,21,1575,42,37.7845,10.103879,7.506739,1755.9500,0.05,3385930299.0
14,2024-09-09,2024-10-08,285,21,1575,0,16.3785,2.499153,2.964060,3679.6000,0.05,868914109.65
14,2024-09-09,2024-10-08,288,21,1575,0,17.5076,1.423969,3.343446,730.4500,0.05,1436849038.7
14,2024-09-09,2024-10-08,302,21,1575,0,19.8405,2.670939,3.689637,444.4000,0.05,807826252.5
14,2024-09-09,2024-10-08,306,21,1575,0,20.1157,1.942171,3.957143,3793.4000,0.05,1386019485.0
14,2024-09-09,2024-10-08,311,21,1575,0,15.2600,2.613149,3.104860,655.8000,0.05,1065674814.6
14,2024-09-09,2024-10-08,345,21,1575,0,17.5942,2.220430,3.390309,5432.2500,0.05,1598003253.8
14,2024-09-09,2024-10-08,346,21,1575,0,21.9732,0.000000,4.106901,13825.0000,0.05,2615958632.25
14,2024-09-09,2024-10-08,347,21,1575,0,19.5311,1.061544,3.647885,861.1000,0.05,2853762114.15
14,2024-09-09,2024-10-08,356,21,1575,0,11.8693,2.204510,2.406378,1330.2500,0.05,2285390438.1
14,2024-09-09,2024-10-08,368,21,1575,0,15.9546,2.535511,3.078857,4863.1000,0.05,2219068782.45
14,2024-09-09,2024-10-08,409,21,1575,0,17.5395,0.000000,3.525339,186.6700,0.01,1887655115.55
14,2024-09-09,2024-10-08,430,21,1575,0,19.7651,1.094382,3.410288,206.3900,0.01,3216346328.8
14,2024-09-09,2024-10-08,465,21,1575,0,19.9736,3.013846,3.739317,1694.1500,0.05,876752581.55
14,2024-09-09,2024-10-08,479,21,1575,0,18.9664,3.709604,3.642539,1440.7500,0.05,1077905614.5
14,2024-09-09,2024-10-08,481,21,1575,0,23.3426,3.595007,4.312711,2935.1000,0.05,1478523687.6
14,2024-09-09,2024-10-08,496,21,1575,0,16.0044,0.811138,3.141417,2736.8000,0.05,1605150891.75
14,2024-09-09,2024-10-08,524,21,1575,0,17.9030,0.000000,3.362379,4420.1000,0.05,6074711982.9
14,2024-09-09,2024-10-08,529,21,1575,0,16.3265,0.000000,3.113306,1993.1500,0.05,1286714913.75
14,2024-09-09,2024-10-08,534,21,1575,0,15.8585,2.764178,3.060425,1781.0000,0.05,3898387985.8
14,2024-09-09,2024-10-08,536,21,1575,0,16.8969,2.243390,3.530584,2112.3000,0.05,1522607211.85
14,2024-09-09,2024-10-08,537,21,1575,1,10.7097,0.000000,2.298460,844.4000,0.05,27069356618.7
14,2024-09-09,2024-10-08,538,21,1575,0,14.9516,2.012433,3.361363,709.2500,0.05,2401361729.6
14,2024-09-09,2024-10-08,546,21,1575,0,15.9436,0.000000,2.852282,5649.2000,0.05,2823293352.75
14,2024-09-09,2024-10-08,556,21,1575,0,17.4595,2.402542,3.376394,695.9500,0.05,3521220394.0
14,2024-09-09,2024-10-08,562,21,1575,0,22.5985,0.000000,4.171616,381.7500,0.05,3235918644.4
14,2024-09-09,2024-10-08,563,21,1575,0,15.1242,2.545561,2.894682,2917.0000,0.05,4040849458.1
14,2024-09-09,2024-10-08,564,21,1575,0,20.5864,3.627934,4.455722,500.4500,0.05,270609174.0
14,2024-09-09,2024-10-08,590,21,1575,0,13.7527,0.000000,2.489803,1267.0500,0.05,14290768836.3
14,2024-09-09,2024-10-08,593,21,1575,0,17.8595,2.829735,3.553789,2161.7500,0.05,943509671.25
14,2024-09-09,2024-10-08,603,21,1575,0,17.9100,2.963795,3.530369,757.0000,0.05,927630193.35
14,2024-09-09,2024-10-08,609,21,1575,6,42.3267,0.000000,7.154710,10.7100,0.01,5561109309.1
14,2024-09-09,2024-10-08,611,21,1575,0,14.7824,0.000000,3.124151,73.1000,0.01,2487790784.85
14,2024-09-09,2024-10-08,612,21,1575,2,28.5476,4.450078,4.967074,213.5100,0.01,1486805491.6
14,2024-09-09,2024-10-08,627,21,1575,0,18.5127,0.758008,3.629040,689.9500,0.05,1471642362.0
14,2024-09-09,2024-10-08,631,21,1575,0,19.4538,4.194487,3.974660,497.3500,0.05,919279668.8
14,2024-09-09,2024-10-08,634,21,1575,0,14.8453,1.450260,2.654738,4860.0500,0.05,2830661764.05
14,2024-09-09,2024-10-08,647,21,1575,0,14.3714,0.000000,3.037490,1443.0000,0.05,4613184979.1
14,2024-09-09,2024-10-08,653,21,1575,0,14.6648,0.000000,2.642172,1869.6000,0.05,9190527229.8
14,2024-09-09,2024-10-08,656,21,1575,0,35.1281,0.000000,6.158419,239.5800,0.05,775302973.25
14,2024-09-09,2024-10-08,663,21,1575,0,16.9277,0.000000,3.151512,162.1400,0.01,3475417663.55
14,2024-09-09,2024-10-08,672,21,1575,0,12.1669,1.781380,2.649605,423.7500,0.05,5183318486.8
14,2024-09-09,2024-10-08,698,21,1575,0,22.3275,2.027584,4.124095,1023.3000,0.05,1493069304.0
14,2024-09-09,2024-10-08,720,21,1575,0,24.5298,1.060416,5.039287,750.5500,0.05,1769809136.7
14,2024-09-09,2024-10-08,722,21,1575,0,16.0606,2.554945,3.457256,980.4000,0.05,1675007567.55
14,2024-09-09,2024-10-08,725,21,1575,0,18.7698,0.000000,3.478913,673.8000,0.05,1237683084.75
14,2024-09-09,2024-10-08,750,21,1575,0,20.2203,3.799838,3.467511,4290.8000,0.05,764697413.75
14,2024-09-09,2024-10-08,771,21,1575,1,12.7882,0.519802,2.693408,369.1000,0.05,7650345896.4
14,2024-09-09,2024-10-08,780,21,1575,0,19.6117,0.470598,3.564822,1691.0000,0.05,1344866692.65
14,2024-09-09,2024-10-08,798,21,1575,0,21.7421,0.000000,4.002539,468.9500,0.05,634122074.3
14,2024-09-09,2024-10-08,805,21,1575,0,21.2372,3.190381,3.960924,669.3000,0.05,1335078499.05
14,2024-09-09,2024-10-08,818,21,1575,0,13.2099,1.298129,2.676772,3667.1000,0.05,7146003614.75
14,2024-09-09,2024-10-08,823,21,1575,0,16.1537,2.871278,3.240059,2207.7000,0.05,1622473619.65
14,2024-09-09,2024-10-08,827,21,1575,0,18.7447,2.017632,3.500172,3015.8000,0.05,5246844591.3
14,2024-09-09,2024-10-08,838,21,1575,0,18.5516,2.004847,3.307544,59.7200,0.01,1339666626.0
14,2024-09-09,2024-10-08,853,21,1575,0,20.4074,2.040351,3.742561,204.1500,0.01,1276109309.6
14,2024-09-09,2024-10-08,863,21,1575,0,18.4692,3.401403,3.566918,692.8000,0.05,858350392.5
14,2024-09-09,2024-10-08,865,21,1575,0,13.4049,0.000000,2.572666,12544.8000,0.05,5671847496.0
14,2024-09-09,2024-10-08,878,21,1575,1,24.3225,2.422748,4.896900,1145.0000,0.05,2172483368.8
14,2024-09-09,2024-10-08,886,21,1575,0,17.0548,3.269636,3.516158,1155.2500,0.05,768059903.25
14,2024-09-09,2024-10-08,910,21,1575,0,19.8908,3.739666,4.141982,2898.1000,0.05,1214979700.95
14,2024-09-09,2024-10-08,925,21,1575,0,17.3800,2.080709,3.328879,2002.2000,0.05,669605647.5
14,2024-09-09,2024-10-08,938,21,1575,0,26.2045,2.795592,4.749113,184.1600,0.01,2627726846.8
14,2024-09-09,2024-10-08,939,21,1575,0,19.3750,3.505316,3.373136,1590.0000,0.05,1402413984.1
14,2024-09-09,2024-10-08,956,21,1575,1,14.2674,2.764058,3.122778,1311.3000,0.05,1892070066.95
14,2024-09-09,2024-10-08,970,21,1575,0,17.5787,0.000000,3.222287,94.2100,0.01,3987757545.84
14,2024-09-09,2024-10-08,982,21,1575,0,22.9844,3.434399,4.323680,68.8300,0.01,2676222434.2
14,2024-09-09,2024-10-08,990,21,1575,0,19.0601,0.000000,3.532165,423.4000,0.05,4604899432.8
14,2024-09-09,2024-10-08,994,21,1575,0,20.7664,3.681273,3.725362,1814.6000,0.05,1018183746.1
14,2024-09-09,2024-10-08,996,21,1575,0,25.4736,0.000000,4.327006,10696.0000,0.05,1428600517.45
14,2024-09-09,2024-10-08,997,21,1575,0,30.5579,3.012869,5.122872,578.8500,0.05,2344546258.05
14,2024-09-09,2024-10-08,1007,21,1575,0,17.0344,2.035580,3.633744,273.3000,0.05,3926136459.2
14,2024-09-09,2024-10-08,1028,21,1575,0,18.0885,3.198637,3.404777,42355.3500,0.05,783154289.45
14,2024-09-09,2024-10-08,1049,21,1575,0,19.2627,2.423123,3.735673,5322.2000,0.05,2097110880.0
14,2024-09-09,2024-10-08,1050,21,1575,0,18.7151,2.415537,3.521554,323.6500,0.05,1314817776.8
14,2024-09-09,2024-10-08,1051,21,1575,0,24.3069,3.148904,4.698081,489.7000,0.05,5233335933.75
14,2024-09-09,2024-10-08,1061,21,1575,0,14.7061,2.786794,2.967659,1638.4000,0.05,942309375.0
14,2024-09-09,2024-10-08,1062,21,1575,0,19.1271,2.330293,3.469442,4650.7500,0.05,1077242253.0
14,2024-09-09,2024-10-08,1068,21,1575,0,19.3805,3.386343,3.861980,102.1000,0.01,4628762382.0
14,2024-09-09,2024-10-08,1070,21,1575,0,37.0529,0.000000,6.172567,1014.0000,0.05,394105760.6
14,2024-09-09,2024-10-08,1076,21,1575,0,20.3475,0.000000,3.243601,6753.1000,0.05,2378081788.0
14,2024-09-09,2024-10-08,1080,21,1575,0,16.9255,0.000000,3.318269,339.9500,0.05,4196019037.2
14,2024-09-09,2024-10-08,1095,21,1575,0,27.7397,0.000000,5.249936,1821.5500,0.05,1287177561.75
14,2024-09-09,2024-10-08,1132,21,1575,0,17.4225,2.614401,3.330696,210.4800,0.01,1905869132.35
14,2024-09-09,2024-10-08,1135,21,1575,0,23.3890,0.681358,4.640754,548.9000,0.05,5378671525.1
14,2024-09-09,2024-10-08,1140,21,1575,0,10.6262,1.410005,2.096485,1470.7000,0.05,14456237596.8
14,2024-09-09,2024-10-08,1173,21,1575,0,27.9140,0.000000,4.338346,526.2500,0.05,4815286095.0
14,2024-09-09,2024-10-08,1179,21,1575,0,22.9873,2.573796,4.375835,132.3600,0.01,3627731094.9
14,2024-09-09,2024-10-08,1206,21,1575,0,16.3949,0.000000,2.989476,788.0500,0.05,992589914.75
14,2024-09-09,2024-10-08,1208,21,1575,0,16.3950,1.926565,3.272416,1852.2000,0.05,1657294418.05
14,2024-09-09,2024-10-08,1209,21,1575,0,14.1772,0.000000,2.806739,790.6000,0.05,10862706997.1
14,2024-09-09,2024-10-08,1250,21,1575,0,14.0402,2.127051,2.218960,25830.6000,0.05,766869917.4
14,2024-09-09,2024-10-08,1261,21,1575,0,17.7470,2.124640,2.988582,5270.5000,0.05,1471435141.95
14,2024-09-09,2024-10-08,1283,21,1575,0,30.7128,0.000000,4.091831,11000.0000,0.05,760694800.25
14,2024-09-09,2024-10-08,1305,21,1575,0,16.2218,2.841019,3.005605,2445.9000,0.05,996210058.45
14,2024-09-09,2024-10-08,1334,21,1575,0,11.9313,1.720183,2.711134,1864.6000,0.05,2655440193.0
14,2024-09-09,2024-10-08,1341,21,1575,0,20.6672,1.823693,3.690041,5353.6000,0.05,650050217.7
14,2024-09-09,2024-10-08,1366,21,1575,0,13.3065,3.212328,3.059703,1206.1000,0.05,1446334241.2
14,2024-09-09,2024-10-08,1372,21,1575,0,21.6013,0.000000,3.841809,447.9000,0.05,4701030991.25
14,2024-09-09,2024-10-08,1373,21,1575,0,16.2926,2.367046,3.102538,150.8500,0.01,5394706843.8
14,2024-09-09,2024-10-08,1383,21,1575,0,11.8870,1.534452,2.449555,4291.9000,0.05,7558953028.35
14,2024-09-09,2024-10-08,1386,21,1575,0,15.6677,0.639764,3.412980,1543.8000,0.05,2537961386.6
14,2024-09-09,2024-10-08,1406,21,1575,0,23.5717,1.738251,4.296995,4094.7500,0.05,686997275.3
14,2024-09-09,2024-10-08,1415,21,1575,0,14.8789,2.636698,3.161731,3750.4500,0.05,3363924853.15
14,2024-09-09,2024-10-08,1426,21,1575,0,19.3350,3.033595,3.789942,4939.1000,0.05,2458004593.8
14,2024-09-09,2024-10-08,1438,21,1575,0,16.8635,1.415248,3.191426,2808.7500,0.05,1799371673.4
14,2024-09-09,2024-10-08,1451,21,1575,1,13.5030,2.056448,2.737181,11466.0000,0.05,3105159776.4
14,2024-09-09,2024-10-08,1455,21,1575,0,18.8325,1.271289,3.149253,115.1400,0.01,2330565202.0
14,2024-09-09,2024-10-08,1461,21,1575,0,17.9756,2.350096,3.577771,583.2000,0.05,1374906994.6
14,2024-09-09,2024-10-08,1481,21,1575,0,21.5703,4.228334,4.014574,232.8500,0.05,3575593500.45
14,2024-09-09,2024-10-08,1510,21,1575,0,16.5714,2.149523,3.077961,1858.5500,0.05,1532847302.65
14,2024-09-09,2024-10-08,1532,21,1575,0,16.2245,2.526660,3.381116,255.9000,0.05,2820409154.5
14,2024-09-09,2024-10-08,1539,21,1575,0,20.3458,0.000000,3.703887,22.9300,0.01,4407331261.45
14,2024-09-09,2024-10-08,9424,21,1575,0,19.7324,0.000000,3.482659,5227.5000,0.05,1405712955.85
14,2024-09-09,2024-10-08,9486,21,1575,0,21.4933,2.773464,3.929936,135.1700,0.01,1736064231.47
14,2024-09-09,2024-10-08,9621,21,1575,0,21.9412,0.000000,3.556150,349.1500,0.05,5676567979.8
14,2024-09-09,2024-10-08,9674,21,1575,0,14.7460,2.555357,3.250735,1069.6500,0.05,1084901141.8
14,2024-09-09,2024-10-08,9752,21,1575,0,37.3781,0.000000,6.547662,671.8500,0.05,2207179561.4
14,2024-09-09,2024-10-08,9754,21,1575,0,22.5366,3.148297,3.796065,158.7400,0.01,6266132787.2
14,2024-09-09,2024-10-08,9882,21,1575,1,29.0874,3.533290,4.573701,380.7000,0.05,3236254173.45
14,2024-09-09,2024-10-08,9891,21,1575,0,22.0758,3.976488,4.831819,1003.4000,0.05,1563361416.0
14,2024-09-09,2024-10-08,9894,21,1575,0,15.8364,0.000000,3.187030,499.7000,0.05,2548016635.05
14,2024-09-09,2024-10-08,9936,21,1575,0,26.1376,0.000000,4.334731,2527.2000,0.05,759599272.2
14,2024-09-09,2024-10-08,9973,21,1575,0,19.0539,2.099689,3.730051,1387.0000,0.05,2159449499.85
14,2024-09-09,2024-10-08,9983,21,1575,0,22.7211,4.124469,4.214170,731.0500,0.05,839444762.8
14,2024-09-09,2024-10-08,10038,21,1575,0,20.9908,2.074697,4.087134,422.6500,0.05,619442434.0
14,2024-09-09,2024-10-08,10071,21,1575,0,21.9422,3.372925,4.180016,200.0400,0.01,860813343.0
14,2024-09-09,2024-10-08,10188,21,1575,0,27.2394,3.997393,5.531647,1259.0500,0.05,1023908403.7
14,2024-09-09,2024-10-08,10431,21,1575,0,31.7491,2.955829,6.173114,712.1000,0.05,814489393.25
14,2024-09-09,2024-10-08,10587,21,1575,0,25.9863,0.000000,4.185778,228.0500,0.05,4616335185.75
14,2024-09-09,2024-10-08,10840,21,1575,9,17.4623,3.324456,3.334383,578.8000,0.05,826379287.8
14,2024-09-09,2024-10-08,11084,21,1575,0,18.7307,3.166053,3.699458,690.0500,0.05,2718538987.5
14,2024-09-09,2024-10-08,11452,21,1575,0,32.5795,3.561763,5.682295,1755.6500,0.05,1332922527.3
14,2024-09-09,2024-10-08,11457,21,1575,0,31.3683,0.000000,5.326819,255.4000,0.05,1399802949.6
14,2024-09-09,2024-10-08,11480,21,1575,0,27.4024,3.231141,5.317187,949.0000,0.05,1207867023.4
14,2024-09-09,2024-10-08,11705,21,1575,0,23.8950,0.000000,4.342590,2114.0000,0.05,3527638760.15
14,2024-09-09,2024-10-08,11777,21,1575,0,21.9061,4.081210,4.160826,888.2000,0.05,796327261.45
15,2024-10-09,2024-11-07,15,21,1575,0,25.0835,2.577245,4.674947,8035.0000,0.05,1784952896.7
15,2024-10-09,2024-11-07,17,21,1575,0,23.8802,3.494475,4.364120,212.6600,0.01,983497914.0
15,2024-10-09,2024-11-07,24,21,1575,0,20.3222,0.000000,3.519615,2875.5000,0.05,4721251717.25
15,2024-10-09,2024-11-07,26,21,1575,0,22.1231,3.416039,4.249101,1694.1500,0.05,1495998921.3
15,2024-10-09,2024-11-07,27,21,1575,0,17.6903,0.000000,3.466639,1377.7000,0.05,3983740509.35
15,2024-10-09,2024-11-07,28,21,1575,0,19.8138,2.242717,4.188133,121.0500,0.01,2932500223.7250004
15,2024-10-09,2024-11-07,58,21,1575,0,18.5880,1.077293,3.332371,6041.8500,0.05,913691846.25
15,2024-10-09,2024-11-07,70,21,1575,0,18.7160,2.605372,3.896605,574.9000,0.05,1528654888.8
15,2024-10-09,2024-11-07,90,21,1575,0,14.7480,2.026317,3.173026,6981.2500,0.05,2378384778.0
15,2024-10-09,2024-11-07,118,21,1575,2,18.7367,1.514007,3.632722,108.1500,0.01,2292926435.1
15,2024-10-09,2024-11-07,120,21,1575,0,12.9186,1.958645,2.700130,3008.1000,0.05,3109290151.9
15,2024-10-09,2024-11-07,125,21,1575,0,16.3944,4.027276,3.662104,1804.5000,0.05,923936697.4
15,2024-10-09,2024-11-07,133,21,1575,0,19.2964,0.000000,3.892358,648.0000,0.05,1562783142.75
15,2024-10-09,2024-11-07,135,21,1575,0,17.4911,2.422117,3.575697,1450.4500,0.05,1857680232.0
15,2024-10-09,2024-11-07,143,21,1575,0,15.4200,1.538076,3.101574,1170.0000,0.05,9404577758.25
15,2024-10-09,2024-11-07,150,21,1575,0,21.1465,0.000000,3.915410,9990.0000,0.05,3208036230.35
15,2024-10-09,2024-11-07,153,21,1575,0,17.4704,2.711520,3.737262,1758.2000,0.05,2177424093.75
15,2024-10-09,2024-11-07,156,21,1575,22,17.5217,4.309151,3.826611,695.0000,0.05,7309543275.45
15,2024-10-09,2024-11-07,168,21,1575,0,21.7481,0.000000,3.951760,182.9000,0.01,2202036286.2
15,2024-10-09,2024-11-07,170,21,1575,0,20.8975,4.086066,3.884944,230.6000,0.05,3801871952.85
15,2024-10-09,2024-11-07,172,21,1575,0,19.2324,2.212738,3.882017,97.8700,0.01,1409896028.8
15,2024-10-09,2024-11-07,182,21,1575,0,28.5549,3.839131,5.303969,1078.0000,0.05,1453412406.0
15,2024-10-09,2024-11-07,185,21,1575,0,21.7554,2.673635,3.909897,284.8500,0.05,5115277260.6
15,2024-10-09,2024-11-07,196,21,1575,0,20.9494,2.690859,4.099283,1456.2000,0.05,1376141029.5
15,2024-10-09,2024-11-07,200,21,1575,0,15.6206,2.095970,3.037211,1675.8000,0.05,6632423691.5
15,2024-10-09,2024-11-07,201,21,1575,1,33.5906,5.567289,5.519488,245.3500,0.05,5007923911.2
15,2024-10-09,2024-11-07,206,21,1575,0,22.9356,3.663134,4.231074,328.6500,0.05,1441004073.75
15,2024-10-09,2024-11-07,220,21,1575,0,17.4090,3.493724,3.806441,36448.9000,0.05,915519815.0
15,2024-10-09,2024-11-07,221,21,1575,0,19.3708,2.255238,4.103306,307.8500,0.05,4323232955.2
15,2024-10-09,2024-11-07,225,21,1575,0,14.7369,2.261894,3.055487,5768.9500,0.05,1488058528.0
15,2024-10-09,2024-11-07,228,21,1575,0,36.4500,0.000000,6.824265,1454.0000,0.05,2172734869.4
15,2024-10-09,2024-11-07,239,21,1575,0,22.6330,5.366626,4.296873,96.6800,0.01,3183421503.45
15,2024-10-09,2024-11-07,252,21,1575,0,28.0723,3.861794,5.307544,1515.5500,0.05,2403658012.45
15,2024-10-09,2024-11-07,267,21,1575,0,30.5908,0.000000,4.983851,748.5000,0.05,1249872037.95
15,2024-10-09,2024-11-07,273,21,1575,0,24.2312,3.497949,4.517365,1412.6500,0.05,1774609109.55
15,2024-10-09,2024-11-07,279,21,1575,0,16.3914,1.633861,3.370806,1559.6000,0.05,2112333971.1
15,2024-10-09,2024-11-07,283,21,1575,0,18.8265,3.754836,3.688949,447.8000,0.05,4297065224.2
15,2024-10-09,2024-11-07,284,21,1575,89,33.1755,12.192689,10.000045,1516.0000,0.05,3370641583.325
15,2024-10-09,2024-11-07,285,21,1575,0,19.1185,4.678822,3.760144,3327.9000,0.05,927085862.4
15,2024-10-09,2024-11-07,288,21,1575,0,19.7142,1.922380,3.842330,679.1000,0.05,1503237753.5
15,2024-10-09,2024-11-07,302,21,1575,0,19.7541,3.481189,4.306827,400.8500,0.05,872023996.35
15,2024-10-09,2024-11-07,306,21,1575,0,23.4147,3.739366,4.719737,3577.7000,0.05,1483573457.3
15,2024-10-09,2024-11-07,311,21,1575,0,14.5915,2.693084,3.193369,558.6000,0.05,1140613145.1
15,2024-10-09,2024-11-07,345,21,1575,0,17.7414,1.834268,3.559319,5908.7500,0.05,1705721725.2
15,2024-10-09,2024-11-07,346,21,1575,0,30.5723,0.000000,4.923027,15092.6500,0.05,2974279206.5
15,2024-10-09,2024-11-07,347,21,1575,0,20.5322,3.637478,4.223746,830.8500,0.05,2984562266.4
15,2024-10-09,2024-11-07,368,21,1575,0,17.6813,1.071101,3.465147,4757.4500,0.05,2303554480.95
15,2024-10-09,2024-11-07,409,21,1575,0,19.7745,1.650897,3.807527,194.4000,0.01,1865317108.16
15,2024-10-09,2024-11-07,430,21,1575,0,20.3603,4.316313,4.142392,199.5900,0.01,3390712510.92
15,2024-10-09,2024-11-07,465,21,1575,0,21.5220,2.285248,4.032716,1715.0000,0.05,923183664.0
15,2024-10-09,2024-11-07,479,21,1575,0,17.2714,4.968814,3.923726,1297.9500,0.05,1115743740.65
15,2024-10-09,2024-11-07,481,21,1575,0,26.1261,3.257771,5.413123,2965.0500,0.05,1604838076.6
15,2024-10-09,2024-11-07,496,21,1575,0,17.0576,2.566037,3.394066,2687.3000,0.05,1667170033.65
15,2024-10-09,2024-11-07,524,21,1575,0,19.3978,2.755004,3.814801,4383.0500,0.05,6347904704.0
15,2024-10-09,2024-11-07,529,21,1575,0,20.0444,4.172480,3.785703,1760.5000,0.05,1420216036.8
15,2024-10-09,2024-11-07,534,21,1575,0,14.8709,1.490464,2.929922,1846.0000,0.05,4070594708.8
15,2024-10-09,2024-11-07,536,21,1575,0,22.6286,0.000000,4.437586,2126.5000,0.05,1522607211.85
15,2024-10-09,2024-11-07,537,21,1575,0,11.4758,0.000000,2.328520,863.5000,0.05,26506642479.9
15,2024-10-09,2024-11-07,538,21,1575,0,17.5379,0.726307,3.539699,721.8500,0.05,2385600406.5
15,2024-10-09,2024-11-07,546,21,1575,0,18.8821,1.783821,3.356357,5047.1000,0.05,3010947446.0
15,2024-10-09,2024-11-07,556,21,1575,0,19.9071,0.000000,3.843944,720.8500,0.05,3779747486.25
15,2024-10-09,2024-11-07,562,21,1575,0,23.7306,1.928902,4.794166,367.3500,0.05,3355600278.4
15,2024-10-09,2024-11-07,563,21,1575,0,13.8757,0.000000,2.745532,2676.5000,0.05,4241082554.0
15,2024-10-09,2024-11-07,564,21,1575,0,25.0679,4.787621,4.204677,515.0500,0.05,359627219.2
15,2024-10-09,2024-11-07,590,21,1575,0,13.3390,0.000000,2.925806,1257.5500,0.05,14841113905.8
15,2024-10-09,2024-11-07,593,21,1575,0,19.9915,2.525715,3.681554,1970.0000,0.05,1000252689.8
15,2024-10-09,2024-11-07,603,21,1575,0,22.2350,3.848370,4.085059,744.1500,0.05,968530092.4
15,2024-10-09,2024-11-07,609,21,1575,0,29.0485,6.816084,7.615342,8.3200,0.01,5776361539.2
15,2024-10-09,2024-11-07,611,21,1575,0,19.8253,0.000000,3.566275,69.0000,0.01,2464413832.35
15,2024-10-09,2024-11-07,612,21,1575,0,21.8450,3.395136,4.140656,183.4800,0.01,1709117772.4
15,2024-10-09,2024-11-07,627,21,1575,0,21.1863,0.000000,3.840608,683.0500,0.05,1586122297.2
15,2024-10-09,2024-11-07,631,21,1575,0,26.4675,3.066647,4.459110,501.4500,0.05,898472855.75
15,2024-10-09,2024-11-07,634,21,1575,0,21.2236,0.000000,3.157465,4541.5500,0.05,3024131481.15
15,2024-10-09,2024-11-07,647,21,1575,4,23.9697,0.000000,3.292449,1278.4000,0.05,4700812753.15
15,2024-10-09,2024-11-07,653,21,1575,0,13.8880,1.408150,2.737281,1827.0000,0.05,9742642402.15
15,2024-10-09,2024-11-07,656,21,1575,0,32.6712,3.310150,5.992221,214.5900,0.01,924125593.95
15,2024-10-09,2024-11-07,663,21,1575,0,17.7242,2.301725,3.666261,146.0300,0.01,3600754768.8
15,2024-10-09,2024-11-07,672,21,1575,0,12.8156,0.000000,2.716543,400.7000,0.05,5370173200.25
15,2024-10-09,2024-11-07,698,21,1575,0,21.0648,2.487630,4.042646,935.2000,0.05,1615402821.6
15,2024-10-09,2024-11-07,720,21,1575,0,25.2815,5.114045,4.695281,679.7000,0.05,1769809136.7
15,2024-10-09,2024-11-07,722,21,1575,0,17.6620,1.420632,3.354294,982.0000,0.05,1688023988.3
15,2024-10-09,2024-11-07,725,21,1575,0,19.6392,1.840048,3.849046,611.4500,0.05,1204391935.25
15,2024-10-09,2024-11-07,750,21,1575,0,25.7116,4.024287,4.583693,4042.6000,0.05,792434685.6
15,2024-10-09,2024-11-07,771,21,1575,0,14.4479,0.000000,3.040128,353.7000,0.05,7701187555.6
15,2024-10-09,2024-11-07,780,21,1575,0,29.5032,7.135666,5.321208,1687.4000,0.05,1387416545.65
15,2024-10-09,2024-11-07,798,21,1575,0,25.3936,4.878705,4.703404,475.9000,0.05,649723161.15
15,2024-10-09,2024-11-07,805,21,1575,0,23.2955,4.716535,4.380281,618.0500,0.05,1424964535.65
15,2024-10-09,2024-11-07,818,21,1575,0,14.6070,1.394602,2.830783,3536.9500,0.05,7242447612.4
15,2024-10-09,2024-11-07,823,21,1575,0,20.5848,2.472744,4.049371,2178.7000,0.05,1776423079.2
15,2024-10-09,2024-11-07,827,21,1575,0,21.1223,0.000000,3.725545,2917.3000,0.05,5615632202.4
15,2024-10-09,2024-11-07,838,21,1575,0,26.9729,0.000000,4.112985,54.0200,0.01,1169315313.75
15,2024-10-09,2024-11-07,853,21,1575,10,31.9312,3.560693,5.013128,155.6500,0.01,1268650546.8
15,2024-10-09,2024-11-07,863,21,1575,0,18.4288,4.018001,3.755311,659.6000,0.05,933057884.35
15,2024-10-09,2024-11-07,865,21,1575,0,19.4224,0.000000,3.190672,11955.0000,0.05,5671847496.0
15,2024-10-09,2024-11-07,878,21,1575,1,28.5871,0.000000,5.418290,1292.0000,0.05,2172483368.8
15,2024-10-09,2024-11-07,886,21,1575,0,20.9303,3.858662,4.510558,1228.0000,0.05,788009518.0
15,2024-10-09,2024-11-07,910,21,1575,0,22.6099,2.895130,4.559358,2827.7000,0.05,1280077726.9
15,2024-10-09,2024-11-07,925,21,1575,0,19.6248,3.255402,3.727305,1940.9500,0.05,751228126.35
15,2024-10-09,2024-11-07,938,21,1575,0,28.3812,4.924190,5.276170,221.2300,0.01,2886394171.5
15,2024-10-09,2024-11-07,939,21,1575,0,19.4626,3.028956,3.772921,1578.0000,0.05,1436162176.8
15,2024-10-09,2024-11-07,943,21,1575,0,29.7660,5.067245,5.695293,99.3400,0.01,2340364671.48
15,2024-10-09,2024-11-07,956,21,1575,2,14.4104,1.646381,2.845795,1171.8000,0.05,1965988605.6
15,2024-10-09,2024-11-07,970,21,1575,0,21.1797,0.000000,4.021202,82.7700,0.01,3944406299.0
15,2024-10-09,2024-11-07,982,21,1575,0,25.4877,4.797993,4.951335,70.8900,0.01,2861349830.85
15,2024-10-09,2024-11-07,990,21,1575,0,17.5671,2.949532,3.257984,412.0500,0.05,4860820600.35
15,2024-10-09,2024-11-07,994,21,1575,0,23.9471,3.933378,5.040611,1962.7500,0.05,1119795428.1
15,2024-10-09,2024-11-07,996,21,1575,0,25.5493,4.223674,4.513197,10696.0000,0.05,1735658515.0
15,2024-10-09,2024-11-07,997,21,1575,0,28.0420,4.024677,5.301995,523.3000,0.05,2574555204.7
15,2024-10-09,2024-11-07,1007,21,1575,0,15.9083,3.011051,3.470578,252.2500,0.05,4342339092.65
15,2024-10-09,2024-11-07,1028,21,1575,1,19.4990,2.780886,3.631546,43965.3500,0.05,806953353.1
15,2024-10-09,2024-11-07,1049,21,1575,1,22.5707,0.000000,4.254971,5540.2500,0.05,2142775401.3
15,2024-10-09,2024-11-07,1050,21,1575,0,17.9803,3.679030,3.648598,330.8000,0.05,1360005012.8
15,2024-10-09,2024-11-07,1051,21,1575,0,25.3938,4.065953,4.908142,463.4500,0.05,5378690418.15
15,2024-10-09,2024-11-07,1060,21,1575,0,28.0126,3.597062,5.240258,1560.8500,0.05,1086250031.3
15,2024-10-09,2024-11-07,1061,21,1575,0,16.6773,2.000005,3.424418,1575.0000,0.05,966672900.0
15,2024-10-09,2024-11-07,1062,21,1575,0,20.0443,4.507362,4.142095,4493.6000,0.05,1083423418.0
15,2024-10-09,2024-11-07,1068,21,1575,0,24.1072,3.378743,4.396571,97.4000,0.01,4447666092.7
15,2024-10-09,2024-11-07,1070,21,1575,0,29.7155,0.000000,5.017323,953.4000,0.05,492468293.0
15,2024-10-09,2024-11-07,1076,21,1575,0,22.9667,2.522470,4.086203,6831.9500,0.05,2359395675.9
15,2024-10-09,2024-11-07,1080,21,1575,0,16.5422,3.357343,3.174071,322.1500,0.05,4333699882.0
15,2024-10-09,2024-11-07,1095,21,1575,0,22.3261,1.295931,4.813820,1706.0500,0.05,1461475146.6
15,2024-10-09,2024-11-07,1132,21,1575,0,25.0475,0.000000,4.543670,174.8200,0.01,1745085050.82
15,2024-10-09,2024-11-07,1135,21,1575,0,23.7423,5.115914,4.800593,532.0000,0.05,5378671525.1
15,2024-10-09,2024-11-07,1173,21,1575,0,31.1831,0.959970,5.526773,468.8000,0.05,4671382845.0
15,2024-10-09,2024-11-07,1179,21,1575,0,23.9628,4.645699,4.823095,123.7800,0.01,3821894439.0
15,2024-10-09,2024-11-07,1206,21,1575,0,19.0293,3.667126,3.566806,709.9000,0.05,1007639325.6
15,2024-10-09,2024-11-07,1208,21,1575,0,16.3032,0.000000,3.602840,1698.4000,0.05,1770072867.25
15,2024-10-09,2024-11-07,1209,21,1575,0,15.4707,0.895278,3.046788,806.2000,0.05,11062134728.8
15,2024-10-09,2024-11-07,1250,21,1575,0,14.7804,3.597034,2.945879,24795.1000,0.05,765088051.2
15,2024-10-09,2024-11-07,1261,21,1575,0,23.1076,0.688113,4.172797,5439.2500,0.05,1665289037.5
15,2024-10-09,2024-11-07,1283,21,1575,0,24.7619,4.632732,4.824736,10834.0000,0.05,764555883.35
15,2024-10-09,2024-11-07,1305,21,1575,0,21.9864,5.444497,4.214851,2280.0000,0.05,1044204440.85
15,2024-10-09,2024-11-07,1334,21,1575,0,14.3607,1.660267,2.809296,1881.5500,0.05,2759499717.2
15,2024-10-09,2024-11-07,1341,21,1575,0,30.2182,0.000000,5.133651,4692.3000,0.05,627089553.0
15,2024-10-09,2024-11-07,1366,21,1575,0,16.0518,2.954519,3.407489,1009.3000,0.05,1546038998.4
15,2024-10-09,2024-11-07,1367,21,1575,0,18.3187,3.025628,3.465287,7220.0000,0.05,812794539.3
15,2024-10-09,2024-11-07,1372,21,1575,0,22.5194,4.311852,4.391345,444.8000,0.05,5182430701.7
15,2024-10-09,2024-11-07,1373,21,1575,0,17.2785,2.123795,3.396793,148.5800,0.01,5659893788.64
15,2024-10-09,2024-11-07,1383,21,1575,0,12.1625,0.618144,2.270340,4098.0000,0.05,7792412850.3
15,2024-10-09,2024-11-07,1386,21,1575,0,17.1134,1.623352,3.410114,1611.3000,0.05,2598143080.45
15,2024-10-09,2024-11-07,1406,21,1575,0,26.4025,1.684134,4.780273,4439.3500,0.05,743455976.25
15,2024-10-09,2024-11-07,1415,21,1575,0,16.8301,0.600445,3.074992,3321.4500,0.05,3397697645.3
15,2024-10-09,2024-11-07,1426,21,1575,0,28.3611,5.073389,4.677888,5010.1000,0.05,2693849152.5
15,2024-10-09,2024-11-07,1438,21,1575,0,29.4225,2.450318,3.998046,2658.6000,0.05,1820792656.5
15,2024-10-09,2024-11-07,1451,21,1575,0,15.6128,2.106664,3.084540,10876.0000,0.05,3186268462.2
15,2024-10-09,2024-11-07,1455,21,1575,0,20.0211,0.000000,3.706879,106.6800,0.01,2103134086.35
15,2024-10-09,2024-11-07,1461,21,1575,0,20.3062,3.985076,3.941084,531.5000,0.05,1354926246.7
15,2024-10-09,2024-11-07,1480,21,1575,0,21.8289,4.908399,4.529496,596.7000,0.05,2514714295.25
15,2024-10-09,2024-11-07,1481,21,1575,0,20.7211,3.205327,3.918079,237.5000,0.05,3977018849.25
15,2024-10-09,2024-11-07,1510,21,1575,0,23.4078,1.195601,4.355607,1781.3500,0.05,1613739692.25
15,2024-10-09,2024-11-07,1532,21,1575,0,17.3182,0.000000,3.503545,261.4000,0.05,2979872799.75
15,2024-10-09,2024-11-07,1539,21,1575,0,17.9783,0.000000,3.682469,20.8600,0.01,4266373465.5
15,2024-10-09,2024-11-07,9424,21,1575,0,15.8263,1.391613,3.331491,4030.9500,0.05,1616724830.5
15,2024-10-09,2024-11-07,9486,21,1575,0,21.1396,4.239003,4.181358,130.3000,0.01,2079824752.8
15,2024-10-09,2024-11-07,9621,21,1575,0,14.8816,0.621768,2.977551,323.7000,0.05,5835153870.0
15,2024-10-09,2024-11-07,9674,21,1575,0,16.6383,2.942848,3.680736,1005.4500,0.05,1228618005.45
15,2024-10-09,2024-11-07,9752,21,1575,0,36.1424,0.000000,6.365416,739.0000,0.05,2434600436.45
15,2024-10-09,2024-11-07,9754,21,1575,0,25.0214,0.000000,4.460319,151.0500,0.01,6034403720.1
15,2024-10-09,2024-11-07,9882,21,1575,0,23.8028,3.447608,4.747577,350.9000,0.05,3432033761.5
15,2024-10-09,2024-11-07,9891,21,1575,0,28.9922,5.050740,4.734580,979.4500,0.05,1613001199.05
15,2024-10-09,2024-11-07,9894,21,1575,1,15.0791,2.071267,3.186105,456.0500,0.05,2599306551.9
15,2024-10-09,2024-11-07,9936,21,1575,0,23.4888,2.894575,4.847685,2667.9500,0.05,814996099.2
15,2024-10-09,2024-11-07,9973,21,1575,1,20.2542,1.580428,3.938759,1498.5000,0.05,2222558436.8
15,2024-10-09,2024-11-07,9983,21,1575,0,22.3912,3.193031,4.294187,675.9000,0.05,887826772.0
15,2024-10-09,2024-11-07,10038,21,1575,0,18.9561,4.150564,4.164707,373.2500,0.05,689156430.65
15,2024-10-09,2024-11-07,10052,21,1575,0,33.0580,0.000000,5.536533,5509.9500,0.05,556881807.8
15,2024-10-09,2024-11-07,10071,21,1575,0,22.1582,2.397916,4.048754,182.4300,0.01,913867167.74
15,2024-10-09,2024-11-07,10188,21,1575,0,27.0804,4.631614,5.238273,1175.7500,0.05,1076755738.25
15,2024-10-09,2024-11-07,10361,21,1575,0,25.2487,2.803291,5.083993,149.7400,0.01,951810569.27
15,2024-10-09,2024-11-07,10431,21,1575,0,26.7145,2.997414,5.257910,701.4500,0.05,904420451.0
15,2024-10-09,2024-11-07,10587,21,1575,0,28.9829,6.734076,5.440759,209.4000,0.01,4254931983.225
15,2024-10-09,2024-11-07,10627,21,1575,0,24.4138,1.071149,4.550343,963.7000,0.05,455286564.3
15,2024-10-09,2024-11-07,10840,21,1575,6,23.7247,3.212863,3.772918,580.8000,0.05,839013244.6
15,2024-10-09,2024-11-07,11084,21,1575,0,23.1271,3.142598,4.287851,652.0000,0.05,2976720125.45
15,2024-10-09,2024-11-07,11452,21,1575,0,28.3363,0.000000,4.646345,1661.9000,0.05,1499650312.5
15,2024-10-09,2024-11-07,11457,21,1575,0,36.8970,2.424901,7.018218,293.3000,0.05,1467244656.85
15,2024-10-09,2024-11-07,11480,21,1575,0,19.6396,4.071493,4.331349,955.3500,0.05,1296200004.4
15,2024-10-09,2024-11-07,11705,21,1575,0,32.8201,0.000000,6.040660,2126.5000,0.05,4167695693.4
15,2024-10-09,2024-11-07,11777,21,1575,0,27.8316,1.859813,4.827545,908.5000,0.05,889129940.4
16,2024-11-08,2024-12-10,15,21,1575,0,19.0579,2.397837,3.738417,7343.4000,0.05,2050136185.4
16,2024-11-08,2024-12-10,17,21,1575,0,17.8735,3.494444,3.742573,194.1900,0.01,1037621331.275
16,2024-11-08,2024-12-10,24,21,1575,14,40.6176,0.000000,5.318826,2421.4000,0.05,4745648237.0
16,2024-11-08,2024-12-10,26,21,1575,94,49.8936,0.000000,7.402643,1258.0000,0.05,1499707008.625
16,2024-11-08,2024-12-10,27,21,1575,20,38.0645,0.000000,5.054931,1264.8500,0.05,3985598683.45
16,2024-11-08,2024-12-10,28,21,1575,5,42.2035,0.000000,6.550701,107.8000,0.01,2515110606.4
16,2024-11-08,2024-12-10,58,21,1575,0,18.8427,2.168861,3.327571,5566.0500,0.05,978321057.025
16,2024-11-08,2024-12-10,70,21,1575,6,28.8161,3.434562,4.195767,549.6500,0.05,1601990002.275
16,2024-11-08,2024-12-10,90,21,1575,0,15.0934,0.000000,2.993711,7067.7500,0.05,2358093181.7250004
16,2024-11-08,2024-12-10,118,21,1575,0,19.4491,2.252972,3.620963,114.5500,0.01,2363236318.725
16,2024-11-08,2024-12-10,120,21,1575,0,12.4558,0.000000,2.513610,2475.8500,0.05,3111495801.95
16,2024-11-08,2024-12-10,125,21,1575,0,15.3165,2.556531,3.128799,1791.0000,0.05,923177382.5
16,2024-11-08,2024-12-10,133,21,1575,0,15.1153,2.313141,3.376778,588.7000,0.05,1604168344.175
16,2024-11-08,2024-12-10,135,21,1575,0,19.4424,3.741840,3.339806,1247.2500,0.05,1796613309.825
16,2024-11-08,2024-12-10,143,21,1575,0,14.3669,0.499451,2.868801,1150.1500,0.05,9877094401.95
16,2024-11-08,2024-12-10,150,21,1575,0,14.5561,2.019540,2.823929,8998.0000,0.05,3383307240.2
16,2024-11-08,2024-12-10,153,21,1575,0,15.1843,2.575982,3.270306,1619.1000,0.05,2178029063.875
16,2024-11-08,2024-12-10,156,21,1575,33,15.2132,3.335393,3.342246,667.5000,0.05,7416704229.7
16,2024-11-08,2024-12-10,168,21,1575,0,16.4934,2.695134,3.029117,171.4900,0.01,2286295742.475
16,2024-11-08,2024-12-10,170,21,1575,0,20.3723,1.640229,3.863990,232.2500,0.05,3796743633.5249996
16,2024-11-08,2024-12-10,172,21,1575,0,22.4218,0.000000,4.042877,102.9800,0.01,1375185973.6599998
16,2024-11-08,2024-12-10,182,21,1575,0,28.6516,4.179750,5.460616,1055.9500,0.05,1432954928.45
16,2024-11-08,2024-12-10,185,21,1575,0,19.3693,3.649915,3.581425,300.9000,0.05,5374581419.325
16,2024-11-08,2024-12-10,196,21,1575,0,20.9696,2.469982,3.760296,1340.2500,0.05,1389132699.6
16,2024-11-08,2024-12-10,200,21,1575,0,14.4491,1.973185,3.083536,1573.9500,0.05,7014036622.6
16,2024-11-08,2024-12-10,201,21,1575,0,23.4241,4.265339,4.580207,244.7300,0.05,5180102104.15
16,2024-11-08,2024-12-10,206,21,1575,0,21.1708,3.806892,3.967896,349.3000,0.05,1443758140.725
16,2024-11-08,2024-12-10,220,21,1575,0,17.5267,2.127695,3.392463,34895.4500,0.05,942267426.225
16,2024-11-08,2024-12-10,221,21,1575,0,19.2150,1.769035,3.458762,281.7000,0.05,4364910883.549999
16,2024-11-08,2024-12-10,225,21,1575,0,18.3012,0.000000,3.232692,4923.4500,0.05,1434363532.6
16,2024-11-08,2024-12-10,228,21,1575,0,34.3359,2.159057,5.746349,1560.0000,0.05,2265742942.875
16,2024-11-08,2024-12-10,239,21,1575,0,19.9665,2.641251,3.709770,95.5400,0.01,3159278481.0
16,2024-11-08,2024-12-10,252,21,1575,0,25.9273,2.972458,4.575932,1602.5500,0.05,2484016691.05
16,2024-11-08,2024-12-10,267,21,1575,0,23.0885,3.662167,4.459505,743.3500,0.05,1398256484.65
16,2024-11-08,2024-12-10,273,21,1575,0,19.5176,2.654526,3.648454,1255.7000,0.05,1773529861.775
16,2024-11-08,2024-12-10,279,21,1575,0,14.1698,2.538288,3.127010,1496.8500,0.05,2227454471.575
16,2024-11-08,2024-12-10,283,21,1575,0,15.6623,0.932926,3.148958,406.1000,0.05,4392261792.9
16,2024-11-08,2024-12-10,285,21,1575,0,16.9055,2.810606,3.264183,2860.9500,0.05,948286364.65
16,2024-11-08,2024-12-10,288,21,1575,0,16.9096,3.458148,3.286226,657.4000,0.05,1506328110.4
16,2024-11-08,2024-12-10,302,21,1575,0,20.8213,4.185794,3.848852,404.3500,0.05,919217388.3
16,2024-11-08,2024-12-10,306,21,1575,0,20.7924,1.772810,3.744003,3480.3500,0.05,1561747078.5749998
16,2024-11-08,2024-12-10,311,21,1575,0,12.5079,1.762424,2.649645,521.3000,0.05,1164755910.15
16,2024-11-08,2024-12-10,345,21,1575,0,16.5343,2.207366,3.178216,5984.5000,0.05,1871684487.975
16,2024-11-08,2024-12-10,346,21,1575,0,21.0594,0.000000,3.566078,15635.9000,0.05,3495326080.175
16,2024-11-08,2024-12-10,347,21,1575,0,18.9637,2.765775,3.639404,821.5000,0.05,2979394840.475
16,2024-11-08,2024-12-10,356,21,1575,0,14.6208,1.665703,3.183616,1220.8500,0.05,2284582711.45
16,2024-11-08,2024-12-10,368,21,1575,0,15.3873,2.520395,2.922515,4844.9500,0.05,2493714616.6499996
16,2024-11-08,2024-12-10,409,21,1575,0,15.6879,3.437989,3.305064,210.2100,0.01,1869743234.5
16,2024-11-08,2024-12-10,430,21,1575,0,18.4232,3.448132,3.564310,185.2200,0.01,3379546082.66
16,2024-11-08,2024-12-10,465,21,1575,0,20.6907,4.940585,4.036039,1530.8500,0.05,980070372.5
16,2024-11-08,2024-12-10,479,21,1575,0,15.7861,0.776580,3.428504,1223.0000,0.05,1219627238.65
16,2024-11-08,2024-12-10,481,21,1575,0,22.3392,3.145544,4.329723,2823.1000,0.05,1690357929.8
16,2024-11-08,2024-12-10,496,21,1575,0,17.4434,2.231614,3.326118,2605.6500,0.05,1673248125.1999998
16,2024-11-08,2024-12-10,524,21,1575,0,19.9620,0.935358,3.387086,4446.4000,0.05,6621791593.075
16,2024-11-08,2024-12-10,529,21,1575,0,15.4763,3.536252,3.324250,1710.4500,0.05,1470306142.725
16,2024-11-08,2024-12-10,534,21,1575,0,14.2002,0.000000,2.683121,1875.4500,0.05,4256671823.8
16,2024-11-08,2024-12-10,536,21,1575,0,17.4135,3.916275,3.586083,2060.9000,0.05,1664896734.65
16,2024-11-08,2024-12-10,537,21,1575,0,12.2147,1.595002,2.535956,890.0000,0.05,26897531660.925
16,2024-11-08,2024-12-10,538,21,1575,0,17.5897,1.231068,3.280678,681.9500,0.05,2431705474.2
16,2024-11-08,2024-12-10,546,21,1575,0,15.1318,2.395481,3.054583,4638.2500,0.05,3043106271.4750004
16,2024-11-08,2024-12-10,556,21,1575,0,17.0129,3.746259,3.442947,657.8500,0.05,3893247942.0
16,2024-11-08,2024-12-10,562,21,1575,0,20.9483,1.210579,4.019893,352.9000,0.05,3394847166.025
16,2024-11-08,2024-12-10,563,21,1575,0,14.0955,1.848280,2.842972,2473.0500,0.05,4243216962.475
16,2024-11-08,2024-12-10,564,21,1575,0,17.4762,4.426171,3.680157,499.2000,0.05,525036154.125
16,2024-11-08,2024-12-10,590,21,1575,0,12.2359,2.272910,2.715100,1298.7000,0.05,15294360112.375
16,2024-11-08,2024-12-10,593,21,1575,0,15.6601,3.515097,3.128333,1872.6500,0.05,1069742629.95
16,2024-11-08,2024-12-10,603,21,1575,0,17.7641,2.784994,3.472329,689.2500,0.05,970540952.2249999
16,2024-11-08,2024-12-10,609,21,1575,4,33.4363,6.232089,7.328028,7.9100,0.01,5681032298.175
16,2024-11-08,2024-12-10,611,21,1575,0,15.4745,1.758134,3.004954,65.1700,0.01,2463008061.675
16,2024-11-08,2024-12-10,612,21,1575,0,18.8596,3.237719,3.584677,171.0400,0.01,1791823006.03
16,2024-11-08,2024-12-10,627,21,1575,0,16.8608,0.797726,3.307173,791.8000,0.05,1672070349.55
16,2024-11-08,2024-12-10,631,21,1575,0,30.1411,0.000000,4.190306,540.3500,0.05,939320815.45
16,2024-11-08,2024-12-10,634,21,1575,0,15.0942,0.557457,2.810248,4233.0000,0.05,3230758479.8999996
16,2024-11-08,2024-12-10,647,21,1575,0,14.5711,0.000000,2.962516,1000.9000,0.05,4842348167.575001
16,2024-11-08,2024-12-10,653,21,1575,0,13.1194,1.390823,2.723605,1832.4000,0.05,9846917037.15
16,2024-11-08,2024-12-10,656,21,1575,0,32.0278,4.099729,5.938357,191.5300,0.01,1051685792.3
16,2024-11-08,2024-12-10,663,21,1575,0,16.0614,1.015676,3.133044,131.0700,0.01,3555679502.525
16,2024-11-08,2024-12-10,672,21,1575,1,13.2365,0.000000,2.766148,389.9000,0.05,5449987815.775
16,2024-11-08,2024-12-10,698,21,1575,0,19.7915,3.834853,3.935456,899.1000,0.05,1713898395.6
16,2024-11-08,2024-12-10,720,21,1575,0,25.9420,0.000000,4.316986,676.6000,0.05,1688645683.3249998
16,2024-11-08,2024-12-10,722,21,1575,0,17.5085,3.252179,3.389451,967.6000,0.05,1685966324.15
16,2024-11-08,2024-12-10,725,21,1575,0,21.7244,0.000000,3.874545,644.0500,0.05,1200074160.6
16,2024-11-08,2024-12-10,750,21,1575,0,22.1724,4.224130,3.686214,4027.6000,0.05,883018031.7
16,2024-11-08,2024-12-10,771,21,1575,0,12.4451,2.327532,3.004353,351.4000,0.05,7788354547.425
16,2024-11-08,2024-12-10,780,21,1575,0,21.8185,0.000000,4.071466,1405.5500,0.05,1406372157.175
16,2024-11-08,2024-12-10,798,21,1575,0,22.2781,3.926741,4.282564,534.0500,0.05,728583481.25
16,2024-11-08,2024-12-10,805,21,1575,0,18.3133,3.934275,3.409601,627.7000,0.05,1442335298.1
16,2024-11-08,2024-12-10,818,21,1575,0,14.7681,1.906162,3.094160,3692.5500,0.05,7341868198.5
16,2024-11-08,2024-12-10,823,21,1575,0,16.1950,2.109710,3.200152,2074.2500,0.05,1815781302.5
16,2024-11-08,2024-12-10,827,21,1575,0,20.5050,1.740802,3.705499,2980.1000,0.05,6163601875.65
16,2024-11-08,2024-12-10,838,21,1575,0,23.7607,1.507675,4.131030,55.0200,0.01,1109444744.3
16,2024-11-08,2024-12-10,853,21,1575,0,25.7222,3.727311,4.396682,156.2700,0.01,1306164880.8400002
16,2024-11-08,2024-12-10,863,21,1575,0,16.0422,2.074677,3.147434,618.0500,0.05,973077306.575
16,2024-11-08,2024-12-10,865,21,1575,0,13.7168,2.082266,2.895712,11128.8500,0.05,5966949589.450001
16,2024-11-08,2024-12-10,878,21,1575,3,23.3768,2.969776,4.634040,1241.0000,0.05,2226050589.275
16,2024-11-08,2024-12-10,886,21,1575,0,22.3769,1.900330,3.658076,1177.7500,0.05,831807872.1
16,2024-11-08,2024-12-10,910,21,1575,0,16.8860,0.000000,3.064202,2826.1000,0.05,1304005962.9
16,2024-11-08,2024-12-10,925,21,1575,0,16.4825,3.712101,3.649104,1922.6500,0.05,763248921.075
16,2024-11-08,2024-12-10,938,21,1575,1,27.4688,5.549593,5.294422,240.6500,0.05,3128407763.4750004
16,2024-11-08,2024-12-10,939,21,1575,0,22.1980,3.671417,4.027397,1642.5000,0.05,1453008700.475
16,2024-11-08,2024-12-10,943,21,1575,0,25.6149,6.094141,5.217678,96.0200,0.01,2112622012.2
16,2024-11-08,2024-12-10,956,21,1575,1,12.3811,1.502896,2.575795,1124.0000,0.05,1985614000.2
16,2024-11-08,2024-12-10,970,21,1575,0,18.1921,1.532138,3.269747,81.8400,0.01,3963661110.5
16,2024-11-08,2024-12-10,982,21,1575,0,21.5100,3.226955,4.269425,71.5300,0.01,2931958985.3
16,2024-11-08,2024-12-10,990,21,1575,0,18.1156,2.759538,3.339425,369.2500,0.05,5107166584.25
16,2024-11-08,2024-12-10,994,21,1575,0,22.4784,3.401332,3.979394,2001.4000,0.05,1204058099.9499998
16,2024-11-08,2024-12-10,996,21,1575,1,23.3872,0.397055,3.777773,11139.5000,0.05,1805005371.5
16,2024-11-08,2024-12-10,997,21,1575,0,23.0208,0.000000,3.849717,486.7000,0.05,2657462703.5249996
16,2024-11-08,2024-12-10,1007,21,1575,0,16.6762,3.764942,3.424021,242.5500,0.05,4402895646.125
16,2024-11-08,2024-12-10,1028,21,1575,0,17.0618,2.928529,3.012666,45676.5500,0.05,815248367.95
16,2024-11-08,2024-12-10,1049,21,1575,0,16.8008,2.764091,3.061046,5888.4500,0.05,2040919398.625
16,2024-11-08,2024-12-10,1050,21,1575,0,16.8802,2.415719,2.982293,320.5500,0.05,1337828861.05
16,2024-11-08,2024-12-10,1051,21,1575,0,25.4357,2.466754,4.630454,488.2500,0.05,5372047232.924999
16,2024-11-08,2024-12-10,1060,21,1575,0,28.7186,6.328215,5.350621,1670.8000,0.05,1162005534.1
16,2024-11-08,2024-12-10,1061,21,1575,1,13.1008,2.956859,2.906883,1526.6000,0.05,976816750.2
16,2024-11-08,2024-12-10,1062,21,1575,0,19.1607,0.000000,3.449354,4135.0000,0.05,1099094473.775
16,2024-11-08,2024-12-10,1068,21,1575,0,21.0437,4.438879,3.895424,99.0500,0.01,4516928223.809999
16,2024-11-08,2024-12-10,1070,21,1575,0,28.2140,4.395513,4.850560,890.5000,0.05,632257372.0
16,2024-11-08,2024-12-10,1076,21,1575,0,16.0963,2.829268,3.096640,6810.8000,0.05,2348028561.75
16,2024-11-08,2024-12-10,1080,21,1575,0,17.2748,2.256463,3.150204,328.4000,0.05,4371590767.725
16,2024-11-08,2024-12-10,1095,21,1575,0,24.2217,2.914307,4.541626,1649.4500,0.05,1448196312.05
16,2024-11-08,2024-12-10,1132,21,1575,0,25.2435,2.975126,4.231871,158.6600,0.01,1726936635.465
16,2024-11-08,2024-12-10,1135,21,1575,0,23.4333,0.000000,4.178981,527.4000,0.05,5526507891.425
16,2024-11-08,2024-12-10,1140,21,1575,0,12.9892,0.000000,2.685395,1286.6500,0.05,15372108131.05
16,2024-11-08,2024-12-10,1173,21,1575,0,24.7666,5.654622,4.992913,439.5000,0.05,4692305168.65
16,2024-11-08,2024-12-10,1179,21,1575,0,22.7813,4.164835,4.394383,116.3700,0.01,3833552944.4
16,2024-11-08,2024-12-10,1206,21,1575,0,14.1323,2.699266,2.859082,700.3000,0.05,1039066874.0
16,2024-11-08,2024-12-10,1208,21,1575,0,17.0113,0.000000,3.056495,1494.1500,0.05,1870962852.0749998
16,2024-11-08,2024-12-10,1209,21,1575,0,15.6346,2.052957,2.997826,839.8000,0.05,11750485507.65
16,2024-11-08,2024-12-10,1250,21,1575,0,16.8925,2.552576,2.943776,25168.5500,0.05,773533440.2249999
16,2024-11-08,2024-12-10,1261,21,1575,0,19.9795,2.897915,3.703926,5573.1000,0.05,1790820395.0
16,2024-11-08,2024-12-10,1283,21,1575,0,24.8905,3.703690,4.205251,10230.0500,0.05,763677410.6500001
16,2024-11-08,2024-12-10,1305,21,1575,0,16.6758,2.584957,3.321880,2271.9000,0.05,1057930528.65
16,2024-11-08,2024-12-10,1334,21,1575,0,13.6565,0.427708,2.688931,1793.5500,0.05,3005249874.2
16,2024-11-08,2024-12-10,1341,21,1575,0,23.9835,2.662319,4.039800,4632.0000,0.05,619264777.4
16,2024-11-08,2024-12-10,1349,21,1575,206,30.1713,0.000000,5.124311,64.1600,0.01,3539095024.8
16,2024-11-08,2024-12-10,1366,21,1575,0,14.8079,1.462286,2.956356,954.9500,0.05,1560395691.125
16,2024-11-08,2024-12-10,1367,21,1575,0,21.2299,0.477995,3.171726,6734.1000,0.05,808964680.05
16,2024-11-08,2024-12-10,1372,21,1575,0,19.3359,2.282671,3.747985,416.4000,0.05,5460329159.625
16,2024-11-08,2024-12-10,1373,21,1575,0,16.8221,3.264319,3.393882,141.6500,0.01,5931977642.110001
16,2024-11-08,2024-12-10,1383,21,1575,0,13.8372,0.000000,2.652262,4266.6500,0.05,8145068603.5
16,2024-11-08,2024-12-10,1386,21,1575,0,14.1885,1.436611,2.824656,1655.9000,0.05,2623968378.125
16,2024-11-08,2024-12-10,1406,21,1575,0,27.0524,1.788360,4.306353,3596.1500,0.05,779824128.15
16,2024-11-08,2024-12-10,1415,21,1575,0,15.0376,1.585172,3.050080,3262.4000,0.05,3430326354.0
16,2024-11-08,2024-12-10,1420,21,1575,0,15.4069,2.874774,3.184852,3204.0000,0.05,642847309.275
16,2024-11-08,2024-12-10,1426,21,1575,0,22.2367,0.000000,4.007964,4480.7000,0.05,2958020974.9
16,2024-11-08,2024-12-10,1438,21,1575,0,16.6935,3.082822,3.389641,2459.6000,0.05,1906662273.5
16,2024-11-08,2024-12-10,1451,21,1575,0,15.0612,0.000000,2.910942,10910.0000,0.05,3218022027.0
16,2024-11-08,2024-12-10,1455,21,1575,0,20.5724,2.636305,3.495602,112.9200,0.01,1930102900.1999998
16,2024-11-08,2024-12-10,1461,21,1575,0,24.9595,4.339633,4.340474,545.2000,0.05,1322619868.15
16,2024-11-08,2024-12-10,1480,21,1575,0,23.1339,2.442306,3.778876,618.7000,0.05,2590861075.675
16,2024-11-08,2024-12-10,1481,21,1575,0,20.2746,3.619133,3.906954,228.5500,0.05,4329554499.0
16,2024-11-08,2024-12-10,1510,21,1575,0,19.0850,2.968915,3.315323,1689.7000,0.05,1762227349.425
16,2024-11-08,2024-12-10,1539,21,1575,0,19.5302,1.282819,4.110571,20.1100,0.01,4254195477.5
16,2024-11-08,2024-12-10,9424,21,1575,0,17.6651,0.000000,3.181986,3780.5500,0.05,1716808628.725
16,2024-11-08,2024-12-10,9486,21,1575,0,24.6581,5.193262,4.291202,110.5500,0.01,2272786681.7
16,2024-11-08,2024-12-10,9621,21,1575,0,16.8921,2.536454,3.076124,323.5500,0.05,5766073051.5
16,2024-11-08,2024-12-10,9674,21,1575,0,16.4793,1.158565,3.170503,965.5000,0.05,1261039652.625
16,2024-11-08,2024-12-10,9752,21,1575,0,32.2952,4.512689,5.746675,894.7500,0.05,2861259073.0
16,2024-11-08,2024-12-10,9754,21,1575,0,21.5994,2.781300,4.009884,148.2000,0.01,6009105245.950001
16,2024-11-08,2024-12-10,9882,21,1575,0,21.1247,3.507077,4.290619,330.5500,0.05,3477191754.5
16,2024-11-08,2024-12-10,9891,21,1575,148,38.4897,7.381456,6.265819,809.7000,0.05,1940789547.225
16,2024-11-08,2024-12-10,9894,21,1575,0,18.6745,2.649658,3.278173,451.9000,0.05,2583891069.45
16,2024-11-08,2024-12-10,9936,21,1575,0,19.7422,3.971116,3.784901,2594.2500,0.05,859185536.75
16,2024-11-08,2024-12-10,9973,21,1575,1,13.5521,1.384648,2.895635,1724.0000,0.05,2359070255.375
16,2024-11-08,2024-12-10,9983,21,1575,0,20.5606,2.263130,3.580034,674.3000,0.05,945377739.875
16,2024-11-08,2024-12-10,10052,21,1575,0,26.9132,2.474034,5.022304,5900.0000,0.05,660698859.5
16,2024-11-08,2024-12-10,10071,21,1575,0,25.7137,0.000000,4.221325,170.5300,0.01,989725977.2
16,2024-11-08,2024-12-10,10188,21,1575,0,27.8360,0.000000,4.422726,1277.6000,0.05,1119511303.425
16,2024-11-08,2024-12-10,10361,21,1575,0,18.9351,3.909299,3.700874,141.5200,0.01,1161071615.865
16,2024-11-08,2024-12-10,10399,21,1575,0,15.8175,2.801335,2.777279,1503.6000,0.05,1007415553.05
16,2024-11-08,2024-12-10,10431,21,1575,0,27.5078,3.422548,4.802059,706.3500,0.05,934194055.1500001
16,2024-11-08,2024-12-10,10587,21,1575,0,25.2622,2.635169,4.886693,199.1900,0.01,3656675643.375
16,2024-11-08,2024-12-10,10627,21,1575,0,31.8571,0.000000,5.397017,1043.9500,0.05,507406096.5
16,2024-11-08,2024-12-10,10840,21,1575,10,20.6404,4.648864,3.446007,615.0000,0.05,851381215.85
16,2024-11-08,2024-12-10,11084,21,1575,0,21.5252,3.394115,3.766996,603.1000,0.05,3134145460.0
16,2024-11-08,2024-12-10,11452,21,1575,0,30.8056,0.000000,4.851002,1804.1500,0.05,1523757441.575
16,2024-11-08,2024-12-10,11457,21,1575,0,28.6948,4.301374,5.081391,289.1000,0.05,1504874197.875
16,2024-11-08,2024-12-10,11480,21,1575,0,24.0315,0.000000,4.222288,1008.4500,0.05,1383451811.875
16,2024-11-08,2024-12-10,11705,21,1575,0,25.7489,2.073431,4.768458,2141.9000,0.05,4658958494.125
16,2024-11-08,2024-12-10,11777,21,1575,0,24.4014,1.535172,3.919297,957.7000,0.05,974963053.15
17,2024-12-11,2025-01-09,15,21,1575,0,18.4325,2.510665,3.344614,6924.2500,0.05,2162718612.425
17,2024-12-11,2025-01-09,17,21,1575,0,16.8942,2.034934,3.575303,185.8200,0.01,1035563529.75
17,2024-12-11,2025-01-09,24,21,1575,0,18.3320,1.360855,3.459592,2422.5000,0.05,4831426959.55
17,2024-12-11,2025-01-09,26,21,1575,0,29.9977,0.000000,5.610059,1052.0500,0.05,1582903474.575
17,2024-12-11,2025-01-09,27,21,1575,0,18.1198,2.588134,3.629846,1215.4000,0.05,4036618477.9750004
17,2024-12-11,2025-01-09,28,21,1575,0,28.1361,0.000000,4.714317,103.2000,0.01,2292841960.5
17,2024-12-11,2025-01-09,58,21,1575,0,15.1562,2.756744,2.985823,5498.2000,0.05,958903951.875
17,2024-12-11,2025-01-09,68,21,1575,0,37.8549,1.015402,6.429322,7320.0500,0.05,660602674.05
17,2024-12-11,2025-01-09,70,21,1575,0,15.2687,1.892183,3.281335,549.3000,0.05,1626602114.725
17,2024-12-11,2025-01-09,90,21,1575,0,13.5513,2.138652,2.800047,7270.0000,0.05,2354637424.6000004
17,2024-12-11,2025-01-09,118,21,1575,1,16.6120,1.985621,3.404510,111.4000,0.01,2291815767.1
17,2024-12-11,2025-01-09,120,21,1575,0,11.9385,1.706819,2.474272,2305.0000,0.05,3200581173.85
17,2024-12-11,2025-01-09,125,21,1575,0,15.4344,1.999889,2.883870,1671.5500,0.05,950823503.5
17,2024-12-11,2025-01-09,133,21,1575,0,20.4129,0.000000,3.158490,563.0000,0.05,1580558475.25
17,2024-12-11,2025-01-09,135,21,1575,0,17.0943,1.739682,3.256742,1264.3000,0.05,1685309326.95
17,2024-12-11,2025-01-09,143,21,1575,0,13.8105,2.142417,2.878874,1081.1000,0.05,9927764583.349998
17,2024-12-11,2025-01-09,150,21,1575,0,14.0810,1.310383,2.683030,8667.5000,0.05,3552835662.7
17,2024-12-11,2025-01-09,153,21,1575,0,15.1473,0.000000,3.159100,1640.3500,0.05,2186312949.75
17,2024-12-11,2025-01-09,156,21,1575,20,16.0809,2.462191,3.293256,709.0000,0.05,7091805045.3
17,2024-12-11,2025-01-09,168,21,1575,0,15.5508,0.875061,3.120039,161.6100,0.01,2189231821.65
17,2024-12-11,2025-01-09,170,21,1575,0,16.2686,2.520545,3.502474,229.9000,0.05,3796743633.5249996
17,2024-12-11,2025-01-09,182,21,1575,0,32.2191,0.992672,5.289033,1200.7000,0.05,1380540507.6
17,2024-12-11,2025-01-09,185,21,1575,0,15.8116,1.370972,3.194158,293.9000,0.05,5657969400.0
17,2024-12-11,2025-01-09,196,21,1575,0,17.5557,3.213623,3.598851,1305.3000,0.05,1407269482.575
17,2024-12-11,2025-01-09,200,21,1575,0,14.3114,1.683817,2.978087,1600.1500,0.05,7409788760.25
17,2024-12-11,2025-01-09,201,21,1575,0,20.7745,1.709186,4.049002,238.6500,0.05,4931082887.825
17,2024-12-11,2025-01-09,206,21,1575,0,19.7484,3.215844,3.856861,357.5000,0.05,1489379018.85
17,2024-12-11,2025-01-09,220,21,1575,1,13.9260,2.849980,2.688737,34434.3000,0.05,950209810.7
17,2024-12-11,2025-01-09,221,21,1575,0,16.4977,2.034341,3.299435,279.5500,0.05,4091798074.9750004
17,2024-12-11,2025-01-09,225,21,1575,0,14.1833,1.812384,2.719037,4791.2500,0.05,1551660236.45
17,2024-12-11,2025-01-09,228,21,1575,0,24.7039,1.477093,4.428412,1816.5000,0.05,2350352375.55
17,2024-12-11,2025-01-09,239,21,1575,0,15.1849,0.769099,3.343488,94.4600,0.01,3100303232.25
17,2024-12-11,2025-01-09,252,21,1575,0,19.3622,1.301493,3.705659,1812.0000,0.05,2834984566.525
17,2024-12-11,2025-01-09,267,21,1575,0,19.2994,2.944602,3.526852,742.6000,0.05,1442772154.8249998
17,2024-12-11,2025-01-09,273,21,1575,0,19.5780,2.411574,3.744160,1247.0000,0.05,1780502091.275
17,2024-12-11,2025-01-09,279,21,1575,0,13.0482,1.338443,2.790170,1489.1500,0.05,2336432191.2
17,2024-12-11,2025-01-09,283,21,1575,0,14.3845,1.228648,2.872355,377.2000,0.05,4177289146.85
17,2024-12-11,2025-01-09,285,21,1575,0,16.8005,3.768006,3.653568,2769.8500,0.05,1015245842.5
17,2024-12-11,2025-01-09,288,21,1575,0,15.2533,2.771375,3.026365,626.9500,0.05,1511262375.175
17,2024-12-11,2025-01-09,302,21,1575,0,16.9264,2.972369,3.290573,394.0500,0.05,941328455.275
17,2024-12-11,2025-01-09,306,21,1575,0,19.7215,2.706130,3.477413,3324.2500,0.05,1715612716.15
17,2024-12-11,2025-01-09,311,21,1575,0,13.4497,2.095084,2.878602,508.1000,0.05,1184044833.2
17,2024-12-11,2025-01-09,345,21,1575,0,13.8595,0.000000,2.754494,5889.6500,0.05,2085996254.775
17,2024-12-11,2025-01-09,346,21,1575,0,20.8814,0.000000,3.656636,17999.0000,0.05,4270451481.6
17,2024-12-11,2025-01-09,347,21,1575,0,16.3750,1.458385,3.074931,838.2000,0.05,2986437847.05
17,2024-12-11,2025-01-09,356,21,1575,0,15.2820,1.545783,3.060926,1352.7500,0.05,2298429582.925
17,2024-12-11,2025-01-09,368,21,1575,0,16.1970,0.000000,2.960901,4820.3500,0.05,2424978509.325
17,2024-12-11,2025-01-09,409,21,1575,0,16.0484,1.364485,3.129459,199.5000,0.01,1919882040.1
17,2024-12-11,2025-01-09,423,21,1575,0,22.7311,0.000000,3.831084,706.8500,0.05,630643433.8
17,2024-12-11,2025-01-09,430,21,1575,0,17.4240,2.690178,3.245850,181.1200,0.01,3359230466.145
17,2024-12-11,2025-01-09,465,21,1575,0,20.8870,2.505542,3.616604,1555.0500,0.05,953798120.95
17,2024-12-11,2025-01-09,479,21,1575,0,14.3360,1.589497,3.073515,1092.7500,0.05,1259986165.025
17,2024-12-11,2025-01-09,481,21,1575,0,19.0132,1.051307,3.597347,2839.3500,0.05,1725477262.675
17,2024-12-11,2025-01-09,496,21,1575,0,15.3166,2.108775,3.010844,2517.0500,0.05,1703029898.4
17,2024-12-11,2025-01-09,524,21,1575,0,15.3453,0.939774,2.708487,4230.0000,0.05,6635505471.525
17,2024-12-11,2025-01-09,529,21,1575,0,15.7408,2.795787,3.080929,1680.4000,0.05,1518541986.6
17,2024-12-11,2025-01-09,534,21,1575,0,15.0427,2.727034,2.867906,1928.6000,0.05,4449893850.4
17,2024-12-11,2025-01-09,536,21,1575,0,16.4064,2.666410,3.271591,2046.7000,0.05,1719028553.3
17,2024-12-11,2025-01-09,537,21,1575,0,10.8828,1.083206,2.380762,896.5000,0.05,27296653887.1
17,2024-12-11,2025-01-09,538,21,1575,0,13.2462,2.348482,2.746388,621.9000,0.05,2458051096.6
17,2024-12-11,2025-01-09,546,21,1575,0,13.7761,1.251963,2.877334,4171.6500,0.05,3104212437.4
17,2024-12-11,2025-01-09,556,21,1575,0,15.3673,2.861415,2.988666,627.5500,0.05,3904843411.2250004
17,2024-12-11,2025-01-09,562,21,1575,0,19.4760,2.541119,3.976398,377.9000,0.05,3288102057.55
17,2024-12-11,2025-01-09,563,21,1575,0,12.8183,1.294393,2.656567,2361.0000,0.05,4243216962.475
17,2024-12-11,2025-01-09,564,21,1575,0,18.7215,1.794411,3.849640,462.6500,0.05,595023991.05
17,2024-12-11,2025-01-09,590,21,1575,0,12.2165,1.680469,2.535755,1293.0000,0.05,15178154955.025
17,2024-12-11,2025-01-09,593,21,1575,0,17.5151,0.000000,2.996254,1867.8000,0.05,1082865140.0
17,2024-12-11,2025-01-09,603,21,1575,0,15.2985,2.641331,3.101410,662.4000,0.05,936653368.425
17,2024-12-11,2025-01-09,609,21,1575,0,23.1309,5.572168,6.436038,7.8900,0.01,5794250045.950001
17,2024-12-11,2025-01-09,611,21,1575,0,15.8791,0.000000,3.047939,63.5300,0.01,2425514198.375
17,2024-12-11,2025-01-09,612,21,1575,0,19.1362,0.000000,3.492695,180.6500,0.01,1694631029.81
17,2024-12-11,2025-01-09,627,21,1575,0,16.0330,0.795517,2.897740,862.4000,0.05,1851911087.6999998
17,2024-12-11,2025-01-09,631,21,1575,0,19.1009,2.238881,3.156714,515.9000,0.05,963085873.05
17,2024-12-11,2025-01-09,634,21,1575,0,15.0060,0.000000,2.805336,4460.5000,0.05,3257859793.375
17,2024-12-11,2025-01-09,647,21,1575,0,16.6419,1.615186,3.353736,972.2500,0.05,4793958364.95
17,2024-12-11,2025-01-09,653,21,1575,0,13.2852,0.791276,2.761011,1894.0000,0.05,10138518230.349998
17,2024-12-11,2025-01-09,656,21,1575,0,24.9325,2.969384,4.921034,183.1100,0.01,1068681405.645
17,2024-12-11,2025-01-09,663,21,1575,0,14.9530,0.176183,2.748424,130.9200,0.01,3306897205.35
17,2024-12-11,2025-01-09,672,21,1572,6,14.9798,0.000000,2.862505,394.1500,0.05,5449987815.775
17,2024-12-11,2025-01-09,698,21,1575,0,17.7731,2.689333,3.530986,940.0000,0.05,1715357126.3
17,2024-12-11,2025-01-09,720,21,1575,0,21.3089,0.689595,3.774379,647.9000,0.05,1688645683.3249998
17,2024-12-11,2025-01-09,722,21,1575,0,16.1711,0.000000,3.040333,920.7000,0.05,1703592640.0500002
17,2024-12-11,2025-01-09,725,21,1575,0,19.6365,2.771577,3.833846,704.8000,0.05,1200074160.6
17,2024-12-11,2025-01-09,750,21,1575,0,19.2527,4.038235,3.790295,4336.1500,0.05,906541518.25
17,2024-12-11,2025-01-09,771,21,1575,0,12.6665,1.865496,2.864505,355.9000,0.05,7702627912.775
17,2024-12-11,2025-01-09,780,21,1575,0,19.2740,2.140485,3.317753,1470.1500,0.05,1417079255.175
17,2024-12-11,2025-01-09,798,21,1575,0,17.0691,2.223051,3.592300,574.1000,0.05,783426987.3
17,2024-12-11,2025-01-09,805,21,1575,0,16.2794,0.000000,2.909367,597.5500,0.05,1367806015.1750002
17,2024-12-11,2025-01-09,818,21,1575,0,13.6998,1.214394,2.835788,3660.3000,0.05,7556453542.575
17,2024-12-11,2025-01-09,823,21,1575,0,16.6247,0.000000,3.054773,2183.1000,0.05,1846148569.6
17,2024-12-11,2025-01-09,827,21,1575,0,16.7622,1.589675,3.356391,3055.9500,0.05,6667091654.85
17,2024-12-11,2025-01-09,838,21,1575,0,20.1012,3.778216,3.668799,53.4400,0.01,1084960899.0900002
17,2024-12-11,2025-01-09,853,21,1575,0,31.8322,0.000000,4.799768,183.5000,0.01,1300595832.15
17,2024-12-11,2025-01-09,863,21,1575,0,17.1985,0.000000,3.107045,638.7500,0.05,1016957082.75
17,2024-12-11,2025-01-09,865,21,1575,0,13.4062,0.000000,2.640210,11120.7500,0.05,5966949589.450001
17,2024-12-11,2025-01-09,878,21,1575,0,20.8501,2.156090,4.188194,1273.0000,0.05,2072609938.725
17,2024-12-11,2025-01-09,886,21,1575,0,17.2550,3.111759,3.332525,1111.1500,0.05,881871433.6500001
17,2024-12-11,2025-01-09,908,21,1575,0,26.1186,0.000000,4.799522,954.0000,0.05,603177964.55
17,2024-12-11,2025-01-09,910,21,1575,0,19.0207,1.916452,3.345428,2794.0000,0.05,1359711010.8
17,2024-12-11,2025-01-09,925,21,1575,0,16.2274,2.935759,3.496195,2106.9000,0.05,783310397.275
17,2024-12-11,2025-01-09,938,21,1575,0,21.0633,1.182828,4.026893,211.5700,0.01,3398663109.55
17,2024-12-11,2025-01-09,939,21,1575,4,20.5367,3.511333,3.287788,1734.0000,0.05,1541737220.55
17,2024-12-11,2025-01-09,943,21,1575,0,23.4437,3.549123,4.790938,93.4200,0.01,2020386844.975
17,2024-12-11,2025-01-09,956,21,1575,0,12.0076,2.630042,2.742782,1097.1000,0.05,2026572021.4499998
17,2024-12-11,2025-01-09,970,21,1575,0,16.8289,1.989885,3.167805,82.1000,0.01,3985336733.92
17,2024-12-11,2025-01-09,990,21,1575,0,15.9410,2.871093,3.375953,335.9500,0.05,5271981960.9
17,2024-12-11,2025-01-09,994,21,1575,0,19.5855,0.000000,3.835466,2271.9000,0.05,1286829030.3
17,2024-12-11,2025-01-09,996,21,1575,0,22.6922,1.690525,3.902119,11627.5000,0.05,1860162070.15
17,2024-12-11,2025-01-09,997,21,1575,0,23.5513,2.749371,3.868287,448.8500,0.05,2554077581.1499996
17,2024-12-11,2025-01-09,1007,21,1575,0,16.5379,2.276238,3.110116,234.2500,0.05,4431026259.55
17,2024-12-11,2025-01-09,1028,21,1575,1,15.8673,2.267958,2.870552,48005.0500,0.05,853348235.4749999
17,2024-12-11,2025-01-09,1049,21,1575,0,22.1226,4.311240,3.680912,6411.8500,0.05,2002386707.35
17,2024-12-11,2025-01-09,1050,21,1575,0,18.4965,0.000000,3.109462,330.1500,0.05,1270628549.175
17,2024-12-11,2025-01-09,1051,21,1575,0,18.7768,0.000000,3.759582,458.2000,0.05,5276660968.425
17,2024-12-11,2025-01-09,1060,21,1575,0,36.2942,5.298897,5.926337,1681.7000,0.05,1207384932.8
17,2024-12-11,2025-01-09,1061,21,1575,2,13.5167,1.752733,2.599638,1478.2000,0.05,965618723.8
17,2024-12-11,2025-01-09,1062,21,1575,0,15.9418,2.022534,3.079506,3748.6500,0.05,1079824217.775
17,2024-12-11,2025-01-09,1068,21,1575,0,17.1324,1.394879,3.514652,97.0900,0.01,4456781858.55
17,2024-12-11,2025-01-09,1070,21,1575,0,23.8119,4.193475,4.437278,884.6500,0.05,749540738.3
17,2024-12-11,2025-01-09,1076,21,1575,0,17.9153,2.256636,3.105152,7270.5500,0.05,2295255189.5249996
17,2024-12-11,2025-01-09,1080,21,1575,0,14.7932,1.945925,2.823810,314.1500,0.05,4553076156.25
17,2024-12-11,2025-01-09,1095,21,1575,0,24.3136,3.417710,4.406070,1737.0500,0.05,1378039549.025
17,2024-12-11,2025-01-09,1132,21,1575,0,25.5588,0.000000,4.341767,162.3500,0.01,1657966439.0
17,2024-12-11,2025-01-09,1135,21,1575,0,19.6364,0.000000,3.565877,516.9500,0.05,5335921631.75
17,2024-12-11,2025-01-09,1140,21,1575,0,11.4774,0.791650,2.389756,1238.2500,0.05,16038941719.45
17,2024-12-11,2025-01-09,1173,21,1575,0,23.3132,3.190825,4.616996,430.0500,0.05,4569551643.7
17,2024-12-11,2025-01-09,1179,21,1575,0,19.5221,3.256252,4.014317,117.5600,0.01,3833552944.4
17,2024-12-11,2025-01-09,1206,21,1575,0,16.1711,0.969302,3.081094,708.9500,0.05,958370863.35
17,2024-12-11,2025-01-09,1208,21,1575,0,14.0053,2.012788,2.865349,1411.1000,0.05,2022086442.4
17,2024-12-11,2025-01-09,1209,21,1575,0,13.2318,1.811921,2.570906,812.6500,0.05,11846244561.05
17,2024-12-11,2025-01-09,1250,21,1575,0,15.3780,2.400797,2.777035,26650.0000,0.05,814839826.725
17,2024-12-11,2025-01-09,1261,21,1575,0,22.6623,3.381359,3.677866,5092.6500,0.05,1898473364.175
17,2024-12-11,2025-01-09,1305,21,1575,2,19.5079,3.771407,3.515563,2281.7000,0.05,1052211628.5
17,2024-12-11,2025-01-09,1334,21,1575,0,12.1339,2.604273,2.520275,1824.3000,0.05,3130812720.475
17,2024-12-11,2025-01-09,1349,21,1575,33,23.8287,2.686784,4.605929,64.1300,0.01,3673909198.475
17,2024-12-11,2025-01-09,1366,21,1575,0,15.8310,3.017640,3.126788,916.1500,0.05,1651733814.35
17,2024-12-11,2025-01-09,1367,21,1575,0,17.6304,2.395892,3.267374,6884.3000,0.05,814203889.8
17,2024-12-11,2025-01-09,1372,21,1575,0,15.6168,1.826169,3.194213,401.0000,0.05,5252771305.95
17,2024-12-11,2025-01-09,1373,21,1575,0,14.4197,2.143577,2.974034,136.8700,0.01,6099124732.51
17,2024-12-11,2025-01-09,1383,21,1575,0,14.0858,1.773121,2.703542,4163.9000,0.05,8353673967.2
17,2024-12-11,2025-01-09,1386,21,1575,0,14.8185,1.690162,2.893787,1638.7000,0.05,2697921561.2
17,2024-12-11,2025-01-09,1406,21,1575,0,20.0098,2.807236,3.555390,3618.2000,0.05,796813952.1
17,2024-12-11,2025-01-09,1415,21,1575,0,15.5722,1.587988,2.855365,3402.3500,0.05,3583910561.2
17,2024-12-11,2025-01-09,1420,21,1575,0,15.7531,2.269917,3.074958,3387.1000,0.05,680102335.2
17,2024-12-11,2025-01-09,1426,21,1575,0,20.3903,0.000000,3.522283,4676.3000,0.05,3334716621.175
17,2024-12-11,2025-01-09,1438,21,1575,0,17.3004,0.349002,3.146013,2439.7000,0.05,1850409157.4499998
17,2024-12-11,2025-01-09,1451,21,1575,0,13.7674,1.719015,2.826726,11325.0000,0.05,3309128889.45
17,2024-12-11,2025-01-09,1455,21,1575,0,19.8976,3.721449,3.341704,112.8300,0.01,1792447584.6
17,2024-12-11,2025-01-09,1461,21,1575,0,17.1577,2.772375,3.084099,522.4500,0.05,1371201694.275
17,2024-12-11,2025-01-09,1480,21,1575,0,18.9817,2.663972,3.097721,631.0000,0.05,2781015477.5
17,2024-12-11,2025-01-09,1481,21,1575,0,18.8640,2.282975,3.558194,232.4000,0.05,4550335928.55
17,2024-12-11,2025-01-09,1510,21,1575,0,19.3897,3.492679,3.279106,1765.3500,0.05,1855802835.575
17,2024-12-11,2025-01-09,1532,21,1575,0,15.2015,2.254333,3.096690,292.2500,0.05,3309484277.8999996
17,2024-12-11,2025-01-09,1539,21,1575,0,14.6869,2.698157,3.564309,19.9000,0.01,3952079114.0
17,2024-12-11,2025-01-09,9424,21,1575,3,19.8690,0.000000,2.983332,3576.4000,0.05,1794609642.9
17,2024-12-11,2025-01-09,9486,21,1575,0,17.7400,0.543566,3.545492,104.7500,0.01,2476249686.48
17,2024-12-11,2025-01-09,9621,21,1575,0,15.8967,1.940726,3.010404,305.6000,0.05,5766073051.5
17,2024-12-11,2025-01-09,9674,21,1575,0,15.6329,1.533862,3.076070,977.6000,0.05,1273721712.1
17,2024-12-11,2025-01-09,9752,21,1575,0,27.2591,0.000000,4.829063,984.9500,0.05,3234002527.25
17,2024-12-11,2025-01-09,9754,21,1575,0,23.7202,0.000000,3.664427,150.9000,0.01,5983231092.15
17,2024-12-11,2025-01-09,9882,21,1575,0,18.2655,2.165331,3.547424,328.5500,0.05,3636284029.575
17,2024-12-11,2025-01-09,9891,21,1575,0,24.3542,2.974136,4.812303,797.9500,0.05,2100973040.575
17,2024-12-11,2025-01-09,9894,21,1575,0,13.6259,2.499562,2.527499,439.2000,0.05,2466492368.125
17,2024-12-11,2025-01-09,9936,21,1575,0,24.3376,4.167965,4.632420,2865.0500,0.05,884656711.1
17,2024-12-11,2025-01-09,9973,21,1575,0,16.5852,0.000000,2.925855,1890.0000,0.05,2488681253.3999996
17,2024-12-11,2025-01-09,9983,21,1575,0,17.4120,0.000000,3.242496,594.9000,0.05,942751831.7
17,2024-12-11,2025-01-09,10038,21,1575,0,22.5510,4.106148,4.079262,350.6500,0.05,724603300.2
17,2024-12-11,2025-01-09,10052,21,1575,0,28.5439,2.770962,5.384889,7187.4500,0.05,832003875.975
17,2024-12-11,2025-01-09,10071,21,1575,0,20.6863,4.003945,3.965147,168.5500,0.01,1010773687.865
17,2024-12-11,2025-01-09,10188,21,1575,0,25.1506,0.000000,4.291633,1406.3500,0.05,1143263703.8
17,2024-12-11,2025-01-09,10361,21,1575,0,19.2396,3.399776,3.836962,140.3800,0.01,1014031188.18
17,2024-12-11,2025-01-09,10399,21,1575,0,17.6846,3.241458,3.055568,1576.7000,0.05,955200189.7
17,2024-12-11,2025-01-09,10431,21,1575,0,26.6154,1.811233,4.233128,743.5000,0.05,1086669020.675
17,2024-12-11,2025-01-09,10587,21,1575,0,29.3765,0.000000,5.140980,216.5400,0.01,3419526984.05
17,2024-12-11,2025-01-09,10627,21,1575,0,24.3068,5.538943,4.674873,1047.6000,0.05,592937723.65
17,2024-12-11,2025-01-09,10840,21,1575,3,21.2427,4.463919,3.526271,600.3000,0.05,858179476.7
17,2024-12-11,2025-01-09,11084,21,1575,0,18.0084,0.918541,3.266538,587.1000,0.05,3331644379.45
17,2024-12-11,2025-01-09,11452,21,1575,0,27.8669,3.245077,4.275586,2112.4500,0.05,1601417931.225
17,2024-12-11,2025-01-09,11457,21,1575,0,25.6734,1.647393,4.834230,292.7000,0.05,1528220933.4
17,2024-12-11,2025-01-09,11480,21,1575,0,21.0371,3.837371,3.761570,1165.3500,0.05,1481247992.8
17,2024-12-11,2025-01-09,11777,21,1575,0,22.2753,2.543142,3.742600,1010.7000,0.05,1008302167.3
18,2025-01-10,2025-02-06,15,21,1575,0,28.9890,0.000000,4.936146,6129.0000,0.05,2180133273.375
18,2025-01-10,2025-02-06,17,21,1575,0,24.4236,3.373164,4.402067,173.4300,0.01,950919397.01
18,2025-01-10,2025-02-06,24,21,1575,0,22.8993,1.790321,4.207309,2258.7000,0.05,4390399183.5
18,2025-01-10,2025-02-06,26,21,1575,2,30.7237,5.101877,5.689644,1002.7000,0.05,1596541989.6
18,2025-01-10,2025-02-06,27,21,1575,0,27.4578,0.000000,4.569031,1106.3500,0.05,3689365025.7
18,2025-01-10,2025-02-06,28,21,1575,0,33.7782,3.138208,6.219038,102.7000,0.01,2256628931.55
18,2025-01-10,2025-02-06,58,21,1575,0,18.3344,3.654459,3.822642,5150.8500,0.05,900302011.3
18,2025-01-10,2025-02-06,68,21,1575,0,43.0165,1.705160,7.491953,6805.0000,0.05,752836278.875
18,2025-01-10,2025-02-06,70,21,1575,0,25.0743,2.241244,4.363598,522.5000,0.05,1523881436.8
18,2025-01-10,2025-02-06,90,21,1575,0,16.0931,3.188550,3.235529,6815.7000,0.05,2366236180.275
18,2025-01-10,2025-02-06,118,21,1575,0,20.8928,4.555934,4.082218,103.7500,0.01,2206911516.0
18,2025-01-10,2025-02-06,120,21,1575,0,18.8660,0.000000,3.256309,2268.0500,0.05,3189497614.5
18,2025-01-10,2025-02-06,125,21,1575,0,20.6865,1.831818,3.538552,1491.0000,0.05,940735758.05
18,2025-01-10,2025-02-06,133,21,1575,0,25.2346,4.416405,4.185857,595.3000,0.05,1525360328.8
18,2025-01-10,2025-02-06,135,21,1575,0,20.9505,0.621734,3.741328,1172.3000,0.05,1609483271.125
18,2025-01-10,2025-02-06,143,21,1575,0,15.3197,2.433545,3.119818,989.3500,0.05,9740934396.35
18,2025-01-10,2025-02-06,150,21,1575,0,16.2424,0.000000,3.027031,8402.0000,0.05,3563723943.55
18,2025-01-10,2025-02-06,153,21,1575,0,23.1634,2.179636,3.927220,1732.5500,0.05,2192171922.5
18,2025-01-10,2025-02-06,156,21,1575,9,19.4657,2.378950,3.944159,744.0000,0.05,6991571236.875
18,2025-01-10,2025-02-06,168,21,1575,0,20.8181,0.000000,3.872234,150.4200,0.01,2084754404.9250002
18,2025-01-10,2025-02-06,170,21,1575,0,19.9137,2.438189,3.789704,209.2000,0.01,3704036913.3
18,2025-01-10,2025-02-06,182,21,1575,0,40.7166,4.980439,7.105865,1218.5000,0.05,1285766819.3
18,2025-01-10,2025-02-06,185,21,1575,0,26.3294,2.881098,4.839254,274.2500,0.05,5625483312.4
18,2025-01-10,2025-02-06,196,21,1575,0,22.4516,0.000000,3.795112,1201.5000,0.05,1431103315.675
18,2025-01-10,2025-02-06,200,21,1575,0,15.1633,0.287940,3.023854,1627.7000,0.05,7539586049.875
18,2025-01-10,2025-02-06,201,21,1575,0,29.7214,1.498735,5.255985,204.7200,0.01,4698082038.674999
18,2025-01-10,2025-02-06,206,21,1575,0,26.2697,0.000000,4.677115,380.4000,0.05,1439641396.425
18,2025-01-10,2025-02-06,217,21,1575,0,33.6038,6.273064,6.428285,1892.9500,0.05,518772429.5
18,2025-01-10,2025-02-06,220,21,1575,0,17.4390,2.952552,3.282780,30409.3500,0.05,957447318.475
18,2025-01-10,2025-02-06,221,21,1575,0,20.5179,1.308741,3.897292,253.5000,0.05,3867346973.2250004
18,2025-01-10,2025-02-06,225,21,1575,0,18.2140,0.000000,3.228051,4969.5500,0.05,1568320391.0500002
18,2025-01-10,2025-02-06,228,21,1575,0,30.8318,2.840934,5.274294,1856.0000,0.05,2885674606.5249996
18,2025-01-10,2025-02-06,239,21,1575,0,22.2904,0.657329,3.982759,88.4000,0.01,3032673482.825
18,2025-01-10,2025-02-06,252,21,1575,0,30.9011,5.399810,5.079329,1491.6000,0.05,3346187261.55
18,2025-01-10,2025-02-06,267,21,1575,2,36.0139,1.850844,5.440931,623.0000,0.05,1505840935.35
18,2025-01-10,2025-02-06,273,21,1575,0,25.6714,0.000000,4.387943,1257.5000,0.05,1809381545.85
18,2025-01-10,2025-02-06,279,21,1575,0,22.3099,3.493078,3.183242,1443.1000,0.05,2347007790.375
18,2025-01-10,2025-02-06,283,21,1575,0,17.8571,0.000000,3.534980,369.3000,0.05,3977047318.7
18,2025-01-10,2025-02-06,285,21,1575,0,21.1973,2.019017,3.816722,2730.2500,0.05,1078607598.6
18,2025-01-10,2025-02-06,288,21,1575,0,22.0545,2.705324,3.596743,599.2000,0.05,1466871677.275
18,2025-01-10,2025-02-06,302,21,1575,0,22.2576,2.659507,3.823267,356.1500,0.05,937039859.85
18,2025-01-10,2025-02-06,306,21,1575,0,27.0766,2.591907,4.543734,2903.4500,0.05,1760156880.5
18,2025-01-10,2025-02-06,311,21,1575,0,18.9523,3.348374,3.375825,524.1000,0.05,1169868010.65
18,2025-01-10,2025-02-06,345,21,1575,0,20.3578,0.000000,3.683851,5819.5000,0.05,2140112791.9499998
18,2025-01-10,2025-02-06,346,21,1575,0,35.0690,3.137373,5.685395,15244.4000,0.05,4634850839.625
18,2025-01-10,2025-02-06,347,21,1575,0,23.3139,0.000000,3.808611,745.1000,0.05,2941920870.5
18,2025-01-10,2025-02-06,356,21,1575,0,15.6829,0.000000,3.293830,1240.8000,0.05,2344416536.525
18,2025-01-10,2025-02-06,368,21,1575,0,18.3706,2.812272,3.518055,5132.3500,0.05,2337189566.8500004
18,2025-01-10,2025-02-06,409,21,1575,0,19.6427,2.309272,3.866357,187.9000,0.01,1865399999.33
18,2025-01-10,2025-02-06,423,21,1575,0,24.4533,0.000000,4.527582,643.3500,0.05,668476919.15
18,2025-01-10,2025-02-06,430,21,1575,0,21.2807,2.043699,4.059853,165.5800,0.01,3276387067.8
18,2025-01-10,2025-02-06,465,21,1575,0,21.7353,0.529805,3.945622,1468.0500,0.05,940226513.575
18,2025-01-10,2025-02-06,479,21,1575,0,19.7866,0.000000,3.704877,1138.0000,0.05,1232718961.0500002
18,2025-01-10,2025-02-06,481,21,1575,0,28.2688,0.000000,4.934316,2309.0500,0.05,1725477262.675
18,2025-01-10,2025-02-06,496,21,1575,0,16.6815,2.584440,3.467665,2438.5500,0.05,1677004868.75
18,2025-01-10,2025-02-06,524,21,1575,0,27.2559,2.598911,4.664222,3845.7500,0.05,6655607412.875
18,2025-01-10,2025-02-06,529,21,1575,0,22.3247,2.130259,4.065638,1565.5500,0.05,1525236964.2
18,2025-01-10,2025-02-06,534,21,1575,0,15.8007,0.000000,3.507037,1777.4500,0.05,4495227779.075
18,2025-01-10,2025-02-06,536,21,1575,0,24.6902,3.190870,4.085784,1880.4000,0.05,1726598517.3
18,2025-01-10,2025-02-06,537,21,1575,0,12.3010,1.293748,2.561707,832.1000,0.05,26640531725.7
18,2025-01-10,2025-02-06,538,21,1575,1,24.0363,0.000000,3.617040,622.1500,0.05,2439626445.3
18,2025-01-10,2025-02-06,546,21,1575,0,18.6338,0.000000,3.226003,4001.9000,0.05,3139463033.5
18,2025-01-10,2025-02-06,556,21,1575,0,17.7940,2.427422,3.392346,592.9500,0.05,3899786543.825
18,2025-01-10,2025-02-06,562,21,1575,0,23.9276,0.000000,4.386430,331.2000,0.05,3192139762.3
18,2025-01-10,2025-02-06,563,21,1575,0,16.8642,1.313414,2.977806,2389.9500,0.05,4248061470.5
18,2025-01-10,2025-02-06,564,21,1575,0,22.9608,0.000000,4.402269,447.8000,0.05,635316756.0
18,2025-01-10,2025-02-06,590,21,1575,0,12.9227,1.680492,2.766959,1242.1500,0.05,15023110593.725
18,2025-01-10,2025-02-06,593,21,1575,0,22.8283,2.439698,3.748159,1857.2000,0.05,1109585729.725
18,2025-01-10,2025-02-06,603,21,1575,0,26.1415,0.000000,3.874708,610.2500,0.05,880730392.3
18,2025-01-10,2025-02-06,609,21,1575,12,39.7311,2.703716,6.950200,9.0400,0.01,5509906133.16
18,2025-01-10,2025-02-06,611,21,1575,0,20.8267,1.785723,3.910168,62.3600,0.01,2306361632.9
18,2025-01-10,2025-02-06,612,21,1575,0,23.4267,0.914890,4.160112,171.0000,0.01,1538066419.15
18,2025-01-10,2025-02-06,627,21,1575,0,23.4441,0.000000,3.902179,781.4500,0.05,1993830673.25
18,2025-01-10,2025-02-06,631,21,1575,0,26.8472,3.666509,4.302754,499.9500,0.05,875955372.7750001
18,2025-01-10,2025-02-06,634,21,1575,0,20.0757,2.013294,3.410298,4196.9500,0.05,3384231232.475
18,2025-01-10,2025-02-06,647,21,1575,0,21.1923,1.726771,3.918813,967.1000,0.05,4828568328.85
18,2025-01-10,2025-02-06,653,21,1575,0,14.8277,1.580303,3.028696,1836.3000,0.05,10194781153.1
18,2025-01-10,2025-02-06,656,21,1575,4,45.6339,0.000000,7.616952,158.8600,0.01,996601804.04
18,2025-01-10,2025-02-06,663,21,1575,0,18.1410,2.393334,3.492648,120.8200,0.01,3260328885.05
18,2025-01-10,2025-02-06,672,21,1575,0,16.5482,0.000000,3.103776,419.8000,0.05,5736733626.4
18,2025-01-10,2025-02-06,698,21,1575,1,28.0382,2.060528,4.227924,884.9000,0.05,1682635440.625
18,2025-01-10,2025-02-06,720,21,1575,0,30.1081,5.947041,5.103610,537.6500,0.05,1720367163.1750002
18,2025-01-10,2025-02-06,722,21,1575,0,17.4481,2.874845,3.279988,923.6000,0.05,1693601394.25
18,2025-01-10,2025-02-06,725,21,1575,0,25.1624,2.214222,4.245899,695.2000,0.05,1221957840.825
18,2025-01-10,2025-02-06,750,21,1575,0,29.3415,3.468589,4.897678,4022.5000,0.05,932639278.5
18,2025-01-10,2025-02-06,771,21,1575,1,14.2289,1.954252,3.113759,378.9000,0.05,7702627912.775
18,2025-01-10,2025-02-06,780,21,1575,0,31.4327,0.000000,4.645015,1342.5000,0.05,1399273037.0749998
18,2025-01-10,2025-02-06,798,21,1575,4,34.3707,1.062924,5.101274,579.7500,0.05,824788248.525
18,2025-01-10,2025-02-06,805,21,1575,0,23.3347,1.189553,3.781918,568.0000,0.05,1367806015.1750002
18,2025-01-10,2025-02-06,818,21,1575,0,18.4856,0.000000,3.136531,3487.1000,0.05,7538130778.049999
18,2025-01-10,2025-02-06,823,21,1575,0,20.2337,0.000000,3.777610,2109.9500,0.05,1929272738.25
18,2025-01-10,2025-02-06,827,21,1575,0,19.5521,0.715198,3.915816,2972.0000,0.05,6992062355.85
18,2025-01-10,2025-02-06,853,21,1575,0,28.1243,4.394824,4.988257,195.0000,0.01,1306164880.8400002
18,2025-01-10,2025-02-06,863,21,1575,0,22.5433,4.101495,3.760693,667.4500,0.05,1054063484.4749999
18,2025-01-10,2025-02-06,865,21,1575,0,16.8575,3.129636,3.112018,12037.0500,0.05,5525224939.1
18,2025-01-10,2025-02-06,878,21,1575,5,27.1933,4.210197,5.397851,1143.0000,0.05,2046458182.8000002
18,2025-01-10,2025-02-06,886,21,1575,0,28.9124,1.321131,4.668629,1069.6500,0.05,853171804.575
18,2025-01-10,2025-02-06,908,21,1575,0,42.4094,0.000000,7.569331,715.2000,0.05,710840799.9
18,2025-01-10,2025-02-06,910,21,1575,0,23.8419,2.905860,4.212873,2706.0000,0.05,1352793574.0
18,2025-01-10,2025-02-06,925,21,1575,0,20.0649,0.000000,3.592835,2177.2000,0.05,847133261.925
18,2025-01-10,2025-02-06,938,21,1575,0,26.3343,0.000000,4.233900,194.7200,0.01,3222000236.44
18,2025-01-10,2025-02-06,939,21,1575,1,23.4173,3.679813,4.363742,1520.0000,0.05,1576224726.525
18,2025-01-10,2025-02-06,943,21,1575,0,32.5411,0.000000,5.544901,91.6700,0.01,1812368749.57
18,2025-01-10,2025-02-06,956,21,1575,1,17.4894,0.000000,2.991371,1107.5000,0.05,1982302518.8249998
18,2025-01-10,2025-02-06,970,21,1575,0,22.7808,0.000000,4.047054,77.8700,0.01,3963661110.5
18,2025-01-10,2025-02-06,982,21,1575,0,25.1247,3.335798,4.637798,61.1100,0.01,2785365475.7200003
18,2025-01-10,2025-02-06,990,21,1575,0,20.0478,0.000000,3.795658,321.3500,0.05,5206417347.025
18,2025-01-10,2025-02-06,994,21,1575,0,29.1192,1.756207,4.884718,1824.7000,0.05,1345601615.65
18,2025-01-10,2025-02-06,996,21,1575,0,30.8284,5.021248,5.363052,9052.0000,0.05,2032226360.05
18,2025-01-10,2025-02-06,997,21,1575,0,25.4871,0.000000,4.148015,432.0500,0.05,2554077581.1499996
18,2025-01-10,2025-02-06,1007,21,1575,0,18.2235,0.000000,3.474941,247.5500,0.05,4431026259.55
18,2025-01-10,2025-02-06,1028,21,1575,0,22.5977,1.173441,3.832931,46039.4000,0.05,902818985.9
18,2025-01-10,2025-02-06,1049,21,1575,0,27.4005,1.563391,5.187012,6094.9000,0.05,1962129247.35
18,2025-01-10,2025-02-06,1050,21,1575,0,19.8452,2.778688,3.682395,309.6000,0.05,1245487804.1
18,2025-01-10,2025-02-06,1051,21,1575,0,26.1138,2.921703,4.848223,413.0500,0.05,5141450673.175
18,2025-01-10,2025-02-06,1055,21,1575,0,54.9342,0.000000,9.453643,802.0000,0.05,470917034.85
18,2025-01-10,2025-02-06,1060,21,1575,0,30.9209,2.964269,5.747244,1613.5000,0.05,1216557914.425
18,2025-01-10,2025-02-06,1061,21,1575,0,16.7190,2.346028,3.467316,1435.2000,0.05,963538593.5
18,2025-01-10,2025-02-06,1062,21,1575,0,19.7402,3.114327,3.936998,3501.0000,0.05,1103330993.075
18,2025-01-10,2025-02-06,1068,21,1575,0,21.3788,2.673305,4.223696,93.4600,0.01,3950172211.4700003
18,2025-01-10,2025-02-06,1070,21,1575,0,34.1430,0.000000,5.312357,875.4000,0.05,824593879.2
18,2025-01-10,2025-02-06,1076,21,1575,0,29.2263,1.082839,4.642848,6085.1000,0.05,2251144071.875
18,2025-01-10,2025-02-06,1080,21,1575,0,23.2216,6.030862,3.769576,295.8500,0.05,4409640782.5
18,2025-01-10,2025-02-06,1095,21,1575,0,30.9604,1.776234,5.466824,1410.9500,0.05,1368484328.875
18,2025-01-10,2025-02-06,1132,21,1575,0,27.8170,0.000000,4.908682,156.9000,0.01,1533671591.8
18,2025-01-10,2025-02-06,1135,21,1575,0,29.4800,0.000000,5.191615,453.8000,0.05,5176419350.6
18,2025-01-10,2025-02-06,1140,21,1575,0,12.6133,0.000000,2.445051,1257.4500,0.05,16087458004.3
18,2025-01-10,2025-02-06,1173,21,1575,0,39.2224,2.273852,6.477421,406.9500,0.05,4318809538.0
18,2025-01-10,2025-02-06,1179,21,1575,0,23.6388,3.259696,4.393723,106.7500,0.01,3536564325.775
18,2025-01-10,2025-02-06,1206,21,1575,0,21.7255,3.749992,4.012519,760.3000,0.05,888081225.175
18,2025-01-10,2025-02-06,1208,21,1575,0,22.4456,0.000000,3.555655,1470.0000,0.05,2027225058.0
18,2025-01-10,2025-02-06,1209,21,1575,0,15.9565,0.000000,3.107483,758.1000,0.05,11750485507.65
18,2025-01-10,2025-02-06,1250,21,1575,2,21.7387,4.420978,3.511527,25729.8500,0.05,833676741.5
18,2025-01-10,2025-02-06,1261,21,1575,0,25.6819,1.809210,4.624178,4468.8500,0.05,1954931015.45
18,2025-01-10,2025-02-06,1305,21,1575,0,23.9223,2.771348,4.484556,2602.7500,0.05,1020500423.2
18,2025-01-10,2025-02-06,1334,21,1575,0,17.4189,1.315765,3.437762,1759.4000,0.05,3153273201.175
18,2025-01-10,2025-02-06,1341,21,1575,0,30.1392,1.377244,4.445550,3980.4500,0.05,673823795.4
18,2025-01-10,2025-02-06,1349,21,1575,264,30.3724,0.000000,4.822624,56.1800,0.01,3539095024.8
18,2025-01-10,2025-02-06,1366,21,1575,0,19.6311,2.652687,3.776444,971.5500,0.05,1612861459.65
18,2025-01-10,2025-02-06,1367,21,1575,0,17.1504,3.210016,3.189320,6189.9500,0.05,849552768.075
18,2025-01-10,2025-02-06,1372,21,1575,0,22.3402,3.308094,3.974184,360.7000,0.05,4998914256.9
18,2025-01-10,2025-02-06,1373,21,1575,0,17.6351,0.000000,3.376106,127.1800,0.01,5989659451.415
18,2025-01-10,2025-02-06,1383,21,1575,0,12.8180,1.645114,2.672748,4103.4500,0.05,8409744123.45
18,2025-01-10,2025-02-06,1386,21,1575,0,18.4447,2.593379,3.624802,1597.8000,0.05,2674853814.65
18,2025-01-10,2025-02-06,1406,21,1575,0,27.1751,0.000000,4.453294,3284.1500,0.05,785329791.7
18,2025-01-10,2025-02-06,1415,21,1575,0,22.9381,3.142431,3.564887,3389.7000,0.05,3656140000.5
18,2025-01-10,2025-02-06,1420,21,1575,0,17.3611,2.571579,3.763570,3214.8500,0.05,684272276.0999999
18,2025-01-10,2025-02-06,1426,21,1575,0,31.8757,4.159857,4.989096,3858.2000,0.05,3752497838.675
18,2025-01-10,2025-02-06,1438,21,1575,0,26.8022,4.913974,4.008437,2300.4000,0.05,1807166532.025
18,2025-01-10,2025-02-06,1451,21,1575,0,21.1857,0.000000,3.563766,10890.0000,0.05,3205295411.5
18,2025-01-10,2025-02-06,1455,21,1575,0,21.8058,1.846678,3.924079,103.3500,0.01,1698609133.35
18,2025-01-10,2025-02-06,1461,21,1575,0,23.0968,0.000000,3.922076,551.1000,0.05,1309882383.65
18,2025-01-10,2025-02-06,1480,21,1575,0,22.6039,2.717274,3.685425,551.6500,0.05,2786005917.3
18,2025-01-10,2025-02-06,1481,21,1575,0,21.6313,0.000000,4.024692,221.2000,0.01,4678349278.925
18,2025-01-10,2025-02-06,1510,21,1575,1,40.5782,11.263061,5.269817,1469.2000,0.05,1855802835.575
18,2025-01-10,2025-02-06,1532,21,1575,0,17.7743,1.984879,3.304000,297.2500,0.05,3176483091.175
18,2025-01-10,2025-02-06,1539,21,1575,0,20.2083,3.329993,4.367567,18.5500,0.01,3406912900.495
18,2025-01-10,2025-02-06,9424,21,1575,2,22.1746,2.234860,3.710530,3601.7500,0.05,1954679120.75
18,2025-01-10,2025-02-06,9486,21,1575,0,21.7932,0.000000,4.037687,94.8200,0.01,2426672825.6000004
18,2025-01-10,2025-02-06,9621,21,1575,0,23.0103,1.703566,3.653003,252.9500,0.05,5779452709.4
18,2025-01-10,2025-02-06,9674,21,1575,0,18.5960,0.000000,3.375167,976.2500,0.05,1270957324.225
18,2025-01-10,2025-02-06,9752,21,1575,0,39.6622,2.466397,6.426216,808.6000,0.05,3599986218.425
18,2025-01-10,2025-02-06,9754,21,1575,0,26.7339,2.296806,4.760204,138.9800,0.01,5308088708.53
18,2025-01-10,2025-02-06,9882,21,1575,0,26.8750,0.000000,4.604359,340.9000,0.05,3498415747.8
18,2025-01-10,2025-02-06,9891,21,1575,2,29.0762,2.529045,5.214075,767.1500,0.05,1884715919.325
18,2025-01-10,2025-02-06,9894,21,1575,0,16.7025,2.040992,2.986002,407.3500,0.05,2196998612.3
18,2025-01-10,2025-02-06,9936,21,1575,0,26.3001,3.149700,5.138540,2539.2500,0.05,902380939.175
18,2025-01-10,2025-02-06,9973,21,1575,4,23.4499,0.000000,4.377511,1718.5000,0.05,2577679757.175
18,2025-01-10,2025-02-06,9983,21,1575,0,25.6156,4.095411,4.594572,531.6500,0.05,932297959.425
18,2025-01-10,2025-02-06,10038,21,1575,0,26.0951,2.817019,4.122427,323.8500,0.05,724603300.2
18,2025-01-10,2025-02-06,10052,21,1575,0,50.1544,0.000000,8.237757,5436.4000,0.05,1050880250.6
18,2025-01-10,2025-02-06,10071,21,1575,0,25.1990,2.324173,4.378299,169.5500,0.01,1035853980.005
18,2025-01-10,2025-02-06,10188,21,1575,0,32.5023,4.583715,5.652746,1164.0500,0.05,1195836109.425
18,2025-01-10,2025-02-06,10361,21,1575,0,25.1105,2.708011,4.595968,143.1600,0.01,968713593.96
18,2025-01-10,2025-02-06,10399,21,1575,0,22.8502,0.000000,3.493552,1437.1500,0.05,946206558.375
18,2025-01-10,2025-02-06,10431,21,1575,4,50.0620,0.000000,8.528050,507.9000,0.05,1562155461.075
18,2025-01-10,2025-02-06,10587,21,1575,0,29.1177,0.000000,5.083546,198.2600,0.01,3315482006.3
18,2025-01-10,2025-02-06,10627,21,1575,0,32.6747,6.242167,5.776646,993.2500,0.05,592937723.65
18,2025-01-10,2025-02-06,10694,21,1575,0,45.4875,4.146665,7.634108,1143.9500,0.05,461171870.7
18,2025-01-10,2025-02-06,10840,21,1575,2,25.3089,4.272640,5.169666,607.5000,0.05,833530009.85
18,2025-01-10,2025-02-06,11452,21,1575,0,33.8155,0.185364,5.430789,1704.1000,0.05,1810708337.1
18,2025-01-10,2025-02-06,11457,21,1575,0,35.9910,5.534901,6.780127,241.9000,0.05,1691379555.9
18,2025-01-10,2025-02-06,11480,21,1575,0,26.6335,0.000000,4.407816,1068.1500,0.05,1649779996.05
18,2025-01-10,2025-02-06,11705,21,1575,0,40.3641,0.000000,7.188501,2269.2000,0.05,5978044135.75
18,2025-01-10,2025-02-06,11777,21,1575,0,32.3174,0.000000,4.733171,808.7000,0.05,1091052413.15
19,2025-02-07,2025-03-10,15,21,1575,0,25.5007,4.180145,5.067285,5287.1000,0.05,2268744349.95
19,2025-02-07,2025-03-10,17,21,1575,0,24.1903,3.150907,4.657393,156.8200,0.01,887981563.65
19,2025-02-07,2025-03-10,24,21,1575,0,22.5981,1.636633,4.226634,2127.6000,0.05,3885240897.3
19,2025-02-07,2025-03-10,26,21,1575,0,32.1355,4.761856,6.363004,854.5500,0.05,1658867427.15
19,2025-02-07,2025-03-10,27,21,1575,0,22.6016,4.023873,4.406767,1088.5500,0.05,3534689301.9
19,2025-02-07,2025-03-10,28,21,1575,0,29.3011,3.487713,5.527283,98.3000,0.01,2259137689.1
19,2025-02-07,2025-03-10,58,21,1575,0,22.0826,5.821922,4.211652,4683.3000,0.05,876229383.325
19,2025-02-07,2025-03-10,68,21,1575,0,40.1700,0.000000,6.787228,5947.4500,0.05,854319735.0250001
19,2025-02-07,2025-03-10,70,21,1575,0,21.7259,3.181814,4.134011,484.4500,0.05,1507975648.75
19,2025-02-07,2025-03-10,87,21,1575,0,24.1504,2.382694,4.321823,1425.8000,0.05,727445269.825
19,2025-02-07,2025-03-10,90,21,1575,0,14.4994,1.857187,3.211559,6272.7000,0.05,2366236180.275
19,2025-02-07,2025-03-10,118,21,1575,0,24.6652,4.614255,4.139684,107.3000,0.01,2112208092.53
19,2025-02-07,2025-03-10,120,21,1575,0,13.2819,1.821680,2.725110,2240.5000,0.05,3107025050.9
19,2025-02-07,2025-03-10,125,21,1575,0,21.0296,3.856772,4.282929,1369.9000,0.05,920616165.55
19,2025-02-07,2025-03-10,133,21,1575,0,21.4371,2.689759,4.195601,547.9500,0.05,1510459830.15
19,2025-02-07,2025-03-10,135,21,1575,0,22.3307,0.000000,4.152904,1113.2000,0.05,1473651508.3000002
19,2025-02-07,2025-03-10,143,21,1575,0,13.3316,0.549877,2.535767,1010.7000,0.05,9758348816.35
19,2025-02-07,2025-03-10,150,21,1575,0,14.8621,2.285188,2.814862,8232.0000,0.05,3563723943.55
19,2025-02-07,2025-03-10,153,21,1575,0,17.4317,2.346903,3.344381,1849.5500,0.05,2213657971.8
19,2025-02-07,2025-03-10,156,21,1575,3,16.4799,2.666574,3.464432,842.0000,0.05,6910921304.075001
19,2025-02-07,2025-03-10,168,21,1575,0,23.9704,3.306842,4.597670,140.6900,0.01,1924675964.59
19,2025-02-07,2025-03-10,170,21,1575,0,19.5901,2.752855,3.676843,194.0000,0.01,3466606245.45
19,2025-02-07,2025-03-10,182,21,1575,0,40.7889,5.970477,7.167796,1059.7000,0.05,1351918168.0500002
19,2025-02-07,2025-03-10,185,21,1575,0,23.7988,2.957072,4.441980,258.0000,0.05,5761096806.799999
19,2025-02-07,2025-03-10,196,21,1575,0,22.2381,3.852848,4.063842,1073.1000,0.05,1455719417.3
19,2025-02-07,2025-03-10,200,21,1575,0,13.0598,2.019209,2.557164,1643.9000,0.05,7569010504.425
19,2025-02-07,2025-03-10,201,21,1575,0,27.7192,2.868022,5.073230,195.1400,0.01,4450746183.425
19,2025-02-07,2025-03-10,206,21,1575,0,24.9312,4.131507,4.736761,334.1500,0.05,1454887392.7
19,2025-02-07,2025-03-10,217,21,1575,0,32.4631,5.781771,6.174660,1941.4500,0.05,560523796.7
19,2025-02-07,2025-03-10,220,21,1575,0,16.7267,4.198025,3.358116,27076.5000,0.05,953874360.95
19,2025-02-07,2025-03-10,221,21,1575,0,19.4310,4.519248,3.615275,241.5500,0.05,3735034086.8
19,2025-02-07,2025-03-10,225,21,1575,0,16.4866,3.403950,3.179122,4815.0500,0.05,1601161744.55
19,2025-02-07,2025-03-10,228,21,1575,0,36.5255,0.000000,6.436226,1734.0000,0.05,3727188941.3
19,2025-02-07,2025-03-10,239,21,1575,0,19.8451,2.192579,3.760238,79.9000,0.01,2922295641.71
19,2025-02-07,2025-03-10,252,21,1575,0,27.4757,3.985721,5.703801,1204.4000,0.05,3705942055.825
19,2025-02-07,2025-03-10,267,21,1575,0,30.8754,0.920436,5.308301,587.9500,0.05,1636040329.55
19,2025-02-07,2025-03-10,273,21,1575,0,23.4452,2.813367,4.324234,1385.9500,0.05,1795307294.1
19,2025-02-07,2025-03-10,279,21,1575,0,14.9820,2.352963,2.943047,1461.5000,0.05,2331339152.35
19,2025-02-07,2025-03-10,283,21,1575,0,18.1259,2.332952,3.405892,354.5000,0.05,3866162847.75
19,2025-02-07,2025-03-10,285,21,1575,0,17.1135,3.404542,3.676478,2473.1000,0.05,1099125446.5500002
19,2025-02-07,2025-03-10,288,21,1575,0,21.6102,1.754563,3.932953,542.8000,0.05,1404952916.3
19,2025-02-07,2025-03-10,302,21,1575,0,24.7932,2.846832,4.610479,332.5000,0.05,910776064.825
19,2025-02-07,2025-03-10,306,21,1575,0,25.7151,4.244649,4.856696,2812.0500,0.05,1770606910.0
19,2025-02-07,2025-03-10,311,21,1575,0,13.6021,3.219843,2.993011,507.2000,0.05,1223872286.6
19,2025-02-07,2025-03-10,345,21,1575,0,17.7728,0.000000,3.324705,5783.9000,0.05,2250762136.075
19,2025-02-07,2025-03-10,346,21,1575,0,27.7435,0.000000,4.893165,14161.7000,0.05,5002107993.7
19,2025-02-07,2025-03-10,347,21,1575,0,24.3471,4.218547,4.648238,671.1000,0.05,2838632240.175
19,2025-02-07,2025-03-10,356,21,1575,0,16.0764,3.405449,3.318679,1164.4500,0.05,2339786008.125
19,2025-02-07,2025-03-10,368,21,1575,0,17.6773,3.771834,3.243330,4930.0000,0.05,2337189566.8500004
19,2025-02-07,2025-03-10,409,21,1575,0,17.6692,0.000000,3.197298,181.0200,0.01,1835624708.1
19,2025-02-07,2025-03-10,423,21,1575,0,26.3058,0.000000,4.476652,613.9500,0.05,714148020.375
19,2025-02-07,2025-03-10,430,21,1575,0,21.2790,4.669883,4.286470,156.2400,0.01,3073437834.435
19,2025-02-07,2025-03-10,465,21,1575,0,25.7483,2.545020,4.473710,1373.4000,0.05,928683909.35
19,2025-02-07,2025-03-10,479,21,1575,0,18.0531,3.592421,3.485733,1048.0500,0.05,1232718961.0500002
19,2025-02-07,2025-03-10,481,21,1575,0,29.2810,2.753369,5.645500,2012.2000,0.05,1743977815.25
19,2025-02-07,2025-03-10,496,21,1575,0,17.0613,3.123191,3.340315,2422.4500,0.05,1636159027.8000002
19,2025-02-07,2025-03-10,524,21,1575,0,26.3792,3.471450,5.010529,3414.0000,0.05,7143389699.425
19,2025-02-07,2025-03-10,529,21,1575,0,22.0594,2.941241,4.145482,1510.0500,0.05,1548554014.8
19,2025-02-07,2025-03-10,534,21,1575,0,14.0232,0.648006,2.802229,1693.2000,0.05,4542803116.125
19,2025-02-07,2025-03-10,536,21,1575,0,20.9859,2.326999,4.170454,1808.4000,0.05,1696305457.0
19,2025-02-07,2025-03-10,537,21,1575,0,10.5258,1.695250,2.235403,849.9000,0.05,25500563896.275
19,2025-02-07,2025-03-10,538,21,1575,0,15.9240,2.351816,3.103906,620.8000,0.05,2385460684.05
19,2025-02-07,2025-03-10,546,21,1575,0,16.4245,2.953068,3.216882,3849.4000,0.05,3110457242.225
19,2025-02-07,2025-03-10,556,21,1575,0,19.0721,3.673497,3.614944,624.8000,0.05,3899786543.825
19,2025-02-07,2025-03-10,562,21,1575,0,23.1361,2.550648,4.141198,299.7500,0.05,3026380028.1
19,2025-02-07,2025-03-10,563,21,1575,0,12.5926,1.919766,2.571287,2250.0000,0.05,4258673183.25
19,2025-02-07,2025-03-10,564,21,1575,0,22.6455,4.363735,4.479163,416.0000,0.05,683870973.675
19,2025-02-07,2025-03-10,590,21,1575,0,10.5396,0.936133,2.326385,1232.6000,0.05,14785573033.625
19,2025-02-07,2025-03-10,593,21,1575,0,17.6051,2.163653,3.324188,1720.5000,0.05,1109585729.725
19,2025-02-07,2025-03-10,603,21,1575,0,19.6098,2.724290,3.532259,570.4500,0.05,844196315.75
19,2025-02-07,2025-03-10,609,21,1575,0,30.1945,5.876260,7.260632,8.0400,0.01,5335886550.924999
19,2025-02-07,2025-03-10,611,21,1575,0,18.7888,2.051508,3.789886,59.8900,0.01,2086839910.92
19,2025-02-07,2025-03-10,612,21,1575,0,25.2817,1.319993,4.439838,164.4500,0.01,1402984738.0749998
19,2025-02-07,2025-03-10,627,21,1575,0,22.7043,2.637486,4.152589,739.8500,0.05,2063708678.6
19,2025-02-07,2025-03-10,631,21,1575,0,23.1690,3.647719,4.492041,495.7500,0.05,861797201.4
19,2025-02-07,2025-03-10,634,21,1575,0,18.7756,1.379047,3.213513,4432.8000,0.05,3384231232.475
19,2025-02-07,2025-03-10,647,21,1575,0,21.1103,0.000000,3.484338,1032.5500,0.05,4764468076.8
19,2025-02-07,2025-03-10,653,21,1575,0,13.4540,1.458872,2.725188,1773.4000,0.05,10194781153.1
19,2025-02-07,2025-03-10,656,21,1575,0,38.9250,0.000000,6.648277,165.2600,0.01,1108368220.8899999
19,2025-02-07,2025-03-10,663,21,1575,0,18.5583,4.195137,3.355661,114.2900,0.01,3002905896.27
19,2025-02-07,2025-03-10,672,21,1575,0,11.8613,0.822292,2.487873,385.7500,0.05,5871804015.95
19,2025-02-07,2025-03-10,698,21,1575,0,22.0998,4.777797,4.502937,857.2000,0.05,1661423074.4
19,2025-02-07,2025-03-10,720,21,1575,0,30.6856,4.512134,5.519728,471.8500,0.05,1759645240.0500002
19,2025-02-07,2025-03-10,722,21,1575,0,16.3017,3.784663,3.417008,971.8500,0.05,1714334530.45
19,2025-02-07,2025-03-10,725,21,1575,0,27.4475,0.000000,4.787131,670.6500,0.05,1176307650.1
19,2025-02-07,2025-03-10,750,21,1575,5,38.2711,7.106187,6.424532,3428.5500,0.05,915568761.4
19,2025-02-07,2025-03-10,771,21,1575,2,13.1069,2.454182,2.599954,388.1000,0.05,7593827522.1
19,2025-02-07,2025-03-10,780,21,1575,0,25.0662,0.000000,4.749307,1313.3000,0.05,1399273037.0749998
19,2025-02-07,2025-03-10,798,21,1575,0,27.8664,2.815023,5.302156,551.0500,0.05,857036299.775
19,2025-02-07,2025-03-10,805,21,1575,0,21.4485,3.309140,3.837138,533.5000,0.05,1306124836.925
19,2025-02-07,2025-03-10,818,21,1575,0,12.6104,1.802261,2.503337,3241.4500,0.05,7508139924.525
19,2025-02-07,2025-03-10,823,21,1575,0,22.3171,3.372733,3.959644,1987.0000,0.05,1917780332.15
19,2025-02-07,2025-03-10,827,21,1575,0,21.2455,2.326956,3.994769,2757.6000,0.05,7193146404.15
19,2025-02-07,2025-03-10,853,21,1575,1,35.6829,0.000000,5.899952,200.7400,0.01,1300595832.15
19,2025-02-07,2025-03-10,863,21,1575,0,16.0412,1.395587,3.341048,623.0500,0.05,1107268849.975
19,2025-02-07,2025-03-10,865,21,1575,0,11.7550,1.807961,2.397318,12426.8500,0.05,5497018378.275
19,2025-02-07,2025-03-10,878,21,1575,2,28.9060,4.836378,5.490644,1094.0000,0.05,2046458182.8000002
19,2025-02-07,2025-03-10,886,21,1575,0,20.3477,1.783818,3.995664,1043.6000,0.05,842625590.925
19,2025-02-07,2025-03-10,908,21,1575,0,34.4130,3.200055,6.352715,612.6000,0.05,819795347.1
19,2025-02-07,2025-03-10,910,21,1575,0,21.6064,0.000000,4.136355,2426.4000,0.05,1350055676.35
19,2025-02-07,2025-03-10,925,21,1575,0,20.8640,0.000000,3.930884,2200.0000,0.05,859038270.05
19,2025-02-07,2025-03-10,938,21,1575,0,28.0762,5.689053,5.380042,185.9900,0.01,3023459570.105
19,2025-02-07,2025-03-10,939,21,1575,0,23.3102,4.543670,4.575651,1475.5000,0.05,1646817822.6750002
19,2025-02-07,2025-03-10,943,21,1575,0,30.3514,3.302155,5.347827,80.6400,0.01,1609348764.15
19,2025-02-07,2025-03-10,956,21,1575,0,13.2073,2.199779,2.750704,1104.0000,0.05,1978280010.925
19,2025-02-07,2025-03-10,970,21,1575,0,25.0066,4.461218,4.819495,75.4000,0.01,3219237276.325
19,2025-02-07,2025-03-10,982,21,1575,0,24.8906,5.049089,4.887083,60.3800,0.01,2515357297.87
19,2025-02-07,2025-03-10,990,21,1575,0,18.3358,3.532841,3.444126,314.3500,0.05,5044909099.0
19,2025-02-07,2025-03-10,994,21,1575,0,27.2156,3.608815,5.442021,1574.5500,0.05,1353195089.05
19,2025-02-07,2025-03-10,996,21,1575,0,23.3938,1.611264,4.390564,7910.0000,0.05,1900338901.425
19,2025-02-07,2025-03-10,997,21,1575,0,32.2834,4.269679,5.226689,390.2500,0.05,2477040555.15
19,2025-02-07,2025-03-10,1007,21,1575,0,19.2827,2.807741,3.513849,222.8000,0.01,3979528840.675
19,2025-02-07,2025-03-10,1028,21,1575,0,18.9889,2.755498,3.611671,41121.4500,0.05,928749152.675
19,2025-02-07,2025-03-10,1049,21,1575,0,26.2913,0.000000,4.729599,5545.4500,0.05,2002386707.35
19,2025-02-07,2025-03-10,1050,21,1575,0,25.1193,3.230573,3.989972,284.4500,0.05,1145322063.85
19,2025-02-07,2025-03-10,1051,21,1575,0,26.8552,4.747260,5.177417,383.2500,0.05,4829806898.85
19,2025-02-07,2025-03-10,1055,21,1575,0,43.8467,2.939749,7.754462,815.8000,0.05,557422031.4
19,2025-02-07,2025-03-10,1060,21,1575,0,29.5202,6.199197,6.078571,1569.5500,0.05,1167833834.2
19,2025-02-07,2025-03-10,1061,21,1575,0,14.4800,3.243127,3.172578,1382.4000,0.05,909656258.575
19,2025-02-07,2025-03-10,1062,21,1575,0,20.8365,3.668546,4.260463,3168.0000,0.05,1111168030.725
19,2025-02-07,2025-03-10,1068,21,1575,0,19.4127,0.746251,3.426639,87.5900,0.01,3695597145.51
19,2025-02-07,2025-03-10,1070,21,1575,0,28.8576,2.479174,5.367562,801.9500,0.05,824593879.2
19,2025-02-07,2025-03-10,1076,21,1575,4,28.4631,0.000000,4.866138,5433.3500,0.05,2213050479.85
19,2025-02-07,2025-03-10,1080,21,1575,0,17.9328,2.376721,3.430507,261.2500,0.05,4259320833.675
19,2025-02-07,2025-03-10,1095,21,1575,0,29.9001,0.000000,5.632060,1209.1500,0.05,1378995508.0500002
19,2025-02-07,2025-03-10,1132,21,1575,0,26.6959,0.393924,4.819519,160.4900,0.01,1426991579.325
19,2025-02-07,2025-03-10,1135,21,1575,0,29.9495,4.894432,5.634889,397.8000,0.05,4867277195.125
19,2025-02-07,2025-03-10,1140,21,1575,0,12.6407,0.000000,2.345003,1218.9500,0.05,16019045207.4
19,2025-02-07,2025-03-10,1173,21,1575,0,37.6112,0.000000,6.100102,358.3000,0.05,3735554894.175
19,2025-02-07,2025-03-10,1179,21,1575,0,27.7468,5.106938,5.178500,106.9900,0.01,3175505058.9
19,2025-02-07,2025-03-10,1206,21,1575,0,17.4824,2.888376,3.439856,840.2000,0.05,887008105.9000001
19,2025-02-07,2025-03-10,1208,21,1575,0,15.0178,1.452225,2.868754,1461.9500,0.05,2013694712.2
19,2025-02-07,2025-03-10,1209,21,1575,0,13.5523,0.818174,2.750949,726.5000,0.05,11173986288.0
19,2025-02-07,2025-03-10,1250,21,1575,1,16.6404,3.531461,3.586126,28206.1500,0.05,823212943.625
19,2025-02-07,2025-03-10,1261,21,1575,0,26.6963,3.281186,5.173476,3777.1000,0.05,1985946354.75
19,2025-02-07,2025-03-10,1305,21,1575,0,20.4641,4.233580,4.250005,2810.1500,0.05,1052211628.5
19,2025-02-07,2025-03-10,1334,21,1575,0,14.6011,0.546152,2.748116,1650.3500,0.05,3184273131.4
19,2025-02-07,2025-03-10,1341,21,1575,0,28.7880,4.423500,5.077049,3634.8000,0.05,703517206.875
19,2025-02-07,2025-03-10,1349,21,1575,0,34.6143,0.000000,5.677259,52.5600,0.01,3529878282.59
19,2025-02-07,2025-03-10,1366,21,1575,0,15.5234,2.804354,3.130878,1008.3000,0.05,1653399719.4
19,2025-02-07,2025-03-10,1367,21,1575,0,19.7725,3.909998,3.824892,5981.2000,0.05,848011676.9749999
19,2025-02-07,2025-03-10,1372,21,1575,0,22.5902,3.822195,4.668217,350.8000,0.05,4493662834.625
19,2025-02-07,2025-03-10,1373,21,1575,0,20.4226,4.638810,3.852306,133.8300,0.01,5788297056.3
19,2025-02-07,2025-03-10,1383,21,1575,0,11.2069,0.000000,2.331395,3773.5000,0.05,8315089802.35
19,2025-02-07,2025-03-10,1386,21,1575,0,16.9336,0.748273,3.066946,1577.2000,0.05,2623968378.125
19,2025-02-07,2025-03-10,1406,21,1575,0,26.8326,3.637202,5.321328,2674.2500,0.05,746975278.7
19,2025-02-07,2025-03-10,1415,21,1575,0,14.6214,3.102996,3.182780,3197.5500,0.05,3614831213.375
19,2025-02-07,2025-03-10,1420,21,1575,0,17.4113,3.782946,3.614453,3050.0000,0.05,693417161.75
19,2025-02-07,2025-03-10,1426,21,1575,0,25.1527,2.379641,4.348828,3362.7000,0.05,4120516683.95
19,2025-02-07,2025-03-10,1438,21,1575,0,21.2911,3.811911,4.014607,2357.4000,0.05,1801879906.825
19,2025-02-07,2025-03-10,1451,21,1575,0,16.0969,2.456740,3.083833,10912.0000,0.05,3260922498.6
19,2025-02-07,2025-03-10,1455,21,1575,0,23.3520,2.259690,4.214284,107.9100,0.01,1542752906.38
19,2025-02-07,2025-03-10,1461,21,1575,0,20.4404,2.949798,3.573361,630.0000,0.05,1283847011.55
19,2025-02-07,2025-03-10,1480,21,1575,0,29.3664,0.000000,5.093225,480.8000,0.05,2786005917.3
19,2025-02-07,2025-03-10,1481,21,1575,0,22.8064,4.821554,4.587506,214.2000,0.01,4678349278.925
19,2025-02-07,2025-03-10,1510,21,1575,0,26.1031,2.787925,4.786830,1300.0000,0.05,1970301899.7
19,2025-02-07,2025-03-10,1532,21,1575,0,16.1549,1.909572,2.841811,296.5500,0.05,3226904919.625
19,2025-02-07,2025-03-10,1539,21,1575,0,18.4525,3.615976,4.161981,17.7700,0.01,2767225895.1099997
19,2025-02-07,2025-03-10,9424,21,1575,0,17.1946,0.000000,3.216419,3607.0000,0.05,2015225631.525
19,2025-02-07,2025-03-10,9428,21,1575,0,33.3450,0.000000,6.544148,950.6000,0.05,3021762399.2
19,2025-02-07,2025-03-10,9486,21,1575,0,25.8171,1.452288,4.563387,84.5000,0.01,2369714135.645
19,2025-02-07,2025-03-10,9621,21,1575,0,21.8386,0.000000,4.134870,223.3500,0.01,5732536508.174999
19,2025-02-07,2025-03-10,9674,21,1575,0,18.0578,2.464148,3.537362,899.9500,0.05,1270957324.225
19,2025-02-07,2025-03-10,9752,21,1575,0,32.4766,0.000000,5.454698,732.3000,0.05,3793265510.4
19,2025-02-07,2025-03-10,9754,21,1575,0,26.7104,2.020859,5.030484,123.2600,0.01,4651625873.39
19,2025-02-07,2025-03-10,9882,21,1575,0,24.4446,2.397110,4.156311,323.1000,0.05,3457283295.9750004
19,2025-02-07,2025-03-10,9891,21,1575,0,32.1147,0.000000,5.800197,690.4500,0.05,1884715919.325
19,2025-02-07,2025-03-10,9894,21,1575,0,17.5727,2.982056,3.364573,373.4500,0.05,1842280908.8
19,2025-02-07,2025-03-10,9936,21,1575,0,27.6171,6.741664,5.003415,2335.3000,0.05,944010920.325
19,2025-02-07,2025-03-10,9973,21,1575,0,24.2140,0.000000,4.408783,1532.5000,0.05,2713113278.55
19,2025-02-07,2025-03-10,9983,21,1575,0,26.5012,5.137954,5.084497,509.0500,0.05,955264852.0
19,2025-02-07,2025-03-10,10052,21,1575,0,38.0791,0.000000,6.954176,4140.3000,0.05,1269627224.625
19,2025-02-07,2025-03-10,10071,21,1575,0,24.5383,3.131330,4.913980,166.5100,0.01,1031502520.895
19,2025-02-07,2025-03-10,10188,21,1575,0,30.3996,7.172517,5.970437,1171.3500,0.05,1403166234.875
19,2025-02-07,2025-03-10,10361,21,1575,0,25.3375,4.396354,4.758105,138.3500,0.01,932246244.3
19,2025-02-07,2025-03-10,10399,21,1575,0,17.1246,2.853228,3.380060,1337.1500,0.05,985918966.4
19,2025-02-07,2025-03-10,10431,21,1575,0,30.9333,4.958418,6.134756,484.0000,0.05,1987564833.1
19,2025-02-07,2025-03-10,10587,21,1575,0,32.1095,0.000000,5.708227,168.6200,0.01,2998681576.525
19,2025-02-07,2025-03-10,10627,21,1575,0,33.0816,7.268065,6.408744,863.5000,0.05,638680696.65
19,2025-02-07,2025-03-10,10694,21,1575,0,44.2770,6.571576,7.644972,890.1000,0.05,547563588.225
19,2025-02-07,2025-03-10,10840,21,1575,4,27.0562,0.000000,4.482211,601.2000,0.05,899619486.0
19,2025-02-07,2025-03-10,11084,21,1575,0,24.8186,3.502845,4.373433,577.2000,0.05,3384735575.325
19,2025-02-07,2025-03-10,11452,21,1575,0,32.9879,5.692798,6.131406,1516.5500,0.05,1998672477.575
19,2025-02-07,2025-03-10,11457,21,1575,0,34.4014,3.630137,6.685300,222.5000,0.01,1894538439.425
19,2025-02-07,2025-03-10,11480,21,1575,0,23.8240,4.145141,4.849784,1009.7500,0.05,1665013260.975
19,2025-02-07,2025-03-10,11705,21,1575,0,39.1945,3.955502,7.136962,2171.6000,0.05,6628087920.825
19,2025-02-07,2025-03-10,11777,21,1575,0,29.0884,4.733812,5.557912,672.4000,0.05,1237054810.9250002
20,2025-03-11,2025-04-11,15,21,1575,0,21.5988,1.611094,3.829692,5313.4500,0.05,2303638568.5
20,2025-03-11,2025-04-11,17,21,1575,0,21.1386,0.000000,3.711078,182.8000,0.01,843310997.32
20,2025-03-11,2025-04-11,24,21,1575,0,20.5096,1.604979,3.606628,2252.1000,0.05,3602651341.5
20,2025-03-11,2025-04-11,26,21,1575,0,26.4059,1.976815,5.010079,915.2500,0.05,1753602663.0
20,2025-03-11,2025-04-11,27,21,1575,0,20.1307,0.247727,3.834619,1172.2500,0.05,3486581215.8
20,2025-03-11,2025-04-11,28,21,1575,0,22.5742,1.305930,4.296253,102.7500,0.01,2231012735.75
20,2025-03-11,2025-04-11,58,21,1575,0,17.3427,2.170128,3.337211,4845.6000,0.05,853888629.7
20,2025-03-11,2025-04-11,68,21,1575,0,27.4214,0.000000,4.580218,6785.9500,0.05,1283737749.25
20,2025-03-11,2025-04-11,70,21,1575,0,19.1345,0.000000,3.110114,526.7500,0.05,1435044186.45
20,2025-03-11,2025-04-11,87,21,1575,0,22.6067,4.334961,3.854937,1498.4000,0.05,715819249.2
20,2025-03-11,2025-04-11,90,21,1575,0,14.2239,1.913147,2.749241,6609.3000,0.05,2242336824.2
20,2025-03-11,2025-04-11,118,21,1575,1,22.2942,3.786826,3.841552,103.4000,0.01,2079256751.0
20,2025-03-11,2025-04-11,120,21,1575,0,14.6884,1.771354,2.649068,2314.0000,0.05,2997099971.25
20,2025-03-11,2025-04-11,125,21,1575,0,20.1343,2.142665,3.650795,1284.1500,0.05,895117708.8
20,2025-03-11,2025-04-11,133,21,1575,0,22.7607,0.000000,4.014902,542.0500,0.05,1444077711.3
20,2025-03-11,2025-04-11,135,21,1575,2,24.3062,0.000000,3.693191,1137.9000,0.05,1331904038.4
20,2025-03-11,2025-04-11,143,21,1575,0,14.1660,0.000000,2.721150,1068.8500,0.05,9515370681.6
20,2025-03-11,2025-04-11,150,21,1575,0,16.0447,2.540205,3.124434,7555.5000,0.05,3550735455.2
20,2025-03-11,2025-04-11,153,21,1575,0,18.6654,1.453921,3.564655,1894.0000,0.05,2473948464.0
20,2025-03-11,2025-04-11,156,21,1575,10,17.9172,2.705488,3.384962,872.0000,0.05,7064412188.6
20,2025-03-11,2025-04-11,168,21,1575,0,20.2391,0.000000,3.807936,146.8600,0.01,1885217192.82
20,2025-03-11,2025-04-11,170,21,1575,1,18.0908,1.363731,3.619923,209.8500,0.01,3163931312.25
20,2025-03-11,2025-04-11,172,21,1575,0,22.4120,0.000000,3.708645,99.1900,0.01,918167246.88
20,2025-03-11,2025-04-11,182,21,1575,0,33.0589,0.000000,5.883631,1275.0500,0.05,1240268760.8
20,2025-03-11,2025-04-11,185,21,1575,0,19.5376,2.390165,3.624832,285.3000,0.05,6112715989.2
20,2025-03-11,2025-04-11,196,21,1575,0,24.1049,0.000000,4.186088,1118.6500,0.05,1428934161.55
20,2025-03-11,2025-04-11,200,21,1575,0,15.0391,0.000000,2.589303,1720.6000,0.05,8222803983.8
20,2025-03-11,2025-04-11,201,21,1575,0,24.5178,2.467701,4.483350,211.3600,0.01,3787927416.0
20,2025-03-11,2025-04-11,206,21,1575,0,21.5697,0.000000,3.597972,338.6000,0.05,1357825688.1
20,2025-03-11,2025-04-11,217,21,1575,0,32.2904,0.000000,4.710717,2095.0000,0.05,617514072.3
20,2025-03-11,2025-04-11,220,21,1575,0,16.2981,3.855493,2.976910,27505.0500,0.05,860954348.55
20,2025-03-11,2025-04-11,221,21,1575,0,21.1493,0.000000,3.646995,265.0000,0.05,3392138493.0
20,2025-03-11,2025-04-11,225,21,1575,0,17.1509,0.000000,2.925761,4845.6000,0.05,1656251613.15
20,2025-03-11,2025-04-11,228,21,1575,0,29.9570,0.297673,5.732253,1562.0000,0.05,5295659699.2
20,2025-03-11,2025-04-11,239,21,1575,0,19.8033,0.000000,3.303315,82.5100,0.01,2591799193.25
20,2025-03-11,2025-04-11,252,21,1575,0,24.9797,1.891239,5.153942,1175.5000,0.05,3982631986.2
20,2025-03-11,2025-04-11,267,21,1575,0,26.5906,3.567227,4.576985,617.5000,0.05,1710162881.7
20,2025-03-11,2025-04-11,273,21,1575,0,22.3992,4.167494,4.173473,1469.8000,0.05,1817833046.4
20,2025-03-11,2025-04-11,279,21,1575,0,16.6648,0.000000,2.972946,1463.1000,0.05,2370765194.0
20,2025-03-11,2025-04-11,283,21,1575,0,17.1259,1.782051,3.197964,383.8000,0.05,3596164728.75
20,2025-03-11,2025-04-11,285,21,1575,0,17.0907,1.578396,2.989440,2409.7500,0.05,1128996937.8
20,2025-03-11,2025-04-11,288,21,1575,0,20.3112,1.940255,3.622765,549.0000,0.05,1249733357.0
20,2025-03-11,2025-04-11,302,21,1575,0,20.5281,0.000000,3.527257,352.0000,0.05,938407824.5
20,2025-03-11,2025-04-11,306,21,1575,0,22.0032,2.761769,4.035015,2960.3500,0.05,1779930870.05
20,2025-03-11,2025-04-11,311,21,1575,0,14.7783,2.907587,2.596763,497.1500,0.05,1231445178.0
20,2025-03-11,2025-04-11,345,21,1575,0,20.5625,1.635469,3.354738,5695.8500,0.05,2232926823.6
20,2025-03-11,2025-04-11,346,21,1575,0,25.2260,2.240261,4.513133,13352.3500,0.05,5104491196.8
20,2025-03-11,2025-04-11,347,21,1575,0,20.4438,2.902644,3.745152,674.0000,0.05,2721265684.8
20,2025-03-11,2025-04-11,356,21,1575,0,18.3300,0.000000,2.993072,1148.5000,0.05,2346108643.8
20,2025-03-11,2025-04-11,368,21,1575,0,15.8144,1.786234,2.982332,5283.5500,0.05,2377787119.4
20,2025-03-11,2025-04-11,409,21,1575,0,18.1914,2.316080,3.249299,190.6000,0.01,1772813451.2
20,2025-03-11,2025-04-11,423,21,1575,0,26.8122,0.000000,4.251928,642.2000,0.05,743733710.5
20,2025-03-11,2025-04-11,430,21,1575,0,21.7412,0.000000,3.541541,167.2900,0.01,2904385455.4
20,2025-03-11,2025-04-11,465,21,1575,0,22.6053,0.000000,3.439416,1472.2000,0.05,901327046.4
20,2025-03-11,2025-04-11,479,21,1575,0,18.4356,0.000000,3.404199,1129.6500,0.05,1311383676.6
20,2025-03-11,2025-04-11,481,21,1575,0,24.1533,3.093436,4.418569,2077.8500,0.05,1795714729.6
20,2025-03-11,2025-04-11,496,21,1575,0,15.9196,2.990893,3.121994,2546.1500,0.05,1593719197.85
20,2025-03-11,2025-04-11,524,21,1575,0,23.7746,1.348808,4.137233,4030.4500,0.05,7339212830.0
20,2025-03-11,2025-04-11,529,21,1575,0,17.6182,0.325455,3.152930,1487.0000,0.05,1514055418.8
20,2025-03-11,2025-04-11,534,21,1575,0,18.3582,4.399725,3.257628,1538.0000,0.05,4502108978.95
20,2025-03-11,2025-04-11,536,21,1575,2,22.1963,3.634488,3.812666,1901.9000,0.05,1697888313.0
20,2025-03-11,2025-04-11,537,21,1575,1,12.0414,2.245774,2.420417,885.4000,0.05,23869323982.8
20,2025-03-11,2025-04-11,538,21,1575,0,16.2230,2.789035,2.908922,676.2500,0.05,2300416020.0
20,2025-03-11,2025-04-11,546,21,1575,0,17.2141,0.000000,3.022661,3631.5000,0.05,3033203034.65
20,2025-03-11,2025-04-11,556,21,1575,0,19.2249,2.275174,3.174570,684.6000,0.05,3904442635.05
20,2025-03-11,2025-04-11,562,21,1575,0,26.3053,0.000000,4.163861,330.6500,0.05,2732013484.2
20,2025-03-11,2025-04-11,563,21,1575,0,15.4091,0.503929,2.649405,2242.9000,0.05,4199657868.6
20,2025-03-11,2025-04-11,564,21,1575,0,23.6997,0.000000,3.666633,443.0500,0.05,728449667.8
20,2025-03-11,2025-04-11,590,21,1575,0,12.4923,0.666008,2.393782,1319.4500,0.05,14555058023.75
20,2025-03-11,2025-04-11,593,21,1575,0,18.3280,0.000000,3.426953,1758.7000,0.05,1124608731.75
20,2025-03-11,2025-04-11,609,21,1575,30,34.9513,6.248190,7.120716,7.2200,0.01,4789894242.62
20,2025-03-11,2025-04-11,611,21,1575,0,19.8270,0.000000,3.739733,56.6200,0.01,1976278755.5
20,2025-03-11,2025-04-11,612,21,1575,0,22.2096,0.000000,3.696428,175.5400,0.01,1350522601.56
20,2025-03-11,2025-04-11,627,21,1575,0,21.7688,2.243549,3.869823,797.7000,0.05,2052955866.5
20,2025-03-11,2025-04-11,631,21,1575,0,20.5205,0.000000,3.584264,510.1500,0.05,770868791.85
20,2025-03-11,2025-04-11,634,21,1575,0,19.7485,3.442789,3.139461,5025.8000,0.05,3535308884.35
20,2025-03-11,2025-04-11,647,21,1575,13,37.4554,0.000000,4.764293,680.0500,0.05,4761965190.3
20,2025-03-11,2025-04-11,653,21,1575,0,16.1989,0.000000,2.912291,1546.1000,0.05,10597624957.5
20,2025-03-11,2025-04-11,656,21,1575,0,30.9393,5.375877,5.149618,159.9300,0.01,1154985537.24
20,2025-03-11,2025-04-11,663,21,1575,0,18.0963,0.000000,3.359808,123.2300,0.01,2657333063.4
20,2025-03-11,2025-04-11,672,21,1575,0,12.3890,0.000000,2.583566,390.2500,0.05,5794467819.0
20,2025-03-11,2025-04-11,698,21,1575,0,20.3139,2.825060,3.846570,903.0000,0.05,1680484861.0
20,2025-03-11,2025-04-11,720,21,1575,0,23.5461,0.892120,4.475298,527.5500,0.05,1801060379.4
20,2025-03-11,2025-04-11,722,21,1575,0,16.4765,1.682224,3.175197,1030.8000,0.05,1751559618.8
20,2025-03-11,2025-04-11,725,21,1575,0,22.9967,1.025203,3.991376,661.5500,0.05,1212343399.7
20,2025-03-11,2025-04-11,750,21,1575,3,28.0098,5.174880,4.755613,2870.2500,0.05,994662543.7
20,2025-03-11,2025-04-11,771,21,1575,0,13.2896,1.382642,2.636499,415.0000,0.05,7595009695.0
20,2025-03-11,2025-04-11,780,21,1575,0,27.0122,2.082311,4.605358,1254.3000,0.05,1333188025.0
20,2025-03-11,2025-04-11,798,21,1575,0,25.8883,0.000000,4.277936,599.0500,0.05,928473194.0
20,2025-03-11,2025-04-11,805,21,1575,0,20.4528,1.630276,3.349842,561.0000,0.05,1261239586.8
20,2025-03-11,2025-04-11,818,21,1575,0,15.5260,2.092767,2.797409,3303.0000,0.05,7340085349.8
20,2025-03-11,2025-04-11,823,21,1575,0,19.8154,0.000000,3.459850,2002.5500,0.05,1925147803.8
20,2025-03-11,2025-04-11,827,21,1575,0,20.1337,0.000000,3.641227,2658.0500,0.05,7314879216.15
20,2025-03-11,2025-04-11,853,21,1575,2,25.4290,4.730476,4.380298,227.2900,0.05,1431822865.2
20,2025-03-11,2025-04-11,863,21,1575,0,17.6344,3.414855,3.066097,636.2500,0.05,1114917999.75
20,2025-03-11,2025-04-11,865,21,1575,0,13.8829,1.823963,2.668048,11636.5500,0.05,5422964560.7
20,2025-03-11,2025-04-11,878,21,1575,3,27.9585,2.405626,5.007784,1041.0000,0.05,2023107948.0
20,2025-03-11,2025-04-11,886,21,1575,0,19.1213,0.000000,3.890891,1134.3500,0.05,839641263.75
20,2025-03-11,2025-04-11,908,21,1575,0,28.9522,0.000000,4.671492,605.0000,0.05,1039860926.4
20,2025-03-11,2025-04-11,910,21,1575,0,25.8955,2.499166,4.330508,2193.2000,0.05,1334731309.0
20,2025-03-11,2025-04-11,925,21,1575,2,26.5045,0.000000,3.860006,2319.6500,0.05,916633440.0
20,2025-03-11,2025-04-11,938,21,1575,0,24.2136,0.000000,4.192418,180.5500,0.01,2871945945.5
20,2025-03-11,2025-04-11,939,21,1575,0,25.1502,0.000000,4.470871,1341.5000,0.05,1728724207.5
20,2025-03-11,2025-04-11,943,21,1575,0,25.7732,3.435266,4.299553,82.4700,0.01,1450337855.75
20,2025-03-11,2025-04-11,956,21,1575,0,15.3813,0.781490,2.862317,1123.2000,0.05,1973906003.7
20,2025-03-11,2025-04-11,970,21,1575,0,21.4636,0.000000,3.953987,81.9900,0.01,2540177820.1
20,2025-03-11,2025-04-11,982,21,1575,0,22.2478,0.000000,3.909724,64.0300,0.01,2292725120.4
20,2025-03-11,2025-04-11,990,21,1575,0,18.8475,3.198438,3.554318,351.3500,0.05,4955738799.0
20,2025-03-11,2025-04-11,994,21,1575,0,23.8640,1.649552,4.131767,1578.5500,0.05,1355482092.0
20,2025-03-11,2025-04-11,996,21,1575,0,23.0449,0.000000,3.974795,7131.5000,0.05,1798353757.2
20,2025-03-11,2025-04-11,997,21,1575,0,24.8857,1.026874,4.674054,384.1500,0.05,2125363382.5
20,2025-03-11,2025-04-11,1007,21,1575,0,18.9874,1.583731,3.230657,222.2500,0.01,3726163105.6
20,2025-03-11,2025-04-11,1028,21,1575,0,25.8068,1.546323,3.082489,42052.8500,0.05,973285709.4
20,2025-03-11,2025-04-11,1049,21,1575,0,28.6640,0.000000,4.523064,5212.6500,0.05,2032342792.0
20,2025-03-11,2025-04-11,1050,21,1575,0,21.6313,1.070770,3.274773,285.4000,0.05,1047237101.5
20,2025-03-11,2025-04-11,1051,21,1575,0,22.0616,0.000000,3.679534,403.5000,0.05,4605377574.6
20,2025-03-11,2025-04-11,1055,21,1575,0,39.4144,0.000000,6.036559,893.5000,0.05,667998163.4
20,2025-03-11,2025-04-11,1060,21,1575,1,25.5735,2.729035,4.841833,1606.3000,0.05,1123960119.0
20,2025-03-11,2025-04-11,1061,21,1575,1,16.2142,2.253132,2.790533,1413.0000,0.05,910179342.95
20,2025-03-11,2025-04-11,1062,21,1575,2,20.6575,0.000000,3.451831,3415.0000,0.05,1122095431.0
20,2025-03-11,2025-04-11,1068,21,1575,1,17.9312,0.000000,3.182539,89.2900,0.01,3209574763.44
20,2025-03-11,2025-04-11,1070,21,1575,0,29.0148,0.000000,4.640079,863.0500,0.05,837704774.85
20,2025-03-11,2025-04-11,1076,21,1575,0,24.0050,4.041074,4.247012,5065.0000,0.05,2201488884.0
20,2025-03-11,2025-04-11,1080,21,1575,0,17.9530,0.000000,3.088936,288.9500,0.05,4131135455.0
20,2025-03-11,2025-04-11,1095,21,1575,0,27.1881,4.684164,4.871724,1145.4500,0.05,1447963954.5
20,2025-03-11,2025-04-11,1132,21,1575,0,26.1538,2.722993,4.311435,170.2200,0.01,1336925672.25
20,2025-03-11,2025-04-11,1135,21,1575,0,22.9589,1.810275,3.942805,419.8500,0.05,4830323802.15
20,2025-03-11,2025-04-11,1140,21,1575,0,13.3728,1.446634,2.643783,1250.1000,0.05,15738081196.5
20,2025-03-11,2025-04-11,1173,21,1575,0,26.0334,0.000000,4.636116,347.8500,0.05,3837961503.0
20,2025-03-11,2025-04-11,1179,21,1575,0,23.5351,0.000000,4.147755,113.0600,0.01,2891985074.78
20,2025-03-11,2025-04-11,1206,21,1575,0,17.3875,0.000000,2.924085,849.9500,0.05,888139064.75
20,2025-03-11,2025-04-11,1208,21,1575,0,15.8603,1.951718,2.959332,1512.0500,0.05,1887126209.85
20,2025-03-11,2025-04-11,1209,21,1575,0,13.6197,0.000000,2.473868,754.9000,0.05,10690821288.35
20,2025-03-11,2025-04-11,1250,21,1575,0,16.1237,3.139111,3.068023,29883.1000,0.05,837895195.0
20,2025-03-11,2025-04-11,1261,21,1572,26,38.3418,2.444744,4.073770,3912.6000,0.05,2180491813.5
20,2025-03-11,2025-04-11,1305,21,1575,0,20.0604,1.496501,3.830192,2934.9500,0.05,1113622125.95
20,2025-03-11,2025-04-11,1334,21,1575,0,15.9542,0.000000,2.990851,1713.3000,0.05,3205070245.65
20,2025-03-11,2025-04-11,1341,21,1575,0,22.0102,3.352476,3.988459,3373.6500,0.05,721356318.4
20,2025-03-11,2025-04-11,1349,21,1575,0,24.9682,0.000000,4.682167,55.8200,0.01,3450235735.585
20,2025-03-11,2025-04-11,1366,21,1575,0,15.9096,1.676707,3.051251,970.1500,0.05,1645456032.0
20,2025-03-11,2025-04-11,1367,21,1575,0,21.9010,3.885289,4.023549,5269.0000,0.05,848867959.3
20,2025-03-11,2025-04-11,1372,21,1575,0,18.9237,0.000000,3.643154,371.2500,0.05,4284118541.3
20,2025-03-11,2025-04-11,1373,21,1575,2,18.9530,1.007650,3.104228,150.2100,0.01,5854183753.32
20,2025-03-11,2025-04-11,1383,21,1575,0,15.1339,1.640995,2.717710,3536.0000,0.05,8375594837.25
20,2025-03-11,2025-04-11,1386,21,1575,0,18.5652,4.032587,3.474999,1356.5000,0.05,2685535190.4
20,2025-03-11,2025-04-11,1406,21,1575,0,23.3213,3.137437,4.246997,2777.5000,0.05,790760765.25
20,2025-03-11,2025-04-11,1415,21,1575,0,15.7794,2.938154,2.937196,3073.5000,0.05,3614088682.75
20,2025-03-11,2025-04-11,1420,21,1575,0,16.8672,2.126729,3.349970,3202.0500,0.05,751955043.2
20,2025-03-11,2025-04-11,1426,21,1575,2,28.4339,3.482485,4.339887,3461.1000,0.05,4436807206.05
20,2025-03-11,2025-04-11,1438,21,1575,0,18.9726,0.000000,3.658231,2424.6500,0.05,1758163735.4
20,2025-03-11,2025-04-11,1451,21,1575,1,14.4946,1.987101,2.713685,11005.0000,0.05,3342958135.0
20,2025-03-11,2025-04-11,1455,21,1575,0,23.8581,1.541931,4.247814,112.6300,0.01,1388992412.25
20,2025-03-11,2025-04-11,1461,21,1575,0,20.1348,0.000000,3.145740,639.8000,0.05,1268506759.95
20,2025-03-11,2025-04-11,1480,21,1575,0,20.9112,0.000000,3.839360,535.8000,0.05,3036984182.95
20,2025-03-11,2025-04-11,1481,21,1575,0,21.9136,0.000000,3.714364,229.6000,0.05,4734689627.5
20,2025-03-11,2025-04-11,1510,21,1575,0,21.1678,1.578655,3.933344,1421.7000,0.05,2084842202.8
20,2025-03-11,2025-04-11,1532,21,1575,0,18.0435,0.746968,3.173981,256.7500,0.05,3172273484.0
20,2025-03-11,2025-04-11,1539,21,1575,0,17.5951,2.303337,3.875639,17.0500,0.01,2301925963.7
20,2025-03-11,2025-04-11,9424,21,1575,0,19.4302,3.240639,3.570620,3961.5000,0.05,2051711692.25
20,2025-03-11,2025-04-11,9428,21,1575,0,29.0242,1.841156,4.831618,900.0000,0.05,2626670616.0
20,2025-03-11,2025-04-11,9486,21,1575,0,24.3532,5.891697,4.015579,84.9400,0.01,2464834746.56
20,2025-03-11,2025-04-11,9621,21,1575,0,20.1076,0.000000,3.518824,226.1000,0.05,5411908263.3
20,2025-03-11,2025-04-11,9674,21,1575,0,19.0968,0.000000,3.079247,892.8000,0.05,1271989481.85
20,2025-03-11,2025-04-11,9728,21,1575,0,30.6214,2.247591,5.051229,12173.1000,0.05,727999938.3
20,2025-03-11,2025-04-11,9752,21,1575,0,29.2283,0.000000,5.102731,779.5000,0.05,3773982202.4
20,2025-03-11,2025-04-11,9754,21,1575,0,21.3830,0.880208,4.132719,124.7500,0.01,4039388319.2
20,2025-03-11,2025-04-11,9882,21,1575,0,23.9949,3.605622,3.977963,329.0500,0.05,3225630735.0
20,2025-03-11,2025-04-11,9891,21,1575,0,27.8600,4.711514,5.415293,825.4500,0.05,1680758586.0
20,2025-03-11,2025-04-11,9894,21,1575,0,15.6307,0.778913,3.095125,382.0000,0.05,1444327795.05
20,2025-03-11,2025-04-11,9936,21,1575,0,22.8731,0.000000,3.775865,2357.4000,0.05,1026044147.7
20,2025-03-11,2025-04-11,9973,21,1575,0,26.1811,0.000000,4.362612,1498.5000,0.05,2815237278.0
20,2025-03-11,2025-04-11,9983,21,1575,0,24.0993,3.487678,4.366987,485.6500,0.05,946458799.2
20,2025-03-11,2025-04-11,10052,21,1575,0,34.6975,0.000000,5.418535,4752.8500,0.05,1506057783.0
20,2025-03-11,2025-04-11,10071,21,1575,0,19.1762,1.539346,3.493777,172.4000,0.01,1054690294.63
20,2025-03-11,2025-04-11,10188,21,1575,0,29.2524,2.573506,5.141092,1167.4000,0.05,1439004378.0
20,2025-03-11,2025-04-11,10361,21,1575,0,20.8465,0.000000,3.641001,152.0500,0.01,842439571.65
20,2025-03-11,2025-04-11,10399,21,1575,0,17.4641,4.114138,3.228409,1392.0000,0.05,953659939.1
20,2025-03-11,2025-04-11,10431,21,1575,1,34.5010,4.492776,5.417146,471.8500,0.05,2606958539.9
20,2025-03-11,2025-04-11,10587,21,1575,2,25.7718,0.000000,4.825488,154.3400,0.01,2766420983.9
20,2025-03-11,2025-04-11,10627,21,1575,0,30.6645,0.000000,4.590248,889.0000,0.05,684527945.55
20,2025-03-11,2025-04-11,10694,21,1575,0,35.3389,4.405513,6.119521,1025.9000,0.05,641339789.6
20,2025-03-11,2025-04-11,10840,21,1575,4,18.1252,4.136091,3.270258,593.3000,0.05,953062719.0
20,2025-03-11,2025-04-11,11084,21,1575,0,23.4845,0.000000,4.015611,644.8500,0.05,3532644453.65
20,2025-03-11,2025-04-11,11452,21,1575,0,31.5057,0.000000,5.410938,1534.0500,0.05,2068365018.25
20,2025-03-11,2025-04-11,11457,21,1575,0,26.4755,2.498717,5.174828,227.3000,0.05,2069245315.8
20,2025-03-11,2025-04-11,11480,21,1575,0,23.5773,3.213143,4.319093,1095.7500,0.05,1709881976.0
20,2025-03-11,2025-04-11,11705,21,1575,0,30.3076,0.000000,5.498265,2560.5000,0.05,7353112465.3
20,2025-03-11,2025-04-11,11777,21,1575,0,26.1160,4.036142,4.806410,736.6000,0.05,1288464488.0
21,2025-04-15,2025-05-15,15,21,1575,0,22.8361,2.701708,3.590628,5524.5000,0.05,2327000096.75
21,2025-04-15,2025-05-15,24,21,1575,0,20.1933,0.513467,3.837502,2336.7000,0.05,3383160759.825
21,2025-04-15,2025-05-15,26,21,1575,1,24.5391,2.682535,4.392749,938.5500,0.05,2272910962.8
21,2025-04-15,2025-05-15,27,21,1575,0,20.4383,2.640468,3.902236,1253.9000,0.05,3242319544.475
21,2025-04-15,2025-05-15,28,21,1575,0,25.3917,2.860835,4.519479,108.8000,0.01,2256138675.8
21,2025-04-15,2025-05-15,58,21,1575,0,16.6310,2.306416,2.931160,5032.0000,0.05,813215800.525
21,2025-04-15,2025-05-15,68,21,1575,0,22.0611,2.652362,3.817558,6316.5000,0.05,1704760872.0
21,2025-04-15,2025-05-15,70,21,1575,0,17.5714,2.098080,3.375585,544.0500,0.05,1385044556.7
21,2025-04-15,2025-05-15,87,21,1575,0,22.0006,4.799871,3.634772,1622.8000,0.05,717212168.6
21,2025-04-15,2025-05-15,90,21,1575,0,12.9198,1.359245,2.314671,6995.0000,0.05,2206134235.25
21,2025-04-15,2025-05-15,118,21,1575,1,17.5429,3.384157,3.431610,112.4500,0.01,1862330713.63
21,2025-04-15,2025-05-15,120,21,1575,0,14.9589,1.451510,2.719850,2427.2000,0.05,2957945834.25
21,2025-04-15,2025-05-15,125,21,1575,0,20.2856,1.507286,3.379329,1334.9000,0.05,843973728.3
21,2025-04-15,2025-05-15,133,21,1575,0,20.4098,4.196305,4.000853,680.2000,0.05,1405168075.6750002
21,2025-04-15,2025-05-15,135,21,1575,0,20.8803,3.873370,3.656337,1211.5000,0.05,1264443512.125
21,2025-04-15,2025-05-15,143,21,1575,0,15.1857,2.616109,3.102873,1189.2000,0.05,9005966088.6
21,2025-04-15,2025-05-15,150,21,1575,0,15.4054,1.992382,2.846729,7818.0000,0.05,3329870953.5
21,2025-04-15,2025-05-15,153,21,1575,0,17.2963,0.736044,3.311713,2028.6000,0.05,2619422126.4
21,2025-04-15,2025-05-15,155,21,1575,0,21.8578,4.074267,4.045442,12012.0000,0.05,456090995.3
21,2025-04-15,2025-05-15,156,21,1575,13,15.3409,3.150147,3.017558,905.0000,0.05,7257830263.95
21,2025-04-15,2025-05-15,168,21,1575,0,21.0617,3.860802,3.696617,164.1000,0.01,1715068017.3000002
21,2025-04-15,2025-05-15,170,21,1575,0,19.3531,0.000000,3.438043,228.7000,0.05,3047535200.3
21,2025-04-15,2025-05-15,172,21,1575,0,22.8992,5.089006,3.824206,107.7000,0.01,875122635.2349999
21,2025-04-15,2025-05-15,182,21,1575,0,32.1746,0.000000,5.719410,1491.5000,0.05,1319286030.375
21,2025-04-15,2025-05-15,185,21,1575,0,18.1203,2.360324,3.218180,310.6000,0.05,6035045417.75
21,2025-04-15,2025-05-15,196,21,1575,0,23.3217,2.844158,4.138141,1113.2000,0.05,1469369761.35
21,2025-04-15,2025-05-15,200,21,1575,0,13.8142,1.024138,2.490686,1849.1000,0.05,8466215747.875
21,2025-04-15,2025-05-15,201,21,1575,0,22.8111,4.096955,4.280936,227.7100,0.05,3544126655.63
21,2025-04-15,2025-05-15,206,21,1575,0,20.3610,2.963473,3.669420,330.5000,0.05,1280184551.6
21,2025-04-15,2025-05-15,217,21,1575,0,25.9460,4.769623,4.215358,1714.1000,0.05,717050270.775
21,2025-04-15,2025-05-15,221,21,1575,0,18.0611,3.230436,3.352441,293.2000,0.05,3291425274.55
21,2025-04-15,2025-05-15,225,21,1575,0,15.4803,1.843952,2.600977,5434.8000,0.05,1684045391.85
21,2025-04-15,2025-05-15,228,21,1575,0,24.2150,0.000000,4.080850,2148.0000,0.05,7186728128.9
21,2025-04-15,2025-05-15,239,21,1575,0,22.7394,4.834029,3.468036,91.5000,0.01,2451609928.645
21,2025-04-15,2025-05-15,252,21,1575,0,22.4886,2.211171,4.407987,1310.0000,0.05,4260303831.175
21,2025-04-15,2025-05-15,267,21,1575,0,26.2652,0.000000,4.084264,634.4000,0.05,1706485117.275
21,2025-04-15,2025-05-15,273,21,1575,0,21.7818,1.871967,4.116619,1555.7000,0.05,1844561677.1
21,2025-04-15,2025-05-15,279,21,1575,0,15.3087,2.842585,2.914252,1515.3000,0.05,2327878708.5
21,2025-04-15,2025-05-15,283,21,1575,0,15.8688,2.123688,3.160057,384.5500,0.05,3386986328.925
21,2025-04-15,2025-05-15,285,21,1575,0,17.7886,3.296154,3.256369,2603.6000,0.05,1127482735.05
21,2025-04-15,2025-05-15,288,21,1575,0,17.5647,2.151128,3.344971,551.7500,0.05,1227039129.4
21,2025-04-15,2025-05-15,302,21,1575,0,20.5927,4.487285,3.574977,333.8500,0.05,910776064.825
21,2025-04-15,2025-05-15,306,21,1575,0,19.6667,2.298577,3.524918,2892.9000,0.05,1770606910.0
21,2025-04-15,2025-05-15,311,21,1575,0,12.5758,2.113590,2.602304,480.0500,0.05,1234592898.175
21,2025-04-15,2025-05-15,345,21,1575,0,18.9446,3.752780,3.303248,6058.0000,0.05,2257973976.775
21,2025-04-15,2025-05-15,346,21,1575,0,23.0274,2.171851,3.871133,16239.0000,0.05,5274482017.075
21,2025-04-15,2025-05-15,347,21,1575,0,20.6405,2.262435,3.652279,677.0500,0.05,2649814430.85
21,2025-04-15,2025-05-15,356,21,1575,0,16.7878,1.702842,3.118841,1174.9000,0.05,2392963396.6
21,2025-04-15,2025-05-15,368,21,1575,0,16.5016,1.488137,2.785936,5530.0000,0.05,2306222457.45
21,2025-04-15,2025-05-15,409,21,1575,0,16.7500,3.888637,3.306518,196.3800,0.01,1658535474.35
21,2025-04-15,2025-05-15,423,21,1575,0,27.7795,5.179873,3.680999,670.9000,0.05,771322433.3
21,2025-04-15,2025-05-15,430,21,1575,0,19.7233,3.356796,3.466967,182.7100,0.01,2812197734.59
21,2025-04-15,2025-05-15,465,21,1575,0,21.5513,3.882888,3.554568,1395.3000,0.05,899567730.075
21,2025-04-15,2025-05-15,479,21,1575,0,18.7233,2.743795,3.424017,1257.3000,0.05,1313808648.425
21,2025-04-15,2025-05-15,481,21,1575,0,25.3833,2.093654,4.395814,2108.9000,0.05,1811507121.225
21,2025-04-15,2025-05-15,496,21,1575,0,16.0017,2.442099,2.671097,2729.8000,0.05,1551595975.5
21,2025-04-15,2025-05-15,524,21,1575,0,21.0610,2.947369,3.770757,4470.0000,0.05,7496333987.125
21,2025-04-15,2025-05-15,529,21,1575,0,16.1190,3.479487,3.209570,1593.0000,0.05,1517885149.4
21,2025-04-15,2025-05-15,534,21,1575,0,17.2699,0.000000,3.191332,1573.0000,0.05,4566916361.775
21,2025-04-15,2025-05-15,536,21,1575,0,19.4475,3.694610,3.504448,2122.1000,0.05,1696305457.0
21,2025-04-15,2025-05-15,537,21,1575,1,10.7403,1.903618,2.300614,962.4000,0.05,23032412682.325
21,2025-04-15,2025-05-15,538,21,1575,0,16.4107,2.865712,2.971223,718.6000,0.05,2201723544.025
21,2025-04-15,2025-05-15,546,21,1575,0,19.1598,0.000000,3.125724,3861.7000,0.05,2830434561.3
21,2025-04-15,2025-05-15,556,21,1575,0,17.9330,2.632901,3.048168,628.3000,0.05,3894415925.8
21,2025-04-15,2025-05-15,562,21,1575,0,21.3151,2.505615,3.886254,362.4500,0.05,2560068242.575
21,2025-04-15,2025-05-15,563,21,1575,0,13.3883,1.114394,2.633044,2354.0000,0.05,4059862423.9
21,2025-04-15,2025-05-15,564,21,1575,0,22.3270,3.505954,3.790391,437.6500,0.05,746168468.05
21,2025-04-15,2025-05-15,590,21,1575,0,11.2035,1.279895,2.453945,1424.5000,0.05,14377297499.45
21,2025-04-15,2025-05-15,593,21,1575,0,17.1003,1.620260,3.134509,1846.3000,0.05,1199305263.55
21,2025-04-15,2025-05-15,609,21,1575,2,26.2714,6.944191,6.687814,7.2100,0.01,4650401068.82
21,2025-04-15,2025-05-15,611,21,1575,0,21.3514,4.858739,3.848612,66.6600,0.01,1908667969.83
21,2025-04-15,2025-05-15,612,21,1575,0,19.7856,3.529109,3.620297,192.4300,0.01,1305635949.955
21,2025-04-15,2025-05-15,627,21,1575,0,23.2592,3.541826,4.161869,799.0000,0.05,2081806447.2
21,2025-04-15,2025-05-15,631,21,1575,0,22.2795,3.295667,3.468170,547.2500,0.05,745772724.375
21,2025-04-15,2025-05-15,634,21,1575,0,18.9425,2.041641,2.902149,5361.0000,0.05,3722836316.675
21,2025-04-15,2025-05-15,647,21,1575,0,24.5604,1.448927,4.403584,820.0500,0.05,4867534303.05
21,2025-04-15,2025-05-15,653,21,1575,0,15.0235,1.057805,2.798299,1468.0000,0.05,10779829079.55
21,2025-04-15,2025-05-15,656,21,1575,0,29.2144,5.224659,4.532403,167.0100,0.01,1199404557.925
21,2025-04-15,2025-05-15,663,21,1575,0,17.9692,3.013881,3.390204,131.9700,0.01,2459362856.8199997
21,2025-04-15,2025-05-15,672,21,1575,0,11.8359,1.150582,2.403361,408.4500,0.05,5700339338.5
21,2025-04-15,2025-05-15,698,21,1575,0,21.6302,3.598929,3.877824,898.2000,0.05,1632462917.475
21,2025-04-15,2025-05-15,720,21,1575,0,21.6904,4.095891,3.881435,479.7000,0.05,1841746190.8249998
21,2025-04-15,2025-05-15,722,21,1575,0,17.6713,2.162730,3.324697,1005.7000,0.05,1693601394.25
21,2025-04-15,2025-05-15,725,21,1575,0,21.1924,3.737997,3.581805,701.9000,0.05,1198234370.025
21,2025-04-15,2025-05-15,750,21,1575,0,23.8053,1.632027,4.255176,3059.3000,0.05,1058335882.25
21,2025-04-15,2025-05-15,771,21,1575,0,14.2526,0.000000,2.710260,427.1000,0.05,7601438415.2
21,2025-04-15,2025-05-15,780,21,1575,0,27.5413,3.931817,4.758805,1245.0000,0.05,1339009403.7
21,2025-04-15,2025-05-15,798,21,1575,0,23.1497,3.559294,3.968812,618.9500,0.05,941575839.8
21,2025-04-15,2025-05-15,805,21,1575,0,20.9526,2.855509,3.419706,604.0500,0.05,1210181666.65
21,2025-04-15,2025-05-15,818,21,1575,0,14.1485,0.000000,2.785718,3325.2000,0.05,7336690991.55
21,2025-04-15,2025-05-15,823,21,1575,0,22.0533,2.980382,3.697104,2056.4000,0.05,1961768656.6
21,2025-04-15,2025-05-15,827,21,1575,0,18.0803,1.983072,3.404992,2927.1000,0.05,7636837189.95
21,2025-04-15,2025-05-15,853,21,1575,0,14.6108,3.294784,2.973103,230.2300,0.05,1538130162.975
21,2025-04-15,2025-05-15,863,21,1575,0,16.9284,3.542916,3.344884,717.9000,0.05,1198689085.5
21,2025-04-15,2025-05-15,865,21,1575,0,14.4112,1.431438,2.515427,12188.0000,0.05,5335270727.2
21,2025-04-15,2025-05-15,878,21,1575,3,25.5632,4.848974,4.876855,1216.0000,0.05,2083834033.75
21,2025-04-15,2025-05-15,886,21,1575,0,17.0429,4.397106,3.964214,1272.8000,0.05,854188114.575
21,2025-04-15,2025-05-15,908,21,1575,0,34.3178,0.000000,4.828245,679.1000,0.05,1072678021.15
21,2025-04-15,2025-05-15,910,21,1575,0,24.7705,3.375565,4.350957,2352.0000,0.05,1358592606.35
21,2025-04-15,2025-05-15,925,21,1575,0,20.7978,4.258227,3.455705,2185.7000,0.05,976028046.5
21,2025-04-15,2025-05-15,938,21,1575,0,23.2100,4.138939,4.061295,159.0000,0.01,2664203504.135
21,2025-04-15,2025-05-15,943,21,1575,0,25.9616,3.774675,4.082717,97.1000,0.01,1400660567.06
21,2025-04-15,2025-05-15,956,21,1575,0,16.4975,3.571858,2.901182,1185.4000,0.05,1872850473.2
21,2025-04-15,2025-05-15,970,21,1575,0,20.0261,3.410733,3.314641,85.4300,0.01,2071205254.125
21,2025-04-15,2025-05-15,982,21,1575,0,20.1595,3.693896,3.623880,64.0000,0.01,2127466574.12
21,2025-04-15,2025-05-15,990,21,1575,0,15.9963,2.473987,2.996788,355.0000,0.05,4987304485.375
21,2025-04-15,2025-05-15,994,21,1575,0,22.0342,2.696571,3.816020,1620.0000,0.05,1324883769.0
21,2025-04-15,2025-05-15,996,21,1575,0,19.1900,2.691974,3.617462,8098.5000,0.05,1665091990.7
21,2025-04-15,2025-05-15,997,21,1575,0,22.9343,4.473373,3.865121,403.2500,0.05,1843875159.675
21,2025-04-15,2025-05-15,1007,21,1575,0,17.5628,2.538904,3.291088,232.2000,0.05,3684334985.7650003
21,2025-04-15,2025-05-15,1028,21,1575,2,17.0601,3.670851,2.923872,45450.0000,0.05,950710286.7
21,2025-04-15,2025-05-15,1049,21,1575,0,24.2937,2.898321,3.903625,5400.0000,0.05,2115165813.975
21,2025-04-15,2025-05-15,1051,21,1575,0,21.4868,3.095353,3.721064,414.1000,0.05,4328721141.700001
21,2025-04-15,2025-05-15,1055,21,1575,0,34.4913,5.962059,5.699886,867.6000,0.05,767348812.05
21,2025-04-15,2025-05-15,1060,21,1575,0,25.9222,3.428950,4.398424,1555.6000,0.05,1119985685.7
21,2025-04-15,2025-05-15,1061,21,1575,0,14.7131,3.048271,2.653191,1513.8000,0.05,902818396.35
21,2025-04-15,2025-05-15,1062,21,1575,0,17.2808,2.650255,3.251816,3647.0000,0.05,1037995675.7
21,2025-04-15,2025-05-15,1068,21,1575,0,19.0975,2.680106,3.142895,93.6500,0.01,2983169459.165
21,2025-04-15,2025-05-15,1070,21,1575,0,25.9216,6.400595,4.412214,1023.9000,0.05,861469857.9
21,2025-04-15,2025-05-15,1076,21,1575,0,19.9804,3.122214,3.739082,5584.5000,0.05,2324354307.575
21,2025-04-15,2025-05-15,1080,21,1575,0,15.7182,1.424651,2.923662,307.7500,0.05,4119427933.75
21,2025-04-15,2025-05-15,1095,21,1575,0,26.4428,3.391682,4.813500,1326.8000,0.05,1417543941.35
21,2025-04-15,2025-05-15,1132,21,1575,0,25.9097,1.922519,4.452117,200.1400,0.01,1285059879.88
21,2025-04-15,2025-05-15,1135,21,1575,0,22.7653,2.631269,3.669512,422.2500,0.05,4426869081.35
21,2025-04-15,2025-05-15,1140,21,1575,0,12.9675,0.000000,2.458099,1398.5000,0.05,15933337711.275
21,2025-04-15,2025-05-15,1173,21,1575,0,24.2872,0.000000,4.015655,359.8000,0.05,3740350365.1
21,2025-04-15,2025-05-15,1179,21,1575,0,21.4335,2.309473,3.819180,115.1500,0.01,2610488385.08
21,2025-04-15,2025-05-15,1206,21,1575,0,16.2242,1.830884,3.192870,894.6500,0.05,848216733.3499999
21,2025-04-15,2025-05-15,1208,21,1575,0,17.5443,2.747736,3.174808,1728.1000,0.05,1874786555.225
21,2025-04-15,2025-05-15,1209,21,1575,0,15.1644,1.668742,2.791909,797.8000,0.05,10229623110.625
21,2025-04-15,2025-05-15,1250,21,1575,2,17.7633,2.026549,2.704455,30320.0000,0.05,849590841.85
21,2025-04-15,2025-05-15,1261,21,1575,0,23.4410,3.363767,4.055938,2891.7000,0.05,2300902959.5
21,2025-04-15,2025-05-15,1283,21,1575,1,20.8982,0.000000,3.464043,13167.0000,0.05,759217670.5
21,2025-04-15,2025-05-15,1305,21,1575,0,20.3649,3.088950,3.580794,2999.9000,0.05,1169845874.15
21,2025-04-15,2025-05-15,1334,21,1575,0,14.5616,2.563533,2.800435,1767.4000,0.05,3218626237.2
21,2025-04-15,2025-05-15,1341,21,1575,0,23.9158,3.250671,3.807276,3500.0000,0.05,714873069.75
21,2025-04-15,2025-05-15,1349,21,1575,0,26.3324,2.935295,4.118500,57.0600,0.01,3373602174.18
21,2025-04-15,2025-05-15,1366,21,1575,0,17.5736,0.000000,3.126794,1141.5000,0.05,1587478474.9499998
21,2025-04-15,2025-05-15,1367,21,1575,0,22.7487,1.819881,3.984948,5743.5000,0.05,868040358.1
21,2025-04-15,2025-05-15,1372,21,1575,0,18.6773,3.465726,3.310129,388.2500,0.05,3971907311.65
21,2025-04-15,2025-05-15,1373,21,1575,0,16.8101,2.802321,3.370956,138.3700,0.01,5597834687.559999
21,2025-04-15,2025-05-15,1383,21,1575,0,12.9301,0.786138,2.507646,3442.2000,0.05,8448720991.575
21,2025-04-15,2025-05-15,1386,21,1575,0,18.8652,2.445441,3.522576,1428.7000,0.05,2709106650.65
21,2025-04-15,2025-05-15,1406,21,1575,0,23.4014,3.179342,4.030304,2841.7000,0.05,801969892.075
21,2025-04-15,2025-05-15,1415,21,1575,0,15.2950,0.587479,2.924761,3363.6000,0.05,3602196336.875
21,2025-04-15,2025-05-15,1420,21,1575,0,17.3044,3.673311,3.234181,3253.9000,0.05,758332812.9
21,2025-04-15,2025-05-15,1426,21,1575,0,23.4077,0.000000,3.759381,3498.7000,0.05,4797233087.175
21,2025-04-15,2025-05-15,1438,21,1575,0,18.6861,2.712205,3.457028,2734.5000,0.05,1700928905.85
21,2025-04-15,2025-05-15,1451,21,1575,0,14.3332,0.000000,2.674344,11482.0000,0.05,3414878976.6
21,2025-04-15,2025-05-15,1455,21,1575,0,22.0991,3.538948,3.864591,119.1700,0.01,1338884281.9099998
21,2025-04-15,2025-05-15,1461,21,1575,0,22.6091,5.139354,3.523736,671.7000,0.05,1210644909.4
21,2025-04-15,2025-05-15,1480,21,1575,0,22.4629,2.323596,3.243311,528.2000,0.05,3085067002.35
21,2025-04-15,2025-05-15,1481,21,1575,0,20.4349,3.897244,3.552699,209.9500,0.01,4727295330.825
21,2025-04-15,2025-05-15,1510,21,1575,0,20.1599,4.878911,3.650876,1258.0000,0.05,2132988647.4
21,2025-04-15,2025-05-15,1532,21,1575,0,15.2722,0.000000,2.835303,236.4000,0.05,3176483091.175
21,2025-04-15,2025-05-15,1539,21,1575,0,22.7999,0.000000,4.074454,18.1900,0.01,1986130443.3600001
21,2025-04-15,2025-05-15,9424,21,1575,0,18.4146,1.535330,3.399319,4185.7000,0.05,2029252514.825
21,2025-04-15,2025-05-15,9428,21,1575,0,30.3307,5.044737,4.802531,992.0500,0.05,2349285451.8500004
21,2025-04-15,2025-05-15,9486,21,1575,0,22.5632,3.102871,3.896679,90.4300,0.01,2507535453.73
21,2025-04-15,2025-05-15,9621,21,1575,0,18.2173,2.294871,3.447284,256.3000,0.05,5225111851.75
21,2025-04-15,2025-05-15,9674,21,1575,0,17.8485,2.218301,3.151713,880.9500,0.05,1285252380.75
21,2025-04-15,2025-05-15,9728,21,1575,0,27.1892,0.000000,4.276062,14386.0000,0.05,819661405.9000001
21,2025-04-15,2025-05-15,9752,21,1575,0,26.5070,3.182783,4.701539,863.2500,0.05,4398276443.75
21,2025-04-15,2025-05-15,9754,21,1575,0,19.7390,2.705685,3.480223,127.2200,0.01,3412510811.1
21,2025-04-15,2025-05-15,9882,21,1575,0,21.7008,2.869760,3.547583,380.9000,0.05,2934106572.375
21,2025-04-15,2025-05-15,9891,21,1575,0,27.8934,4.847401,4.946003,910.1500,0.05,1599356207.35
21,2025-04-15,2025-05-15,9894,21,1575,0,14.4718,2.626472,2.859076,392.6000,0.05,1220529243.0
21,2025-04-15,2025-05-15,9936,21,1575,0,20.4628,2.379680,3.730320,2528.4000,0.05,1052009342.4
21,2025-04-15,2025-05-15,9973,21,1575,0,24.0541,0.000000,4.089587,1487.0000,0.05,3041555077.15
21,2025-04-15,2025-05-15,9983,21,1575,0,23.3884,2.422531,4.198906,484.1500,0.05,923318633.1
21,2025-04-15,2025-05-15,10023,21,1575,0,29.4925,0.000000,4.504500,325.5000,0.05,4951673561.45
21,2025-04-15,2025-05-15,10052,21,1575,0,29.3004,0.000000,4.661069,5811.0000,0.05,1957908308.95
21,2025-04-15,2025-05-15,10071,21,1575,0,22.0169,2.715712,3.462100,193.9100,0.01,1063221542.5999999
21,2025-04-15,2025-05-15,10140,21,1575,0,15.2642,2.549097,2.804229,1708.9000,0.05,1427799056.9250002
21,2025-04-15,2025-05-15,10188,21,1575,0,27.8633,2.643288,4.967292,1303.4000,0.05,1478045000.7
21,2025-04-15,2025-05-15,10351,21,1575,0,29.7250,4.136195,5.085084,969.7000,0.05,561694443.775
21,2025-04-15,2025-05-15,10361,21,1575,0,21.4977,3.290216,3.918045,167.5500,0.01,827748256.5
21,2025-04-15,2025-05-15,10399,21,1575,0,17.0383,0.000000,2.880727,1549.8000,0.05,945850704.0
21,2025-04-15,2025-05-15,10431,21,1575,0,24.0956,3.596012,4.109753,522.8500,0.05,3053078111.9
21,2025-04-15,2025-05-15,10587,21,1575,0,23.0198,3.582765,4.109854,167.5400,0.01,2600966253.04
21,2025-04-15,2025-05-15,10694,21,1575,0,34.9942,4.810818,5.509088,1110.8000,0.05,738214948.4
21,2025-04-15,2025-05-15,10840,21,1575,0,19.6348,2.704188,3.191301,634.2000,0.05,996550378.975
21,2025-04-15,2025-05-15,11084,21,1575,0,24.8190,4.164857,4.078110,642.4500,0.05,3579865419.0
21,2025-04-15,2025-05-15,11223,21,1575,0,31.4244,4.003955,4.891005,2670.0000,0.05,3278833043.95
21,2025-04-15,2025-05-15,11452,21,1575,0,26.4281,5.620292,4.584327,1641.8000,0.05,2079239646.125
21,2025-04-15,2025-05-15,11457,21,1575,0,26.7299,4.858869,5.120450,236.3000,0.05,2300753060.475
21,2025-04-15,2025-05-15,11480,21,1575,0,22.7871,3.329148,3.766528,1113.8000,0.05,1756627106.1
21,2025-04-15,2025-05-15,11705,21,1575,0,34.2061,4.482418,6.541363,2868.0000,0.05,7726069993.775
21,2025-04-15,2025-05-15,11777,21,1575,0,23.2264,3.331260,4.324451,772.2000,0.05,1396236105.575
22,2025-05-16,2025-06-13,15,21,1575,0,15.6395,3.496952,2.880244,6006.0000,0.05,2232630651.05
22,2025-05-16,2025-06-13,24,21,1575,0,15.7817,1.237949,3.093536,2458.0000,0.05,3209914402.6000004
22,2025-05-16,2025-06-13,26,21,1575,0,20.4225,1.431723,3.620341,1012.0000,0.05,2616265138.95
22,2025-05-16,2025-06-13,27,21,1575,0,13.7729,2.420551,2.942318,1422.1000,0.05,3222084604.275
22,2025-05-16,2025-06-13,28,21,1575,1,20.1423,0.000000,3.506307,111.1500,0.01,2288451044.25
22,2025-05-16,2025-06-13,68,21,1575,0,21.7099,1.706810,3.462938,6453.5000,0.05,1996665807.0500002
22,2025-05-16,2025-06-13,70,21,1575,0,13.2498,1.827384,2.444150,560.8500,0.05,1410683325.1
22,2025-05-16,2025-06-13,87,21,1575,1,14.9057,3.248559,2.866580,1833.9000,0.05,729038189.25
22,2025-05-16,2025-06-13,90,21,1575,0,11.3426,2.486941,2.191805,6959.5000,0.05,2180997426.525
22,2025-05-16,2025-06-13,118,21,1575,9,14.9758,2.399978,2.892950,119.4500,0.01,1680268121.58
22,2025-05-16,2025-06-13,120,21,1575,0,10.5863,1.820452,1.968212,2271.6000,0.05,2931637915.05
22,2025-05-16,2025-06-13,125,21,1575,0,17.7694,2.496279,3.355065,1504.2000,0.05,807338525.55
22,2025-05-16,2025-06-13,133,21,1575,0,16.2990,2.952530,3.158405,703.3500,0.05,1430475998.65
22,2025-05-16,2025-06-13,135,21,1575,0,15.6375,2.894745,2.996901,1165.6000,0.05,1227651539.575
22,2025-05-16,2025-06-13,143,21,1575,0,11.7012,0.000000,2.335162,1199.4000,0.05,8965633487.1
22,2025-05-16,2025-06-13,150,21,1575,0,13.0064,1.897361,2.496915,8436.0000,0.05,3151456221.3
22,2025-05-16,2025-06-13,153,21,1575,0,15.3183,0.000000,2.900971,2016.5000,0.05,2804628011.1499996
22,2025-05-16,2025-06-13,155,21,1575,0,24.8659,0.000000,3.866084,13613.0000,0.05,481764406.25
22,2025-05-16,2025-06-13,156,21,1575,45,12.2665,0.000000,2.626722,921.0000,0.05,7395287926.4
22,2025-05-16,2025-06-13,168,21,1575,0,17.4490,2.253556,3.049106,169.6200,0.01,1649291748.385
22,2025-05-16,2025-06-13,170,21,1575,0,14.2443,0.802321,2.682946,228.7500,0.05,2911609175.335
22,2025-05-16,2025-06-13,172,21,1575,0,18.2007,2.437046,3.107517,111.8200,0.01,858330894.37
22,2025-05-16,2025-06-13,182,21,1575,0,29.8835,0.000000,5.190465,1931.8000,0.05,1435139004.9250002
22,2025-05-16,2025-06-13,185,21,1575,0,16.5756,1.317262,3.159534,386.8500,0.05,6078040189.799999
22,2025-05-16,2025-06-13,196,21,1575,0,17.6249,3.412407,3.301728,1259.2000,0.05,1485857249.1
22,2025-05-16,2025-06-13,200,21,1575,0,10.0418,1.322112,2.051431,1848.7000,0.05,8716081686.0
22,2025-05-16,2025-06-13,201,21,1575,0,20.4188,0.703559,3.683052,255.8500,0.05,3333980918.7
22,2025-05-16,2025-06-13,206,21,1575,0,16.3508,2.238611,3.109037,335.6000,0.05,1212838790.475
22,2025-05-16,2025-06-13,217,21,1575,0,19.0094,1.342592,3.246425,1568.3000,0.05,763836668.175
22,2025-05-16,2025-06-13,221,21,1575,1,15.1411,0.000000,2.459905,302.7500,0.05,2891411760.925
22,2025-05-16,2025-06-13,225,21,1575,0,12.7993,2.462852,2.253678,5524.5000,0.05,1641232923.4
22,2025-05-16,2025-06-13,239,21,1575,0,16.0959,0.000000,2.797460,103.8600,0.01,2391281790.715
22,2025-05-16,2025-06-13,252,21,1575,0,23.6395,0.000000,3.921727,1540.9000,0.05,4571779564.5
22,2025-05-16,2025-06-13,267,21,1575,0,17.7613,2.769162,3.086324,690.1500,0.05,1706485117.275
22,2025-05-16,2025-06-13,273,21,1575,0,18.4834,2.543473,3.416737,1616.7000,0.05,1978479183.6
22,2025-05-16,2025-06-13,279,21,1575,0,11.5309,1.439485,2.161520,1485.5000,0.05,2360770461.075
22,2025-05-16,2025-06-13,283,21,1575,0,11.7569,2.010503,2.483708,389.4500,0.05,3241365758.1000004
22,2025-05-16,2025-06-13,285,21,1575,0,12.5309,1.934316,2.517981,2480.2000,0.05,1143180656.175
22,2025-05-16,2025-06-13,288,21,1575,0,17.2703,2.202309,3.143436,620.7500,0.05,1080215478.3249998
22,2025-05-16,2025-06-13,302,21,1575,0,16.7074,2.882287,2.985230,351.3000,0.05,881674382.425
22,2025-05-16,2025-06-13,306,21,1575,0,17.2148,3.016798,3.456277,3264.7000,0.05,1761239307.65
22,2025-05-16,2025-06-13,311,21,1575,0,11.0235,2.206885,2.114540,482.8500,0.05,1201460436.025
22,2025-05-16,2025-06-13,345,21,1575,0,14.2714,2.176532,2.704379,6616.0000,0.05,2334459639.6000004
22,2025-05-16,2025-06-13,346,21,1575,0,15.2241,0.000000,2.754346,14900.0000,0.05,5670939823.5
22,2025-05-16,2025-06-13,347,21,1575,0,18.2318,0.000000,3.051489,796.5500,0.05,2448026762.5
22,2025-05-16,2025-06-13,356,21,1575,0,12.9773,2.150831,2.628190,1246.7000,0.05,2379627346.2
22,2025-05-16,2025-06-13,368,21,1575,0,11.9191,1.603311,2.233542,5375.5000,0.05,2255595150.975
22,2025-05-16,2025-06-13,409,21,1575,0,14.0267,1.372758,2.779734,202.9000,0.01,1591192741.75
22,2025-05-16,2025-06-13,423,21,1575,0,22.1815,0.858094,4.032706,721.9000,0.05,868495429.575
22,2025-05-16,2025-06-13,430,21,1575,0,15.6487,0.000000,2.708204,185.9900,0.01,2721562238.98
22,2025-05-16,2025-06-13,465,21,1575,0,19.4358,3.541761,3.585868,1455.5000,0.05,932454592.6
22,2025-05-16,2025-06-13,479,21,1575,0,14.2121,3.113719,2.841683,1245.0000,0.05,1370559292.875
22,2025-05-16,2025-06-13,481,21,1575,0,21.8375,2.823313,4.077211,2256.9000,0.05,1861541972.75
22,2025-05-16,2025-06-13,496,21,1575,0,14.2933,2.676209,2.693362,2655.4000,0.05,1554121230.4499998
22,2025-05-16,2025-06-13,524,21,1575,0,17.1350,0.000000,3.134452,5017.0000,0.05,7679917120.0
22,2025-05-16,2025-06-13,529,21,1575,0,11.9844,2.707922,2.450571,1559.4000,0.05,1478284226.475
22,2025-05-16,2025-06-13,534,21,1575,0,12.3812,0.000000,2.575943,1653.3000,0.05,4560701217.5
22,2025-05-16,2025-06-13,536,21,1575,3,16.4095,3.043388,3.138382,2314.4000,0.05,1732122784.6999998
22,2025-05-16,2025-06-13,537,21,1575,0,8.8814,0.000000,2.022248,967.0000,0.05,22912446789.3
22,2025-05-16,2025-06-13,538,21,1575,0,13.8258,1.934220,2.691347,760.8000,0.05,2131248769.275
22,2025-05-16,2025-06-13,546,21,1575,0,14.3049,1.979044,2.645895,4316.4000,0.05,2793547597.5
22,2025-05-16,2025-06-13,556,21,1575,0,14.3309,2.981462,2.887522,651.9500,0.05,3638900095.725
22,2025-05-16,2025-06-13,562,21,1575,0,15.3733,2.589810,2.769264,377.5000,0.05,2463075653.3
22,2025-05-16,2025-06-13,563,21,1575,0,10.1995,1.423331,1.954981,2368.0000,0.05,4104024146.25
22,2025-05-16,2025-06-13,590,21,1575,0,8.9650,0.000000,1.978496,1443.1000,0.05,14657582747.95
22,2025-05-16,2025-06-13,593,21,1575,0,14.9383,2.665628,2.870661,1876.4000,0.05,1228574588.55
22,2025-05-16,2025-06-13,609,21,1575,1,31.2488,7.621060,6.651655,6.9000,0.01,4209232936.785
22,2025-05-16,2025-06-13,611,21,1575,0,14.9710,0.670626,2.957716,68.0200,0.01,1896988043.415
22,2025-05-16,2025-06-13,612,21,1575,0,26.6183,1.429085,3.428171,198.7000,0.01,1226828530.0349998
22,2025-05-16,2025-06-13,627,21,1575,0,14.6690,2.122590,2.845472,770.1000,0.05,2226973063.85
22,2025-05-16,2025-06-13,631,21,1575,0,18.5008,2.502159,3.194077,587.5000,0.05,763434078.6500001
22,2025-05-16,2025-06-13,634,21,1575,0,14.9085,0.000000,2.353556,5459.5000,0.05,3974005496.875
22,2025-05-16,2025-06-13,647,21,1575,0,19.9995,0.000000,2.905470,811.6500,0.05,4998493762.95
22,2025-05-16,2025-06-13,653,21,1575,0,10.9133,0.481217,2.141278,1538.1000,0.05,10945464885.75
22,2025-05-16,2025-06-13,656,21,1575,0,23.9121,4.686338,4.218395,182.8500,0.01,1212754680.6100001
22,2025-05-16,2025-06-13,663,21,1575,0,12.5985,0.270647,2.418119,135.8400,0.01,2279146528.505
22,2025-05-16,2025-06-13,672,21,1575,0,9.5310,0.000000,1.996243,403.3500,0.05,5712423297.325
22,2025-05-16,2025-06-13,698,21,1575,0,15.4131,1.796865,2.901530,958.1000,0.05,1576087442.925
22,2025-05-16,2025-06-13,720,21,1575,0,19.7236,2.925643,3.471980,505.1000,0.05,1765947725.85
22,2025-05-16,2025-06-13,722,21,1575,0,15.8909,3.168084,3.149818,1004.6000,0.05,1640275010.0749998
22,2025-05-16,2025-06-13,725,21,1575,0,16.1307,2.961750,2.926667,673.3500,0.05,1176307650.1
22,2025-05-16,2025-06-13,750,21,1575,0,17.1692,3.531030,3.323908,3593.0000,0.05,1111405803.3
22,2025-05-16,2025-06-13,771,21,1575,2,11.3007,0.797744,2.427065,416.0000,0.05,7488501640.2
22,2025-05-16,2025-06-13,780,21,1575,0,16.8390,2.470033,3.385497,1336.6000,0.05,1381693629.0500002
22,2025-05-16,2025-06-13,798,21,1575,0,17.0324,2.946839,3.243809,612.2500,0.05,996290134.4000001
22,2025-05-16,2025-06-13,805,21,1575,0,15.3116,2.386719,2.916257,601.7000,0.05,1068911618.0
22,2025-05-16,2025-06-13,818,21,1575,0,11.5663,2.110750,2.465388,3637.6000,0.05,7095849396.6
22,2025-05-16,2025-06-13,823,21,1575,0,13.4948,2.262708,2.756800,1987.2000,0.05,2014146031.1
22,2025-05-16,2025-06-13,827,21,1575,0,13.2433,0.000000,2.557182,3053.8000,0.05,7840154283.75
22,2025-05-16,2025-06-13,853,21,1575,0,17.9045,0.000000,3.080296,233.2000,0.05,1553545841.46
22,2025-05-16,2025-06-13,863,21,1575,0,13.1368,2.436785,2.389616,705.0000,0.05,1245914807.85
22,2025-05-16,2025-06-13,865,21,1575,0,11.0109,0.000000,1.934366,12430.0000,0.05,5289455796.875
22,2025-05-16,2025-06-13,878,21,1575,2,22.1196,0.000000,3.881955,1325.0000,0.05,2126672760.975
22,2025-05-16,2025-06-13,886,21,1575,0,15.1069,3.686001,2.951839,1501.3000,0.05,830550225.5250001
22,2025-05-16,2025-06-13,908,21,1575,0,25.3454,2.583720,4.408863,810.5500,0.05,1149893086.1
22,2025-05-16,2025-06-13,910,21,1575,0,17.6724,2.593601,3.380690,2435.6000,0.05,1467803538.85
22,2025-05-16,2025-06-13,925,21,1575,0,21.2352,5.557381,3.377255,2197.9000,0.05,1029194774.05
22,2025-05-16,2025-06-13,938,21,1575,0,17.2672,3.015121,3.286829,183.0000,0.01,2593422551.795
22,2025-05-16,2025-06-13,939,21,1575,0,19.1028,2.191466,3.601195,1468.0000,0.05,1905276519.9
22,2025-05-16,2025-06-13,943,21,1575,0,25.6972,3.789904,4.292758,118.5100,0.01,1372831992.87
22,2025-05-16,2025-06-13,956,21,1575,5,11.6409,1.176004,2.466046,1202.1000,0.05,1889717487.7
22,2025-05-16,2025-06-13,970,21,1575,0,16.5837,2.034716,2.815477,87.4500,0.01,1859628140.24
22,2025-05-16,2025-06-13,982,21,1575,0,16.3056,3.122198,3.282150,69.1700,0.01,1904750555.4450002
22,2025-05-16,2025-06-13,990,21,1575,0,11.7734,2.707113,2.493541,338.9500,0.05,4878775162.475
22,2025-05-16,2025-06-13,994,21,1575,0,20.1630,2.619601,3.519543,1751.8000,0.05,1356559807.85
22,2025-05-16,2025-06-13,996,21,1575,0,18.8803,2.442607,3.111449,8326.5000,0.05,1582581767.85
22,2025-05-16,2025-06-13,997,21,1575,0,19.2867,2.014594,3.363532,427.7000,0.05,1545151251.175
22,2025-05-16,2025-06-13,1007,21,1575,0,12.9570,1.697604,2.691593,232.5000,0.05,3639714338.175
22,2025-05-16,2025-06-13,1028,21,1575,0,14.3710,2.761409,2.189475,46615.0000,0.05,971049269.7
22,2025-05-16,2025-06-13,1049,21,1575,0,15.9230,0.840429,2.909203,5665.5000,0.05,2247693389.75
22,2025-05-16,2025-06-13,1051,21,1575,0,16.7732,1.972395,3.002175,411.9000,0.05,4069111873.2
22,2025-05-16,2025-06-13,1055,21,1575,0,23.7901,3.008066,4.214654,771.7500,0.05,897307923.0
22,2025-05-16,2025-06-13,1060,21,1575,0,21.8594,3.339995,3.924816,1594.8000,0.05,1062521014.05
22,2025-05-16,2025-06-13,1061,21,1575,0,12.4441,2.305108,2.486419,1527.0000,0.05,879922228.55
22,2025-05-16,2025-06-13,1062,21,1575,0,17.3003,2.057040,2.954861,3837.6000,0.05,997889707.675
22,2025-05-16,2025-06-13,1068,21,1575,0,15.0469,1.318943,2.667576,96.8600,0.01,2843669809.6
22,2025-05-16,2025-06-13,1070,21,1575,0,19.5826,3.832470,3.667778,1055.5000,0.05,990680156.4000001
22,2025-05-16,2025-06-13,1076,21,1575,0,13.6273,2.216663,2.611994,6008.0000,0.05,2229670855.25
22,2025-05-16,2025-06-13,1080,21,1575,0,13.5319,2.085929,2.716151,294.4000,0.05,4091712037.375
22,2025-05-16,2025-06-13,1095,21,1575,0,23.8942,5.384183,4.396902,1503.7000,0.05,1370299506.6750002
22,2025-05-16,2025-06-13,1132,21,1575,0,21.8794,0.000000,3.319360,212.5900,0.01,1275340054.12
22,2025-05-16,2025-06-13,1135,21,1575,0,15.6451,2.152407,2.926584,404.5500,0.05,4315580412.0
22,2025-05-16,2025-06-13,1140,21,1575,0,9.6651,0.000000,2.062355,1429.9000,0.05,16185959562.35
22,2025-05-16,2025-06-13,1173,21,1575,0,27.4236,0.000000,3.991654,414.5500,0.05,3506349677.15
22,2025-05-16,2025-06-13,1179,21,1575,0,16.0431,3.183991,3.083220,129.4200,0.01,2307540743.15
22,2025-05-16,2025-06-13,1206,21,1575,0,14.4880,1.611410,2.706590,917.1000,0.05,888081225.175
22,2025-05-16,2025-06-13,1208,21,1575,0,11.5262,1.942422,2.202926,1784.3000,0.05,1892696355.375
22,2025-05-16,2025-06-13,1209,21,1575,0,9.7590,0.969668,2.118236,797.2500,0.05,10246375069.85
22,2025-05-16,2025-06-13,1250,21,1575,2,13.6420,2.606784,2.434058,29930.0000,0.05,846848611.95
22,2025-05-16,2025-06-13,1261,21,1575,0,18.6694,3.771761,3.662359,3297.9000,0.05,2205041882.55
22,2025-05-16,2025-06-13,1283,21,1575,0,21.0676,0.000000,3.210225,16162.0000,0.05,763677410.6500001
22,2025-05-16,2025-06-13,1305,21,1575,0,15.3870,2.111940,2.766013,2964.8000,0.05,1193184103.1
22,2025-05-16,2025-06-13,1334,21,1575,0,12.0099,1.745769,2.384442,1684.9000,0.05,3408807620.275
22,2025-05-16,2025-06-13,1341,21,1575,0,21.4439,2.149432,3.796202,4211.6000,0.05,712597738.125
22,2025-05-16,2025-06-13,1349,21,1575,0,24.1188,0.100446,4.239252,66.1700,0.01,3392236103.3
22,2025-05-16,2025-06-13,1366,21,1575,0,12.9446,2.160143,2.489950,1121.4000,0.05,1566241147.1
22,2025-05-16,2025-06-13,1367,21,1575,0,12.8715,2.596471,2.828179,6413.0000,0.05,907855016.55
22,2025-05-16,2025-06-13,1372,21,1575,0,14.3624,2.609601,2.785827,400.0000,0.05,3656147505.725
22,2025-05-16,2025-06-13,1373,21,1575,0,12.1926,2.269341,2.594171,156.5500,0.01,5387866051.285
22,2025-05-16,2025-06-13,1383,21,1575,0,9.3352,1.272421,2.034444,3479.4000,0.05,8578311448.125
22,2025-05-16,2025-06-13,1386,21,1575,0,13.1051,2.119157,2.796205,1521.7000,0.05,2780813642.0
22,2025-05-16,2025-06-13,1406,21,1575,0,19.7050,3.411700,3.421767,3044.6000,0.05,824427852.45
22,2025-05-16,2025-06-13,1415,21,1575,0,12.4820,1.799720,2.580125,3548.9000,0.05,3493151065.55
22,2025-05-16,2025-06-13,1420,21,1575,0,14.5911,3.429161,3.094668,3173.4000,0.05,800933464.875
22,2025-05-16,2025-06-13,1426,21,1575,0,15.7636,0.000000,2.944890,3730.0000,0.05,4968091031.825
22,2025-05-16,2025-06-13,1438,21,1575,0,14.4222,2.218380,2.624441,2772.3000,0.05,1716631638.3000002
22,2025-05-16,2025-06-13,1451,21,1575,0,11.3555,0.000000,2.066320,11164.0000,0.05,3455727284.4
22,2025-05-16,2025-06-13,1455,21,1575,0,20.4851,1.518336,3.243329,134.4700,0.01,1310390279.975
22,2025-05-16,2025-06-13,1461,21,1575,0,12.5461,2.545859,2.475103,635.2000,0.05,1203349241.075
22,2025-05-16,2025-06-13,1480,21,1575,0,13.6227,0.000000,2.524372,479.6500,0.05,3120726271.025
22,2025-05-16,2025-06-13,1481,21,1575,0,15.0465,0.938404,2.799092,223.8500,0.01,4474653147.425
22,2025-05-16,2025-06-13,1510,21,1575,0,14.1862,2.827215,2.671341,1264.5000,0.05,2107017193.275
22,2025-05-16,2025-06-13,1532,21,1575,0,11.5474,0.917262,2.337239,243.6000,0.05,3252227955.1499996
22,2025-05-16,2025-06-13,1539,21,1575,2,17.2220,2.582489,3.556376,21.0400,0.01,1815238281.31
22,2025-05-16,2025-06-13,9424,21,1575,0,17.1545,1.627130,2.915113,4093.8000,0.05,2082759659.0
22,2025-05-16,2025-06-13,9428,21,1575,0,29.0120,0.000000,4.670561,1063.6000,0.05,2144826363.0
22,2025-05-16,2025-06-13,9486,21,1575,0,19.3760,3.178468,3.397256,100.8600,0.01,2546370116.715
22,2025-05-16,2025-06-13,9621,21,1575,0,15.2347,2.303691,3.031206,286.9000,0.05,4907679075.389999
22,2025-05-16,2025-06-13,9674,21,1575,0,15.2732,2.969624,2.791677,925.4500,0.05,1258023233.1
22,2025-05-16,2025-06-13,9728,21,1575,0,27.6498,0.000000,3.873847,17722.0000,0.05,852857445.625
22,2025-05-16,2025-06-13,9752,21,1575,0,21.9378,3.651587,3.879534,884.8500,0.05,4679996091.325001
22,2025-05-16,2025-06-13,9754,21,1575,0,19.2582,2.344779,3.404124,140.4800,0.01,3128738649.795
22,2025-05-16,2025-06-13,9882,21,1575,0,18.3317,3.438418,3.081401,372.7000,0.05,2790369649.975
22,2025-05-16,2025-06-13,9891,21,1575,0,18.8458,1.243762,4.027518,879.5000,0.05,1721595596.5
22,2025-05-16,2025-06-13,9894,21,1575,0,14.3165,0.000000,2.871277,459.2500,0.05,1133969078.2
22,2025-05-16,2025-06-13,9936,21,1575,0,16.2920,2.632133,3.064931,2434.5000,0.05,1064691131.35
22,2025-05-16,2025-06-13,9983,21,1575,0,19.5341,3.316223,3.343400,535.0000,0.05,908966965.025
22,2025-05-16,2025-06-13,10023,21,1575,0,23.7528,0.000000,4.000873,330.7000,0.05,4532334474.2
22,2025-05-16,2025-06-13,10038,21,1575,0,22.7886,3.859050,3.513502,361.0500,0.05,716286943.75
22,2025-05-16,2025-06-13,10052,21,1575,0,22.4218,1.050168,3.713399,5930.0000,0.05,2230883957.35
22,2025-05-16,2025-06-13,10071,21,1575,0,19.0652,0.000000,2.986330,200.0000,0.01,1112994817.025
22,2025-05-16,2025-06-13,10140,21,1575,0,17.7618,2.746168,2.533826,1877.2000,0.05,1287764178.0
22,2025-05-16,2025-06-13,10188,21,1575,0,20.3555,3.534527,4.078677,1446.3000,0.05,1557609341.025
22,2025-05-16,2025-06-13,10351,21,1575,0,27.4447,3.659267,4.416378,1021.5000,0.05,594195928.775
22,2025-05-16,2025-06-13,10361,21,1575,0,18.2864,3.206959,3.221320,174.9000,0.01,858281067.24
22,2025-05-16,2025-06-13,10399,21,1575,0,17.0907,4.324987,3.215627,1551.2000,0.05,950363672.05
22,2025-05-16,2025-06-13,10431,21,1575,0,16.5532,1.611906,3.088568,555.2000,0.05,3318130336.025
22,2025-05-16,2025-06-13,10587,21,1575,0,21.2562,3.239832,3.673203,174.3100,0.01,2490258718.565
22,2025-05-16,2025-06-13,10687,21,1575,0,15.7620,3.129256,2.618172,86.1500,0.01,807394405.86
22,2025-05-16,2025-06-13,10691,21,1575,0,23.7980,4.354547,3.852974,126.2000,0.01,1993265055.385
22,2025-05-16,2025-06-13,10694,21,1575,0,24.5811,2.587979,4.340042,1087.6000,0.05,908241172.675
22,2025-05-16,2025-06-13,10840,21,1575,0,16.6013,0.434217,2.588434,568.7000,0.05,1036204199.475
22,2025-05-16,2025-06-13,11084,21,1575,0,19.5122,0.000000,3.187361,659.0000,0.05,3607403182.025
22,2025-05-16,2025-06-13,11223,21,1575,0,26.2108,0.000000,4.124376,2889.8000,0.05,3526198810.95
22,2025-05-16,2025-06-13,11452,21,1575,0,22.5612,1.614196,4.015205,1780.9000,0.05,2151847653.35
22,2025-05-16,2025-06-13,11457,21,1575,0,25.7494,1.580466,4.708200,304.0000,0.05,2447083781.75
22,2025-05-16,2025-06-13,11480,21,1575,0,19.2576,2.693781,3.545591,1160.0000,0.05,1818906384.325
22,2025-05-16,2025-06-13,11705,21,1575,0,27.4944,2.526668,4.925378,3422.0000,0.05,9109157066.85
22,2025-05-16,2025-06-13,11777,21,1575,0,18.9891,2.785371,3.549864,798.7000,0.05,1554386902.9
23,2025-06-16,2025-07-14,15,21,1575,0,13.8472,1.086269,2.422761,5939.5000,0.05,2141274085.9
23,2025-06-16,2025-07-14,24,21,1575,0,14.0734,2.553066,2.748788,2498.5000,0.05,2876686561.6
23,2025-06-16,2025-07-14,26,21,1575,0,17.7542,1.512837,3.287292,993.9000,0.05,2560041802.9
23,2025-06-16,2025-07-14,27,21,1575,0,12.3702,1.866678,2.517095,1430.2000,0.05,3097717136.2
23,2025-06-16,2025-07-14,28,21,1575,1,19.8786,0.000000,3.635154,117.1500,0.01,2166807364.2
23,2025-06-16,2025-07-14,68,21,1575,0,23.1310,0.000000,3.305957,6859.0000,0.05,2129912512.0
23,2025-06-16,2025-07-14,70,21,1575,0,14.8966,2.132426,2.737369,575.8000,0.05,1299529849.5
23,2025-06-16,2025-07-14,87,21,1575,0,16.6928,3.016561,2.968874,1746.7000,0.05,725727182.25
23,2025-06-16,2025-07-14,90,21,1575,0,10.6981,2.535989,1.912816,7213.0000,0.05,2165820290.0
23,2025-06-16,2025-07-14,118,21,1575,8,12.2231,2.260383,2.401025,124.4000,0.01,1587734473.92
23,2025-06-16,2025-07-14,120,21,1575,0,10.7453,0.000000,2.206129,2343.8000,0.05,2869965330.0
23,2025-06-16,2025-07-14,125,21,1575,0,15.2590,2.747849,2.801326,1501.5000,0.05,794750525.25
23,2025-06-16,2025-07-14,133,21,1575,0,14.9810,2.046762,2.674745,811.3500,0.05,1423668629.7
23,2025-06-16,2025-07-14,135,21,1575,0,15.7246,0.978279,2.642911,1131.6000,0.05,1211517204.4
23,2025-06-16,2025-07-14,143,21,1575,0,9.9896,0.271776,2.045861,1206.4000,0.05,8705605764.4
23,2025-06-16,2025-07-14,150,21,1575,0,10.4510,0.590277,1.943625,8360.5000,0.05,3227392763.5
23,2025-06-16,2025-07-14,153,21,1575,0,12.9988,0.494592,2.286180,2009.7000,0.05,2854740661.3
23,2025-06-16,2025-07-14,155,21,1575,0,17.7090,3.529349,3.279364,13847.0000,0.05,608578697.8
23,2025-06-16,2025-07-14,168,21,1575,0,15.7724,0.000000,3.139969,179.6900,0.01,1534335455.7
23,2025-06-16,2025-07-14,170,21,1575,0,13.3330,1.989317,2.572596,232.2500,0.05,2732494841.72
23,2025-06-16,2025-07-14,172,21,1575,0,14.4815,0.847095,2.735866,112.5700,0.01,851724000.0
23,2025-06-16,2025-07-14,182,21,1575,0,21.2474,1.207632,3.748448,1911.8000,0.05,1457780558.95
23,2025-06-16,2025-07-14,185,21,1575,0,12.9471,0.000000,2.434284,415.0000,0.05,6026305685.4
23,2025-06-16,2025-07-14,196,21,1575,0,15.5360,1.272520,2.754661,1293.8000,0.05,1478941429.4
23,2025-06-16,2025-07-14,200,21,1575,0,10.6190,0.819689,1.867925,1980.1000,0.05,8796840853.8
23,2025-06-16,2025-07-14,201,21,1575,0,15.8264,0.000000,2.995610,259.1500,0.05,3164948247.5
23,2025-06-16,2025-07-14,206,21,1575,0,18.0695,2.068097,3.178675,356.9500,0.05,1118009741.4
23,2025-06-16,2025-07-14,217,21,1575,0,17.5328,0.000000,2.816838,1670.1000,0.05,841607256.0
23,2025-06-16,2025-07-14,221,21,1575,0,15.6909,2.353496,2.787301,315.8000,0.05,2673534116.75
23,2025-06-16,2025-07-14,225,21,1575,0,12.3612,2.172315,2.193130,5770.0000,0.05,1608812138.1
23,2025-06-16,2025-07-14,228,21,1575,0,24.7597,3.260432,3.930176,2688.6000,0.05,11009331593.65
23,2025-06-16,2025-07-14,239,21,1575,0,13.7982,1.764819,2.622856,108.5100,0.01,2356820530.32
23,2025-06-16,2025-07-14,252,21,1575,0,17.7710,1.894073,3.360147,1749.4000,0.05,5092318790.0
23,2025-06-16,2025-07-14,267,21,1575,0,16.3219,1.203146,3.043074,676.3500,0.05,1680889243.2
23,2025-06-16,2025-07-14,273,21,1575,0,16.0439,2.188123,3.109428,1556.3000,0.05,2020248384.0
23,2025-06-16,2025-07-14,279,21,1575,0,10.0270,1.806432,2.025696,1502.6000,0.05,2222057168.7
23,2025-06-16,2025-07-14,283,21,1575,0,9.7802,1.843646,2.171516,378.0500,0.05,3012688156.4
23,2025-06-16,2025-07-14,284,21,1575,0,22.5710,0.000000,4.194384,2067.0000,0.05,2578547006.4
23,2025-06-16,2025-07-14,285,21,1575,0,11.7420,1.313368,2.249167,2407.6000,0.05,1162085915.25
23,2025-06-16,2025-07-14,302,21,1575,0,13.9622,2.565261,2.643536,347.9500,0.05,857684790.0
23,2025-06-16,2025-07-14,306,21,1575,0,15.3853,3.102829,2.897424,3345.0000,0.05,1713245588.25
23,2025-06-16,2025-07-14,311,21,1575,0,12.1826,1.793360,2.234790,484.0000,0.05,1155961375.2
23,2025-06-16,2025-07-14,345,21,1575,0,13.9962,2.026765,2.368676,6715.0000,0.05,2363166594.0
23,2025-06-16,2025-07-14,346,21,1575,0,19.0646,0.000000,3.017967,14663.0000,0.05,5711326003.35
23,2025-06-16,2025-07-14,347,21,1575,0,14.4562,0.976121,2.593073,839.9000,0.05,2386180734.75
23,2025-06-16,2025-07-14,356,21,1575,0,12.7117,2.247394,2.470308,1304.0000,0.05,2285390438.1
23,2025-06-16,2025-07-14,368,21,1575,0,11.1456,1.699308,2.059150,5622.0000,0.05,2232729795.3
23,2025-06-16,2025-07-14,409,21,1575,0,11.8869,1.921978,2.417041,210.1600,0.01,1622673997.62
23,2025-06-16,2025-07-14,423,21,1575,0,18.7584,2.801164,2.950227,777.2000,0.05,910431670.5
23,2025-06-16,2025-07-14,430,21,1575,0,13.8296,1.431056,2.640531,182.3200,0.01,2655319650.66
23,2025-06-16,2025-07-14,465,21,1575,30,22.5836,0.532498,3.247393,1747.7000,0.05,959244781.2
23,2025-06-16,2025-07-14,479,21,1575,0,12.9700,1.660028,2.632804,1186.3000,0.05,1329088629.3
23,2025-06-16,2025-07-14,481,21,1575,0,15.4356,1.549647,3.161589,2351.9000,0.05,1869730767.45
23,2025-06-16,2025-07-14,496,21,1575,0,12.6582,2.209280,2.378535,2795.0000,0.05,1541170295.0
23,2025-06-16,2025-07-14,524,21,1575,0,13.6436,1.307443,2.579733,4927.0000,0.05,7350043562.4
23,2025-06-16,2025-07-14,529,21,1575,0,13.0977,0.966807,2.253071,1544.6000,0.05,1394179677.6
23,2025-06-16,2025-07-14,534,21,1575,0,12.0576,0.952088,2.257779,1715.5000,0.05,4481037112.2
23,2025-06-16,2025-07-14,536,21,1575,0,15.0866,2.139426,3.012122,2483.2000,0.05,1775151834.5
23,2025-06-16,2025-07-14,537,21,1575,0,7.9098,1.360354,1.792643,993.2000,0.05,22036338437.4
23,2025-06-16,2025-07-14,538,21,1575,0,13.3258,2.419399,2.301630,782.9500,0.05,2040598770.75
23,2025-06-16,2025-07-14,546,21,1575,0,12.8013,0.000000,2.350425,4307.2000,0.05,2720140617.7
23,2025-06-16,2025-07-14,556,21,1575,0,14.4225,1.651032,2.511543,674.3000,0.05,3458977064.35
23,2025-06-16,2025-07-14,562,21,1575,0,16.3151,0.000000,2.877865,402.3000,0.05,2290097042.65
23,2025-06-16,2025-07-14,563,21,1575,0,8.9069,0.678196,1.793553,2309.7000,0.05,4036641558.0
23,2025-06-16,2025-07-14,590,21,1575,0,8.2381,1.735603,1.764736,1427.4000,0.05,14576442045.75
23,2025-06-16,2025-07-14,593,21,1575,0,11.9946,3.002232,2.788210,2011.7000,0.05,1291044074.45
23,2025-06-16,2025-07-14,609,21,1575,1,26.5772,6.346401,6.490115,7.2700,0.01,3965294829.14
23,2025-06-16,2025-07-14,611,21,1575,0,15.1778,0.991988,2.771856,72.8300,0.01,1809229718.86
23,2025-06-16,2025-07-14,612,21,1575,0,18.6687,2.458064,3.299235,191.4200,0.01,1121651445.86
23,2025-06-16,2025-07-14,627,21,1575,0,13.1665,1.228990,2.577562,755.3500,0.05,2233527636.5
23,2025-06-16,2025-07-14,631,21,1575,0,14.0226,2.793910,2.783185,620.4000,0.05,767998482.0
23,2025-06-16,2025-07-14,634,21,1575,0,12.3024,1.492668,2.112349,5756.5000,0.05,3956824817.75
23,2025-06-16,2025-07-14,647,21,1575,0,16.0487,0.000000,2.732469,850.1000,0.05,5008393344.9
23,2025-06-16,2025-07-14,653,21,1575,0,10.7648,1.110603,2.080673,1582.7000,0.05,10941319506.0
23,2025-06-16,2025-07-14,656,21,1575,0,18.2369,1.183780,3.165755,172.6000,0.01,1228375809.6
23,2025-06-16,2025-07-14,663,21,1575,0,12.4805,0.073909,2.119249,139.7600,0.01,2102638761.36
23,2025-06-16,2025-07-14,672,21,1575,0,7.3774,1.078319,1.820328,397.5000,0.05,5794467819.0
23,2025-06-16,2025-07-14,698,21,1575,0,15.6867,2.427629,3.057443,938.2500,0.05,1539750611.05
23,2025-06-16,2025-07-14,720,21,1575,0,19.0142,0.835542,3.343439,511.0500,0.05,1700428826.8
23,2025-06-16,2025-07-14,722,21,1575,0,12.7082,1.152101,2.410699,1027.0000,0.05,1612382436.9
23,2025-06-16,2025-07-14,725,21,1575,0,15.1371,2.528001,2.725075,693.1000,0.05,1137928687.8
23,2025-06-16,2025-07-14,750,21,1575,0,19.6143,0.795859,3.263876,3757.9000,0.05,1103190270.2
23,2025-06-16,2025-07-14,771,21,1575,1,10.0774,0.000000,1.918355,435.8000,0.05,7178936368.0
23,2025-06-16,2025-07-14,780,21,1575,0,17.0443,3.189180,3.058991,1271.7000,0.05,1353486481.5
23,2025-06-16,2025-07-14,798,21,1575,0,17.6454,0.000000,2.925338,719.0000,0.05,1021945759.65
23,2025-06-16,2025-07-14,805,21,1575,0,13.6773,2.268200,2.370434,606.8500,0.05,1014012704.65
23,2025-06-16,2025-07-14,818,21,1575,0,10.1833,1.104446,2.168927,3612.2000,0.05,6900659901.3
23,2025-06-16,2025-07-14,823,21,1575,0,13.1106,1.018345,2.357421,1938.1000,0.05,2016685315.0
23,2025-06-16,2025-07-14,827,21,1575,0,13.0491,0.000000,2.328181,3163.3000,0.05,7703586163.2
23,2025-06-16,2025-07-14,853,21,1575,0,18.7239,2.134513,3.199483,270.8800,0.05,1452045020.37
23,2025-06-16,2025-07-14,863,21,1575,0,13.3764,2.482045,2.527496,717.5000,0.05,1220888351.35
23,2025-06-16,2025-07-14,865,21,1575,0,9.9934,0.000000,1.789323,12614.0000,0.05,4950955057.65
23,2025-06-16,2025-07-14,878,21,1575,5,19.5642,1.670621,3.731269,1691.0000,0.05,2182638853.9
23,2025-06-16,2025-07-14,886,21,1575,0,14.6630,3.089673,2.636802,1591.3000,0.05,882143810.2
23,2025-06-16,2025-07-14,908,21,1575,0,23.0182,2.358844,4.099376,869.0000,0.05,1320181037.2
23,2025-06-16,2025-07-14,910,21,1575,0,16.2445,2.672577,3.044521,2723.6000,0.05,1455855882.8
23,2025-06-16,2025-07-14,925,21,1575,0,15.3038,1.152810,2.733516,2627.9000,0.05,1078716951.0
23,2025-06-16,2025-07-14,938,21,1575,0,15.7500,1.135893,3.282153,189.2600,0.01,2381919405.22
23,2025-06-16,2025-07-14,939,21,1575,0,19.7296,0.000000,3.319842,1473.9000,0.05,1778889323.7
23,2025-06-16,2025-07-14,943,21,1575,0,20.0936,1.800287,3.498645,118.8800,0.01,1296376844.64
23,2025-06-16,2025-07-14,956,21,1575,0,10.3545,1.275892,2.124043,1198.4000,0.05,1832264740.05
23,2025-06-16,2025-07-14,970,21,1575,0,14.3399,1.110290,2.575462,85.4000,0.01,1707190483.56
23,2025-06-16,2025-07-14,982,21,1575,0,14.3293,1.555482,2.911628,66.7100,0.01,1799824994.8
23,2025-06-16,2025-07-14,990,21,1575,0,11.0565,0.211291,2.142711,334.3500,0.05,4806261687.15
23,2025-06-16,2025-07-14,994,21,1575,0,15.4069,1.012300,2.899844,1900.0000,0.05,1336060198.7
23,2025-06-16,2025-07-14,996,21,1575,0,16.1110,2.746677,2.899543,8804.5000,0.05,1586475282.6
23,2025-06-16,2025-07-14,997,21,1575,0,16.3059,3.567033,3.222806,444.5500,0.05,1413439655.5
23,2025-06-16,2025-07-14,1007,21,1575,0,11.5406,1.809522,2.404499,232.6500,0.05,3325461964.2
23,2025-06-16,2025-07-14,1028,21,1575,1,17.1027,0.000000,2.250493,48155.0000,0.05,968812830.0
23,2025-06-16,2025-07-14,1049,21,1575,0,16.1107,0.000000,2.819244,6010.0000,0.05,2263602560.0
23,2025-06-16,2025-07-14,1051,21,1575,0,14.9948,1.609454,2.879676,416.4000,0.05,3748147330.2
23,2025-06-16,2025-07-14,1055,21,1575,0,23.1952,0.000000,3.420575,758.9000,0.05,994194457.2
23,2025-06-16,2025-07-14,1060,21,1575,0,18.0473,2.830400,3.247995,1569.0000,0.05,1011654051.45
23,2025-06-16,2025-07-14,1061,21,1575,1,11.4426,2.534039,2.270869,1513.4000,0.05,863451594.75
23,2025-06-16,2025-07-14,1062,21,1575,0,14.4101,3.712199,2.800140,4144.9000,0.05,977049506.55
23,2025-06-16,2025-07-14,1068,21,1575,0,13.0261,0.891607,2.431393,105.9600,0.01,2625326776.98
23,2025-06-16,2025-07-14,1070,21,1575,0,17.4681,3.448838,3.376017,1080.6000,0.05,994082732.7
23,2025-06-16,2025-07-14,1076,21,1575,0,16.5196,1.403048,2.597719,6542.5000,0.05,2057792824.5
23,2025-06-16,2025-07-14,1080,21,1575,0,11.2194,1.291220,2.357059,294.4500,0.05,3894724708.7
23,2025-06-16,2025-07-14,1095,21,1575,0,20.1119,2.695051,3.710063,1685.1000,0.05,1345825301.4
23,2025-06-16,2025-07-14,1132,21,1575,0,23.4908,0.770168,3.702293,247.3300,0.05,1336925672.25
23,2025-06-16,2025-07-14,1135,21,1575,0,14.0934,2.196515,2.684488,397.9500,0.05,4029002817.15
23,2025-06-16,2025-07-14,1140,21,1575,0,10.5070,0.632064,1.871656,1495.4000,0.05,16054154844.0
23,2025-06-16,2025-07-14,1173,21,1575,0,15.8154,1.527015,2.914412,392.6000,0.05,3281875650.0
23,2025-06-16,2025-07-14,1179,21,1575,0,16.4059,0.000000,2.976761,132.2900,0.01,2122828044.36
23,2025-06-16,2025-07-14,1206,21,1575,0,18.6915,3.613759,2.825408,940.1500,0.05,886183964.0
23,2025-06-16,2025-07-14,1208,21,1575,0,11.7567,2.588652,2.014630,1817.2000,0.05,1918313266.5
23,2025-06-16,2025-07-14,1209,21,1575,0,8.4876,1.008633,1.869394,806.4500,0.05,9602534239.2
23,2025-06-16,2025-07-14,1250,21,1575,1,13.5954,2.125688,2.546055,30985.0000,0.05,833423010.0
23,2025-06-16,2025-07-14,1261,21,1575,0,17.1976,3.046000,3.159919,3258.8000,0.05,2086450832.95
23,2025-06-16,2025-07-14,1283,21,1575,0,15.7183,1.093404,2.634314,16950.0000,0.05,769817108.75
23,2025-06-16,2025-07-14,1305,21,1575,0,15.7676,0.000000,2.847755,3168.8000,0.05,1342704000.05
23,2025-06-16,2025-07-14,1334,21,1575,0,10.5057,1.407545,1.943945,1670.8000,0.05,3475549898.25
23,2025-06-16,2025-07-14,1341,21,1575,0,18.6680,2.952022,3.223522,4353.1000,0.05,711275276.25
23,2025-06-16,2025-07-14,1349,21,1575,0,17.0763,0.000000,2.976687,65.3400,0.01,3529878282.59
23,2025-06-16,2025-07-14,1366,21,1575,0,12.9074,2.111386,2.461211,1094.8000,0.05,1477761780.6
23,2025-06-16,2025-07-14,1367,21,1575,0,15.8448,0.000000,2.644865,6236.5000,0.05,925007733.9
23,2025-06-16,2025-07-14,1372,21,1575,0,12.4784,0.291902,2.476928,400.4000,0.05,3431782252.8
23,2025-06-16,2025-07-14,1373,21,1575,0,12.1447,0.000000,2.457555,159.5100,0.01,5023461686.6
23,2025-06-16,2025-07-14,1383,21,1575,0,8.8448,0.763440,1.775038,3423.1000,0.05,8616119561.25
23,2025-06-16,2025-07-14,1386,21,1575,0,13.3518,2.180456,2.526477,1608.1000,0.05,2801343736.0
23,2025-06-16,2025-07-14,1406,21,1575,0,17.7438,2.557953,3.402307,2914.5000,0.05,804277427.1
23,2025-06-16,2025-07-14,1415,21,1575,0,11.0036,1.464172,2.199145,3520.0000,0.05,3276944070.4
23,2025-06-16,2025-07-14,1420,21,1575,0,14.2403,3.101835,2.615873,3320.4000,0.05,848028788.25
23,2025-06-16,2025-07-14,1426,21,1575,1,17.8717,0.000000,3.006622,3818.0000,0.05,5145884514.45
23,2025-06-16,2025-07-14,1438,21,1575,0,13.2179,2.215458,2.444774,2836.2000,0.05,1690027303.8
23,2025-06-16,2025-07-14,1451,21,1575,0,11.3814,1.524777,2.031822,11881.0000,0.05,3252608214.4
23,2025-06-16,2025-07-14,1455,21,1575,0,17.3310,2.066958,3.280362,137.5900,0.01,1278700655.5
23,2025-06-16,2025-07-14,1461,21,1575,0,14.8234,0.000000,2.574420,650.6000,0.05,1121221840.85
23,2025-06-16,2025-07-14,1480,21,1575,0,14.7714,2.024372,2.589297,459.7000,0.05,3209000660.05
23,2025-06-16,2025-07-14,1481,21,1575,0,18.2382,0.000000,3.063517,229.4000,0.05,3976322388.5
23,2025-06-16,2025-07-14,1510,21,1575,0,16.2957,2.927948,3.004070,1321.9000,0.05,2084842202.8
23,2025-06-16,2025-07-14,1532,21,1575,0,11.9499,2.058798,2.472591,258.9000,0.05,3172273484.0
23,2025-06-16,2025-07-14,1539,21,1575,0,12.2799,3.348453,2.973095,20.0300,0.01,1757863783.8
23,2025-06-16,2025-07-14,9424,21,1575,0,16.4151,0.000000,2.899243,4258.7000,0.05,2044583153.4
23,2025-06-16,2025-07-14,9428,21,1575,0,22.2968,1.477809,4.043524,1045.9000,0.05,2119228753.05
23,2025-06-16,2025-07-14,9486,21,1575,0,15.5565,2.746165,3.075069,102.0700,0.01,2402826536.94
23,2025-06-16,2025-07-14,9621,21,1575,0,14.9006,0.000000,2.699679,324.1500,0.05,4743907552.35
23,2025-06-16,2025-07-14,9674,21,1575,0,13.5212,2.426425,2.260605,975.0000,0.05,1158751892.85
23,2025-06-16,2025-07-14,9728,21,1575,0,25.7787,0.000000,3.830744,19475.0000,0.05,919379981.8
23,2025-06-16,2025-07-14,9752,21,1575,0,19.0691,1.337255,3.420673,910.5500,0.05,4870912061.3
23,2025-06-16,2025-07-14,9754,21,1575,0,13.7292,2.438437,2.849164,138.6400,0.01,2945689503.86
23,2025-06-16,2025-07-14,9882,21,1575,0,15.9921,2.572597,2.731753,393.5000,0.05,2740598388.0
23,2025-06-16,2025-07-14,9891,21,1575,0,16.7351,1.484743,3.517461,873.8500,0.05,1723518407.0
23,2025-06-16,2025-07-14,9894,21,1575,0,11.2501,1.619716,2.193903,462.2500,0.05,1044213920.4
23,2025-06-16,2025-07-14,9936,21,1575,0,16.1989,0.000000,2.429379,2352.0000,0.05,1023326829.0
23,2025-06-16,2025-07-14,9973,21,1575,0,18.3218,2.657776,3.361563,1885.5000,0.05,3143515629.6
23,2025-06-16,2025-07-14,9983,21,1575,0,17.5353,2.435424,3.452147,478.0500,0.05,906227525.25
23,2025-06-16,2025-07-14,10023,21,1575,0,23.0748,3.286666,3.826229,384.8500,0.05,4755669393.475
23,2025-06-16,2025-07-14,10038,21,1575,0,19.0465,3.135195,3.213052,384.8000,0.05,743358921.85
23,2025-06-16,2025-07-14,10052,21,1575,0,21.4373,0.206683,3.646949,6002.0000,0.05,2343277923.0
23,2025-06-16,2025-07-14,10071,21,1575,0,18.5005,2.704801,3.247706,203.0100,0.01,1203204935.0
23,2025-06-16,2025-07-14,10140,21,1575,0,21.9436,2.852269,3.343010,2083.9000,0.05,1353777055.725
23,2025-06-16,2025-07-14,10188,21,1575,0,16.5033,0.000000,2.875496,1413.6000,0.05,1624116452.7
23,2025-06-16,2025-07-14,10351,21,1575,0,27.1888,4.599100,4.333669,1181.0000,0.05,652361767.2
23,2025-06-16,2025-07-14,10361,21,1575,0,18.0688,3.236530,3.281109,204.4900,0.01,859359796.88
23,2025-06-16,2025-07-14,10399,21,1575,0,11.7329,2.822047,2.513396,1426.2000,0.05,980894244.1
23,2025-06-16,2025-07-14,10431,21,1575,0,20.1282,0.000000,3.199501,550.9500,0.05,3328006163.4
23,2025-06-16,2025-07-14,10587,21,1575,0,15.5603,1.819995,3.053519,167.1700,0.01,2191526300.6
23,2025-06-16,2025-07-14,10687,21,1575,0,13.7580,1.159981,2.657232,85.1600,0.01,777632197.5450001
23,2025-06-16,2025-07-14,10691,21,1575,0,29.2963,0.000000,3.622247,130.5400,0.01,1817443444.96
23,2025-06-16,2025-07-14,10694,21,1575,0,26.1113,3.378661,4.098725,1294.9000,0.05,1029527877.95
23,2025-06-16,2025-07-14,10840,21,1575,0,13.8451,1.749836,2.196405,549.4000,0.05,1069899861.25
23,2025-06-16,2025-07-14,11084,21,1575,0,15.3835,2.561828,3.010953,674.7500,0.05,3642210950.4
23,2025-06-16,2025-07-14,11223,21,1575,0,25.0702,0.000000,4.103837,2975.4000,0.05,3585434315.3999996
23,2025-06-16,2025-07-14,11452,21,1575,0,19.9823,3.961461,3.668108,1837.9000,0.05,2180435247.5
23,2025-06-16,2025-07-14,11457,21,1575,0,22.6823,1.230224,4.317799,287.1000,0.05,2661614006.25
23,2025-06-16,2025-07-14,11480,21,1575,0,17.9175,2.411683,2.944229,1250.1000,0.05,1828521069.15
23,2025-06-16,2025-07-14,11705,21,1575,0,20.8307,2.117249,3.669359,3264.7000,0.05,9267181004.8
23,2025-06-16,2025-07-14,11777,21,1575,0,17.9556,3.212551,3.340819,838.0000,0.05,1627409128.8
24,2025-07-15,2025-08-12,15,21,1575,0,17.7970,2.797712,3.042439,5540.0000,0.05,2041842402.75
24,2025-07-15,2025-08-12,17,21,1575,1,20.9390,0.000000,3.600200,268.7500,0.05,808036877.7
24,2025-07-15,2025-08-12,24,21,1575,0,14.7812,2.195529,2.930267,2465.0000,0.05,2726696617.7
24,2025-07-15,2025-08-12,26,21,1575,0,18.6626,2.365225,3.357426,1001.7000,0.05,2627682605.0
24,2025-07-15,2025-08-12,27,21,1575,0,13.8571,2.214330,2.741508,1393.7000,0.05,2919018350.4
24,2025-07-15,2025-08-12,28,21,1575,0,18.5542,3.408205,3.387888,117.3000,0.01,2158779700.8
24,2025-07-15,2025-08-12,68,21,1575,0,28.2315,0.000000,3.527434,7602.0000,0.05,2326348584.0
24,2025-07-15,2025-08-12,70,21,1575,0,14.5387,1.127103,2.662450,603.8500,0.05,1191250224.0
24,2025-07-15,2025-08-12,87,21,1575,0,17.5090,0.000000,3.079572,1601.1000,0.05,744726841.95
24,2025-07-15,2025-08-12,90,21,1575,0,10.5211,0.000000,1.843902,7323.0000,0.05,2270996557.0
24,2025-07-15,2025-08-12,120,21,1575,0,13.3887,2.358788,2.183711,2403.3000,0.05,2837148729.4
24,2025-07-15,2025-08-12,125,21,1575,0,15.1983,1.209569,2.661094,1425.2000,0.05,809051361.6
24,2025-07-15,2025-08-12,133,21,1575,0,16.7315,0.000000,3.212406,742.2000,0.05,1451477919.0
24,2025-07-15,2025-08-12,135,21,1575,0,17.6278,0.000000,2.903291,1118.6000,0.05,1194212494.8
24,2025-07-15,2025-08-12,143,21,1575,0,11.0769,0.000000,2.176373,1076.0000,0.05,8107919906.8
24,2025-07-15,2025-08-12,150,21,1575,0,12.5710,0.000000,2.285320,8214.5000,0.05,3227392763.5
24,2025-07-15,2025-08-12,153,21,1575,0,13.0502,0.000000,2.453222,1963.9000,0.05,2835323150.65
24,2025-07-15,2025-08-12,155,21,1575,2,21.9589,3.667441,3.174664,13971.0000,0.05,583191890.0
24,2025-07-15,2025-08-12,156,21,1575,0,14.3221,1.979433,2.864044,889.0500,0.05,7320410685.0
24,2025-07-15,2025-08-12,168,21,1575,0,16.9174,1.725375,3.097673,173.5000,0.01,1423480313.7
24,2025-07-15,2025-08-12,170,21,1575,0,13.8525,0.858033,2.691312,234.5000,0.05,2582185600.89
24,2025-07-15,2025-08-12,172,21,1575,0,14.4431,1.485741,2.740448,109.4400,0.01,831392475.3
24,2025-07-15,2025-08-12,182,21,1575,0,20.5889,1.375549,3.560128,1623.1000,0.05,1462231676.85
24,2025-07-15,2025-08-12,185,21,1575,0,13.8855,3.298265,2.678048,388.9000,0.05,6026305685.4
24,2025-07-15,2025-08-12,196,21,1575,0,17.3783,0.000000,3.110886,1191.0000,0.05,1403599577.9
24,2025-07-15,2025-08-12,200,21,1575,0,10.6808,1.997793,1.969198,1916.8000,0.05,8801363064.15
24,2025-07-15,2025-08-12,201,21,1575,0,16.3870,2.180880,3.203955,241.8000,0.05,2828573363.0
24,2025-07-15,2025-08-12,206,21,1575,0,19.3877,1.785155,3.206183,390.8000,0.05,1118009741.4
24,2025-07-15,2025-08-12,217,21,1575,0,20.9904,1.267714,3.005201,1760.1000,0.05,905784744.6
24,2025-07-15,2025-08-12,221,21,1575,0,15.1299,0.000000,2.713883,318.9500,0.05,2629015010.0
24,2025-07-15,2025-08-12,225,21,1575,0,14.3354,2.413784,2.602514,5685.0000,0.05,1608812138.1
24,2025-07-15,2025-08-12,228,21,1575,0,24.8019,0.000000,4.003838,2459.0000,0.05,12248122772.0
24,2025-07-15,2025-08-12,239,21,1575,0,16.9189,0.000000,2.686608,105.8600,0.01,2260953705.28
24,2025-07-15,2025-08-12,252,21,1575,0,18.7233,1.942585,3.402589,1568.0000,0.05,5270593940.8
24,2025-07-15,2025-08-12,267,21,1575,0,17.8378,0.000000,3.055132,671.7500,0.05,1680889243.2
24,2025-07-15,2025-08-12,273,21,1575,0,17.8770,0.000000,3.013034,1488.7000,0.05,2065456081.2
24,2025-07-15,2025-08-12,279,21,1575,0,13.0103,0.000000,2.140587,1488.6000,0.05,2172556141.7
24,2025-07-15,2025-08-12,283,21,1575,0,10.6785,1.623627,2.137678,371.6500,0.05,2784867767.2
24,2025-07-15,2025-08-12,284,21,1575,0,21.6426,4.723202,3.759274,1777.5000,0.05,2433590105.6
24,2025-07-15,2025-08-12,285,21,1575,0,11.9596,2.458381,2.470114,2245.8000,0.05,1192528851.15
24,2025-07-15,2025-08-12,288,21,1575,0,14.0380,1.473194,2.684859,592.7000,0.05,949421459.5
24,2025-07-15,2025-08-12,302,21,1575,0,15.6309,2.485174,2.793704,327.8000,0.05,819413117.9
24,2025-07-15,2025-08-12,306,21,1575,0,16.7173,4.309824,3.337758,3577.1000,0.05,1634348318.4
24,2025-07-15,2025-08-12,311,21,1575,0,10.8496,2.202729,2.215913,518.8500,0.05,1155961375.2
24,2025-07-15,2025-08-12,345,21,1575,0,15.9029,1.674914,2.715260,6611.0000,0.05,2386854571.0
24,2025-07-15,2025-08-12,346,21,1575,0,15.0976,1.753354,2.780248,16537.0000,0.05,5855015487.2
24,2025-07-15,2025-08-12,347,21,1575,0,15.7218,0.000000,2.693069,796.7000,0.05,2386903474.8
24,2025-07-15,2025-08-12,356,21,1575,0,12.2174,1.735571,2.426329,1250.9000,0.05,2231500718.25
24,2025-07-15,2025-08-12,368,21,1575,0,12.4251,1.427691,2.018374,5590.0000,0.05,2205635049.0
24,2025-07-15,2025-08-12,409,21,1575,0,13.1998,1.229628,2.515773,205.2100,0.01,1585582491.6
24,2025-07-15,2025-08-12,423,21,1575,0,17.0631,0.000000,2.645831,846.0000,0.05,931591894.2
24,2025-07-15,2025-08-12,430,21,1575,0,13.2322,1.844179,2.304562,175.6300,0.01,2492834495.46
24,2025-07-15,2025-08-12,465,21,1575,0,17.4920,2.296023,2.801542,2144.9000,0.05,1050955852.1
24,2025-07-15,2025-08-12,479,21,1575,0,15.3760,0.000000,2.968812,1229.8000,0.05,1322644621.4
24,2025-07-15,2025-08-12,481,21,1575,0,18.9171,2.063131,3.426964,2145.0000,0.05,1862396990.6
24,2025-07-15,2025-08-12,496,21,1575,0,13.2798,1.945180,2.496839,2740.0000,0.05,1525553435.9
24,2025-07-15,2025-08-12,524,21,1575,0,15.4527,2.145968,2.668787,4550.1000,0.05,6889015091.45
24,2025-07-15,2025-08-12,529,21,1575,0,14.8441,1.648563,2.328026,1516.3000,0.05,1372450560.6
24,2025-07-15,2025-08-12,534,21,1575,0,10.3459,1.155877,2.034382,1486.4000,0.05,4326859461.6
24,2025-07-15,2025-08-12,536,21,1575,11,15.1565,2.482668,2.664714,2737.6000,0.05,1775151834.5
24,2025-07-15,2025-08-12,537,21,1575,0,7.9262,0.775781,1.788970,1000.2000,0.05,20863117154.7
24,2025-07-15,2025-08-12,538,21,1575,0,12.1588,0.847524,2.284169,757.0000,0.05,2011204867.5
24,2025-07-15,2025-08-12,546,21,1575,0,14.1702,1.714557,2.711865,4404.4000,0.05,2526536037.3
24,2025-07-15,2025-08-12,556,21,1575,0,13.7784,0.000000,2.517736,684.2000,0.05,3387902572.4
24,2025-07-15,2025-08-12,562,21,1575,1,17.9384,1.389684,3.042748,391.9500,0.05,2189514846.7
24,2025-07-15,2025-08-12,563,21,1575,0,13.3042,0.000000,2.395770,2502.0000,0.05,3993519649.85
24,2025-07-15,2025-08-12,564,21,1575,0,13.5949,2.472972,2.444249,433.9500,0.05,795134651.8
24,2025-07-15,2025-08-12,590,21,1575,0,7.8749,0.975578,1.858454,1460.3000,0.05,14093842900.8
24,2025-07-15,2025-08-12,593,21,1575,0,14.5107,2.254524,2.698450,1911.3000,0.05,1286681516.7
24,2025-07-15,2025-08-12,609,21,1575,1,22.8379,7.042779,6.723447,7.1600,0.01,3743156558.4
24,2025-07-15,2025-08-12,611,21,1575,0,13.7086,0.000000,2.430106,70.3700,0.01,1704377180.73
24,2025-07-15,2025-08-12,612,21,1575,66,39.2514,2.606886,3.926530,138.3700,0.01,1050073633.05
24,2025-07-15,2025-08-12,627,21,1575,0,12.7062,0.589679,2.376406,747.4500,0.05,2241702082.2
24,2025-07-15,2025-08-12,631,21,1575,1,16.4813,2.059234,2.853074,620.8500,0.05,828901368.75
24,2025-07-15,2025-08-12,634,21,1575,0,12.9578,0.000000,2.176517,5846.5000,0.05,4097303038.8
24,2025-07-15,2025-08-12,647,21,1575,0,18.8125,0.000000,2.975171,813.6000,0.05,4908779568.3
24,2025-07-15,2025-08-12,653,21,1575,0,11.5713,1.721332,2.194085,1479.3000,0.05,10723777192.1
24,2025-07-15,2025-08-12,656,21,1575,0,19.0786,0.000000,3.251236,155.7700,0.01,1209384780.5
24,2025-07-15,2025-08-12,663,21,1575,0,12.3002,0.000000,2.272893,140.2000,0.01,1960078658.16
24,2025-07-15,2025-08-12,672,21,1575,2,7.8482,1.717054,1.668036,395.6000,0.05,5709391794.4
24,2025-07-15,2025-08-12,698,21,1575,0,14.6375,2.032283,3.058709,979.7000,0.05,1497728252.25
24,2025-07-15,2025-08-12,720,21,1575,0,18.2255,1.431316,3.032674,528.7000,0.05,1712300988.0
24,2025-07-15,2025-08-12,722,21,1575,0,13.7104,1.938016,2.532188,1037.9000,0.05,1570131742.5
24,2025-07-15,2025-08-12,725,21,1575,0,13.5717,2.270791,2.612804,653.0000,0.05,1097630552.2
24,2025-07-15,2025-08-12,750,21,1575,0,18.2096,2.661947,3.252127,3874.3000,0.05,1108926699.6
24,2025-07-15,2025-08-12,771,21,1575,0,11.5865,0.900333,2.271078,400.2000,0.05,7078880847.25
24,2025-07-15,2025-08-12,780,21,1575,0,18.3930,0.000000,2.930002,1224.0000,0.05,1333985911.5
24,2025-07-15,2025-08-12,798,21,1575,0,19.1130,1.919315,3.244174,831.2500,0.05,1065787533.0
24,2025-07-15,2025-08-12,805,21,1575,0,14.1042,3.610965,2.910341,594.1000,0.05,953599128.3
24,2025-07-15,2025-08-12,818,21,1575,0,9.7479,1.032983,1.850844,3508.0000,0.05,6559968249.9
24,2025-07-15,2025-08-12,823,21,1575,0,14.2552,2.190221,2.651603,1933.1000,0.05,2005430180.35
24,2025-07-15,2025-08-12,827,21,1575,0,15.0283,0.000000,2.700180,3203.1000,0.05,7623160566.0
24,2025-07-15,2025-08-12,853,21,1575,0,20.1103,3.383513,3.140171,262.5000,0.05,1440527664.73
24,2025-07-15,2025-08-12,863,21,1575,0,13.9238,1.985797,2.544928,712.9000,0.05,1212463378.25
24,2025-07-15,2025-08-12,865,21,1575,0,10.9673,0.000000,1.963357,12510.0000,0.05,4635482538.5
24,2025-07-15,2025-08-12,878,21,1575,0,17.4374,0.000000,3.218787,1599.0000,0.05,2410646982.75
24,2025-07-15,2025-08-12,886,21,1575,0,15.4533,1.593410,2.875790,1532.3000,0.05,950793172.8
24,2025-07-15,2025-08-12,908,21,1575,0,21.3798,4.339368,3.717059,921.8000,0.05,1385235993.95
24,2025-07-15,2025-08-12,910,21,1575,0,17.3139,0.000000,3.120281,2661.0000,0.05,1344361858.45
24,2025-07-15,2025-08-12,925,21,1575,0,14.6155,2.808070,2.852217,2641.0000,0.05,1107636418.0
24,2025-07-15,2025-08-12,938,21,1575,0,15.3216,1.930299,2.983445,188.3000,0.01,2198459385.68
24,2025-07-15,2025-08-12,939,21,1575,0,17.3269,2.540233,3.318899,1386.0000,0.05,1773816682.0
24,2025-07-15,2025-08-12,943,21,1575,0,17.5872,0.122956,2.923237,110.1500,0.01,1113339892.59
24,2025-07-15,2025-08-12,970,21,1575,0,13.2530,2.746165,2.575043,84.4400,0.01,1534087978.25
24,2025-07-15,2025-08-12,982,21,1575,0,14.1782,2.486503,2.722373,69.2000,0.01,1704476568.72
24,2025-07-15,2025-08-12,990,21,1575,0,10.5631,2.007706,2.199495,337.7000,0.05,4622324261.75
24,2025-07-15,2025-08-12,994,21,1575,0,16.6812,2.354087,3.210652,1660.1000,0.05,1304709775.6
24,2025-07-15,2025-08-12,996,21,1575,0,15.8528,2.921773,2.792538,8396.0000,0.05,1506463908.3
24,2025-07-15,2025-08-12,997,21,1575,0,15.4846,2.029166,2.651399,439.7000,0.05,1362660836.6
24,2025-07-15,2025-08-12,1007,21,1575,2,10.0376,1.986646,2.068399,230.2500,0.05,3169091701.8
24,2025-07-15,2025-08-12,1028,21,1575,1,15.9025,1.726231,2.391597,46675.0000,0.05,1013845775.55
24,2025-07-15,2025-08-12,1049,21,1575,0,16.3134,0.789645,2.975389,5173.5000,0.05,2190243119.5
24,2025-07-15,2025-08-12,1051,21,1575,0,15.1059,2.700648,2.779331,414.5500,0.05,3468127410.6
24,2025-07-15,2025-08-12,1055,21,1575,7,39.7746,0.000000,4.836935,795.7000,0.05,1022272268.6
24,2025-07-15,2025-08-12,1060,21,1575,0,17.8989,1.746048,3.009304,1474.8000,0.05,999148431.6
24,2025-07-15,2025-08-12,1061,21,1575,1,12.5691,2.988289,2.503135,1481.4000,0.05,811615262.2
24,2025-07-15,2025-08-12,1062,21,1575,0,16.2003,2.495160,2.605100,4111.1000,0.05,955370911.55
24,2025-07-15,2025-08-12,1068,21,1575,0,16.1156,1.591653,2.589576,105.3400,0.01,2553178974.31
24,2025-07-15,2025-08-12,1070,21,1575,5,26.5735,1.760840,3.365612,1003.8000,0.05,923934448.8
24,2025-07-15,2025-08-12,1076,21,1575,0,15.8032,2.705159,2.687540,6852.0000,0.05,2029300373.25
24,2025-07-15,2025-08-12,1080,21,1575,0,13.1409,1.693790,2.250374,293.1500,0.05,3823516620.45
24,2025-07-15,2025-08-12,1095,21,1575,0,21.1055,0.678913,3.627212,1635.1000,0.05,1249887630.6
24,2025-07-15,2025-08-12,1132,21,1575,0,23.9876,0.000000,3.629156,261.7200,0.05,1368704386.04
24,2025-07-15,2025-08-12,1135,21,1575,0,14.0347,2.403184,2.793461,396.8000,0.05,3749139818.9
24,2025-07-15,2025-08-12,1140,21,1575,0,10.2980,1.191579,1.978859,1401.6000,0.05,15815565843.0
24,2025-07-15,2025-08-12,1173,21,1575,0,18.5091,3.497165,2.821408,358.4500,0.05,2836211235.8
24,2025-07-15,2025-08-12,1179,21,1575,0,15.6367,0.000000,2.828137,125.4300,0.01,1984721812.79
24,2025-07-15,2025-08-12,1206,21,1575,0,13.6720,3.774840,2.637048,827.2500,0.05,899690986.2
24,2025-07-15,2025-08-12,1208,21,1575,0,11.9216,0.750122,2.188174,1833.1000,0.05,1887126209.85
24,2025-07-15,2025-08-12,1209,21,1575,0,9.8620,0.000000,1.902980,809.6500,0.05,9241530845.2
24,2025-07-15,2025-08-12,1250,21,1575,2,15.1424,2.902991,2.463781,30775.0000,0.05,823895148.75
24,2025-07-15,2025-08-12,1261,21,1575,0,15.9270,0.000000,2.736693,3089.4000,0.05,1983309505.45
24,2025-07-15,2025-08-12,1283,21,1575,0,17.9607,0.000000,2.852689,14721.0000,0.05,812297615.7
24,2025-07-15,2025-08-12,1305,21,1575,0,17.9686,0.000000,3.348827,3076.7000,0.05,1346638186.6
24,2025-07-15,2025-08-12,1334,21,1575,0,12.4982,0.000000,2.268036,1688.9000,0.05,3468365099.7
24,2025-07-15,2025-08-12,1341,21,1575,0,22.0724,4.613433,3.182894,4250.2000,0.05,713920200.0
24,2025-07-15,2025-08-12,1349,21,1575,0,18.6861,0.000000,3.023327,65.1200,0.01,3594633296.31
24,2025-07-15,2025-08-12,1366,21,1575,0,13.3642,1.703060,2.469955,1070.1000,0.05,1432352175.15
24,2025-07-15,2025-08-12,1367,21,1575,0,14.8107,1.715928,2.456526,6085.0000,0.05,935315901.5
24,2025-07-15,2025-08-12,1372,21,1575,0,13.5710,1.689464,2.779651,399.1500,0.05,3182878571.25
24,2025-07-15,2025-08-12,1373,21,1575,0,12.1875,0.875465,2.491622,159.8700,0.01,4744413243.0
24,2025-07-15,2025-08-12,1383,21,1575,0,7.9772,0.757054,1.613943,3064.3000,0.05,8603737986.3
24,2025-07-15,2025-08-12,1386,21,1575,0,12.6917,1.461602,2.233284,1445.4000,0.05,2866811008.05
24,2025-07-15,2025-08-12,1406,21,1575,0,19.1858,0.000000,2.965205,2925.0000,0.05,784840991.5
24,2025-07-15,2025-08-12,1415,21,1575,0,11.4959,0.829181,2.240310,3416.3000,0.05,3141109443.6
24,2025-07-15,2025-08-12,1420,21,1575,0,12.5503,2.165363,2.415594,3583.7000,0.05,891483848.8
24,2025-07-15,2025-08-12,1426,21,1575,0,15.7519,1.385538,3.136752,3554.7000,0.05,5241466048.0
24,2025-07-15,2025-08-12,1438,21,1575,0,15.1136,2.062649,2.949390,2868.9000,0.05,1662259349.7
24,2025-07-15,2025-08-12,1451,21,1575,0,11.3470,1.825742,2.013484,12066.0000,0.05,3233723168.0
24,2025-07-15,2025-08-12,1455,21,1575,0,14.6748,1.376980,2.861925,131.2700,0.01,1266232544.28
24,2025-07-15,2025-08-12,1461,21,1575,0,19.1735,0.000000,3.092709,708.4500,0.05,1105813150.5
24,2025-07-15,2025-08-12,1480,21,1575,0,16.3010,1.812657,2.589105,493.1500,0.05,3393396334.25
24,2025-07-15,2025-08-12,1481,21,1575,0,12.7609,1.630383,2.417431,221.7000,0.01,3911189261.4
24,2025-07-15,2025-08-12,1510,21,1575,1,15.7241,2.005131,2.692605,1331.0000,0.05,2082856318.4
24,2025-07-15,2025-08-12,1532,21,1575,0,12.0217,0.000000,2.333878,244.2000,0.05,3089751230.0
24,2025-07-15,2025-08-12,1539,21,1575,0,14.4663,2.290061,2.985683,19.3800,0.01,1699022967.07
24,2025-07-15,2025-08-12,9424,21,1575,0,14.5587,1.914198,2.790988,4076.5000,0.05,2032402606.2
24,2025-07-15,2025-08-12,9428,21,1575,0,22.0756,2.338117,3.749613,1048.7000,0.05,1978411479.25
24,2025-07-15,2025-08-12,9621,21,1575,0,14.9165,0.000000,2.670418,320.3500,0.05,4642829886.8
24,2025-07-15,2025-08-12,9674,21,1575,0,14.1473,1.470268,2.479894,965.2500,0.05,1044371213.6
24,2025-07-15,2025-08-12,9728,21,1575,0,28.2423,0.000000,3.902469,19980.0000,0.05,968759789.85
24,2025-07-15,2025-08-12,9752,21,1575,0,22.5321,0.000000,4.034649,1067.2000,0.05,4986423142.1
24,2025-07-15,2025-08-12,9754,21,1575,0,14.4747,0.316249,2.799464,131.6700,0.01,2662387271.3
24,2025-07-15,2025-08-12,9882,21,1575,1,18.5843,3.684518,3.293417,373.2500,0.05,2602993634.85
24,2025-07-15,2025-08-12,9891,21,1575,0,17.3159,2.965416,2.799522,821.4000,0.05,1859082680.25
24,2025-07-15,2025-08-12,9894,21,1575,0,11.2429,1.089423,2.311816,442.0000,0.05,971040532.65
24,2025-07-15,2025-08-12,9936,21,1575,0,18.4705,2.726894,3.369807,2588.0000,0.05,1028625791.6
24,2025-07-15,2025-08-12,9973,21,1575,0,18.9841,4.650052,3.473473,1722.1000,0.05,3125683842.0
24,2025-07-15,2025-08-12,9983,21,1575,0,22.9527,0.000000,3.508268,456.4000,0.05,921183414.4
24,2025-07-15,2025-08-12,10023,21,1575,0,24.5290,0.000000,3.255759,396.4500,0.05,4741311314.6
24,2025-07-15,2025-08-12,10038,21,1575,0,20.0950,2.748212,3.379020,434.0000,0.05,743358921.85
24,2025-07-15,2025-08-12,10052,21,1575,2,23.3559,2.561467,3.666091,5888.0000,0.05,2540300882.5
24,2025-07-15,2025-08-12,10071,21,1575,0,16.8779,3.043122,3.015030,212.0700,0.01,1235106108.84
24,2025-07-15,2025-08-12,10140,21,1575,0,18.3767,3.796510,2.978919,2125.3000,0.05,1393944640.0
24,2025-07-15,2025-08-12,10188,21,1575,0,19.1811,0.000000,3.207850,1241.9000,0.05,1528813858.2
24,2025-07-15,2025-08-12,10351,21,1575,0,19.9555,4.509754,3.678605,1072.1000,0.05,671217256.5
24,2025-07-15,2025-08-12,10361,21,1575,0,17.7778,3.180407,3.144793,203.3500,0.01,852817341.66
24,2025-07-15,2025-08-12,10399,21,1575,0,11.5220,2.312150,2.164420,1326.5000,0.05,1030466618.4
24,2025-07-15,2025-08-12,10431,21,1575,0,25.0605,0.000000,3.408102,591.7000,0.05,3377448723.9
24,2025-07-15,2025-08-12,10587,21,1575,0,13.3666,1.657845,2.589554,150.7100,0.01,2022199500.54
24,2025-07-15,2025-08-12,10687,21,1575,0,14.5117,0.925195,2.519495,90.9600,0.01,807394405.86
24,2025-07-15,2025-08-12,10691,21,1575,0,20.8264,2.377181,2.839602,140.0000,0.01,1928447638.17
24,2025-07-15,2025-08-12,10694,21,1575,0,22.8037,3.085411,3.790249,1130.0000,0.05,1145316455.45
24,2025-07-15,2025-08-12,10840,21,1575,1,18.6216,0.437281,3.045574,621.4000,0.05,1084497920.85
24,2025-07-15,2025-08-12,11084,21,1575,0,17.2961,1.421609,3.013332,632.5500,0.05,3573520998.0
24,2025-07-15,2025-08-12,11223,21,1575,0,24.7542,0.000000,3.921293,3144.0000,0.05,3745684696.0
24,2025-07-15,2025-08-12,11452,21,1575,0,20.1609,2.188969,3.512397,1789.8000,0.05,2204294183.1
24,2025-07-15,2025-08-12,11457,21,1575,0,20.2495,0.000000,3.768102,263.5000,0.05,2823571602.0
24,2025-07-15,2025-08-12,11480,21,1575,0,17.1840,2.001549,3.050574,1256.1000,0.05,1950016357.7
24,2025-07-15,2025-08-12,11705,21,1575,0,21.0127,3.144749,3.393240,2807.9000,0.05,8291631706.4
24,2025-07-15,2025-08-12,11777,21,1575,0,17.7559,3.778380,3.397698,781.1000,0.05,1660374420.0
25,2025-08-13,2025-09-12,15,21,1575,0,10.9067,0.000000,1.976438,5113.2000,0.05,1944269019.8
25,2025-08-13,2025-09-12,17,21,1575,0,17.5999,0.000000,2.863928,283.3500,0.05,792060099.395
25,2025-08-13,2025-09-12,24,21,1575,0,14.3951,0.000000,2.595180,2240.5000,0.05,2501933303.1
25,2025-08-13,2025-09-12,26,21,1575,0,16.3763,0.000000,2.768646,940.6500,0.05,2484250514.35
25,2025-08-13,2025-09-12,27,21,1575,0,12.7432,0.000000,2.246060,1338.1000,0.05,2725331834.15
25,2025-08-13,2025-09-12,28,21,1575,1,18.6191,0.000000,3.164216,120.7000,0.01,2005563798.0
25,2025-08-13,2025-09-12,68,21,1575,0,19.6264,2.681986,3.164365,7424.0000,0.05,2447434945.5
25,2025-08-13,2025-09-12,70,21,1575,0,13.6504,1.769125,2.253750,572.8500,0.05,1137801977.9
25,2025-08-13,2025-09-12,87,21,1575,0,14.0427,2.198058,2.455690,1647.9000,0.05,778693700.35
25,2025-08-13,2025-09-12,90,21,1575,0,9.8468,0.000000,1.728913,7827.0000,0.05,2278858023.775
25,2025-08-13,2025-09-12,118,21,1575,0,16.1528,0.000000,2.782271,131.2600,0.01,1384938859.24
25,2025-08-13,2025-09-12,120,21,1575,0,10.2259,0.000000,1.927720,2548.9000,0.05,2686612069.225
25,2025-08-13,2025-09-12,125,21,1575,0,15.4746,1.508245,2.708200,1417.3000,0.05,804071832.3
25,2025-08-13,2025-09-12,133,21,1575,0,12.7270,0.000000,2.314866,724.2000,0.05,1501544476.675
25,2025-08-13,2025-09-12,135,21,1575,0,15.2730,0.000000,2.415132,1049.1000,0.05,1137691885.85
25,2025-08-13,2025-09-12,143,21,1575,0,9.3435,0.823441,1.843301,1064.9000,0.05,7788674228.3
25,2025-08-13,2025-09-12,150,21,1575,0,13.3854,0.000000,2.228832,8829.0000,0.05,3157514741.3
25,2025-08-13,2025-09-12,153,21,1575,0,10.5342,0.000000,1.976378,1967.7000,0.05,2779685451.4
25,2025-08-13,2025-09-12,155,21,1575,0,18.3022,4.001502,2.891297,13125.0000,0.05,627953069.6
25,2025-08-13,2025-09-12,156,21,1575,0,12.4539,0.000000,2.620418,897.6500,0.05,7338541534.65
25,2025-08-13,2025-09-12,168,21,1575,0,13.3559,0.000000,2.219142,165.2300,0.01,1327503844.73
25,2025-08-13,2025-09-12,170,21,1575,0,10.7797,0.000000,2.013754,230.7000,0.05,2385544268.52
25,2025-08-13,2025-09-12,172,21,1575,0,12.6742,0.000000,2.072193,109.9800,0.01,777096864.935
25,2025-08-13,2025-09-12,182,21,1575,0,19.9684,0.000000,3.430840,1486.0000,0.05,1460006117.9
25,2025-08-13,2025-09-12,185,21,1575,0,10.9412,0.000000,2.091796,375.8500,0.05,5632373189.05
25,2025-08-13,2025-09-12,196,21,1575,0,15.3544,0.000000,2.750735,1158.1000,0.05,1321658114.9
25,2025-08-13,2025-09-12,200,21,1575,0,9.1250,1.042028,1.979337,1895.8000,0.05,9028025537.025
25,2025-08-13,2025-09-12,201,21,1575,0,14.8378,0.000000,2.433853,217.4500,0.01,2511760195.52
25,2025-08-13,2025-09-12,206,21,1575,0,14.9210,0.000000,2.338534,360.7500,0.05,1128729412.3
25,2025-08-13,2025-09-12,217,21,1575,0,16.3993,0.000000,2.649773,1904.9000,0.05,937985006.975
25,2025-08-13,2025-09-12,220,21,1575,0,12.7857,1.418153,1.859001,39990.0000,0.05,711873791.55
25,2025-08-13,2025-09-12,221,21,1575,0,12.4245,0.000000,2.135300,301.4000,0.05,2422538512.55
25,2025-08-13,2025-09-12,225,21,1575,0,13.0559,0.000000,2.167616,5813.0000,0.05,1572787174.875
25,2025-08-13,2025-09-12,228,21,1575,0,24.8753,1.643483,3.725420,2305.7000,0.05,12811320974.650002
25,2025-08-13,2025-09-12,239,21,1575,0,11.5733,0.000000,1.846632,105.4900,0.01,2183568778.83
25,2025-08-13,2025-09-12,252,21,1575,0,15.6574,0.000000,2.755315,1548.0000,0.05,5202279643.875
25,2025-08-13,2025-09-12,267,21,1575,0,16.4560,1.085695,2.893909,694.2500,0.05,1671082974.625
25,2025-08-13,2025-09-12,273,21,1575,0,13.7243,0.000000,2.569726,1497.9000,0.05,2138052247.125
25,2025-08-13,2025-09-12,279,21,1575,0,10.7771,1.615038,1.977599,1569.3000,0.05,2109354859.675
25,2025-08-13,2025-09-12,283,21,1575,0,10.2206,0.187392,2.008755,374.9000,0.05,2554181291.125
25,2025-08-13,2025-09-12,284,21,1575,0,21.3371,0.000000,3.642079,1679.0000,0.05,1961867895.45
25,2025-08-13,2025-09-12,285,21,1575,0,13.8386,0.000000,2.259857,2349.0000,0.05,1202440426.775
25,2025-08-13,2025-09-12,288,21,1575,0,12.1017,0.000000,2.025587,544.7000,0.05,826736112.6
25,2025-08-13,2025-09-12,302,21,1575,0,12.2548,0.000000,2.393168,325.5500,0.05,768108352.65
25,2025-08-13,2025-09-12,306,21,1575,0,12.2859,1.382645,2.271208,3876.2000,0.05,1614710460.875
25,2025-08-13,2025-09-12,311,21,1575,0,13.4963,1.608835,2.276466,525.4000,0.05,1131629249.5500002
25,2025-08-13,2025-09-12,345,21,1575,0,11.7195,0.000000,1.930886,6105.0000,0.05,2322148106.4
25,2025-08-13,2025-09-12,346,21,1575,0,13.4136,0.000000,2.203438,17092.0000,0.05,5762539220.85
25,2025-08-13,2025-09-12,347,21,1575,0,13.4169,0.000000,2.254779,758.5500,0.05,2291877142.375
25,2025-08-13,2025-09-12,356,21,1575,0,12.1421,0.496185,2.271514,1263.5000,0.05,2122208100.3249998
25,2025-08-13,2025-09-12,368,21,1575,0,12.9140,1.148866,2.179495,6158.0000,0.05,2142768123.35
25,2025-08-13,2025-09-12,409,21,1575,0,9.8546,1.181678,1.960948,194.5000,0.01,1494079204.44
25,2025-08-13,2025-09-12,423,21,1575,0,13.8260,0.000000,1.952039,940.8000,0.05,966441636.6500001
25,2025-08-13,2025-09-12,430,21,1575,0,11.4077,0.154211,2.039475,169.2300,0.01,2288393662.17
25,2025-08-13,2025-09-12,465,21,1575,0,16.6005,0.000000,2.646140,1977.3000,0.05,1081413496.75
25,2025-08-13,2025-09-12,477,21,1575,0,35.5890,0.000000,5.749437,3547.0000,0.05,604221706.425
25,2025-08-13,2025-09-12,479,21,1575,0,15.0282,0.000000,2.611947,1246.2000,0.05,1294263750.3
25,2025-08-13,2025-09-12,481,21,1575,0,15.7386,0.000000,2.520587,1995.0000,0.05,1792690461.7
25,2025-08-13,2025-09-12,496,21,1575,0,11.4414,1.815757,2.289253,2805.0000,0.05,1505899379.875
25,2025-08-13,2025-09-12,524,21,1575,0,12.5870,0.000000,2.218076,4462.6000,0.05,6483104457.0
25,2025-08-13,2025-09-12,529,21,1575,0,12.7226,0.000000,2.061574,1566.1000,0.05,1321763243.15
25,2025-08-13,2025-09-12,534,21,1575,0,11.8526,0.000000,2.001646,1467.2000,0.05,4347325247.5
25,2025-08-13,2025-09-12,536,21,1575,3,12.8870,0.000000,2.276050,2773.3000,0.05,1773824182.0
25,2025-08-13,2025-09-12,538,21,1575,0,12.5754,0.943143,2.355513,779.3000,0.05,1824308236.475
25,2025-08-13,2025-09-12,546,21,1575,0,14.6287,0.000000,2.436399,5149.5000,0.05,2520440218.0
25,2025-08-13,2025-09-12,556,21,1575,0,11.7876,0.000000,2.067527,713.2000,0.05,3220391018.775
25,2025-08-13,2025-09-12,562,21,1575,0,12.4019,0.000000,2.173578,371.2500,0.05,2008208509.375
25,2025-08-13,2025-09-12,563,21,1575,0,11.4437,1.129811,2.084346,2637.0000,0.05,3730120666.95
25,2025-08-13,2025-09-12,564,21,1575,0,13.9996,0.000000,2.407203,432.6000,0.05,838344650.05
25,2025-08-13,2025-09-12,590,21,1575,0,7.2061,1.478639,1.805889,1410.0000,0.05,13574027125.275
25,2025-08-13,2025-09-12,593,21,1575,0,13.6999,0.000000,2.301429,1871.8000,0.05,1207249750.95
25,2025-08-13,2025-09-12,609,21,1575,0,36.3363,7.310661,8.047381,6.6900,0.01,3428561506.1800003
25,2025-08-13,2025-09-12,611,21,1575,0,12.1600,0.000000,2.193689,70.1800,0.01,1648284882.465
25,2025-08-13,2025-09-12,612,21,1575,0,15.1500,0.000000,2.607039,142.5200,0.01,1031709183.715
25,2025-08-13,2025-09-12,627,21,1575,0,12.6484,0.000000,2.007225,775.6000,0.05,2169522743.75
25,2025-08-13,2025-09-12,631,21,1575,0,13.4518,0.297923,2.345627,656.0500,0.05,850548409.4
25,2025-08-13,2025-09-12,634,21,1575,0,11.5173,0.000000,1.912718,5749.5000,0.05,4207726042.75
25,2025-08-13,2025-09-12,647,21,1575,0,11.0612,0.000000,2.000437,758.2000,0.05,4757228896.5
25,2025-08-13,2025-09-12,653,21,1575,0,10.8242,0.000000,2.216255,1459.5000,0.05,10713157164.85
25,2025-08-13,2025-09-12,656,21,1575,0,18.2804,0.000000,2.865977,143.9600,0.01,1151340599.22
25,2025-08-13,2025-09-12,663,21,1575,0,10.5040,0.000000,1.858183,136.3600,0.01,1787770205.34
25,2025-08-13,2025-09-12,672,21,1575,0,8.2198,1.265249,1.623904,389.1500,0.05,5475439021.65
25,2025-08-13,2025-09-12,698,21,1575,0,14.4858,0.000000,2.491426,1004.4500,0.05,1471343437.55
25,2025-08-13,2025-09-12,720,21,1575,0,14.5256,0.000000,2.401741,517.0000,0.05,1657668572.3
25,2025-08-13,2025-09-12,722,21,1575,0,11.8377,0.000000,2.152166,1068.4000,0.05,1572322670.4
25,2025-08-13,2025-09-12,725,21,1575,0,13.9487,1.892794,2.497292,637.1500,0.05,1052437398.325
25,2025-08-13,2025-09-12,750,21,1575,0,15.1457,0.000000,2.559565,3965.2000,0.05,1115219674.9
25,2025-08-13,2025-09-12,771,21,1575,1,8.9410,0.085869,1.943641,394.3000,0.05,6749711806.5
25,2025-08-13,2025-09-12,780,21,1575,0,16.3553,0.517399,2.683761,1216.7000,0.05,1300077542.5500002
25,2025-08-13,2025-09-12,798,21,1575,0,16.1851,0.000000,2.626770,874.9500,0.05,1088000708.575
25,2025-08-13,2025-09-12,805,21,1575,0,10.9075,0.000000,1.831604,563.0500,0.05,898811152.625
25,2025-08-13,2025-09-12,818,21,1575,0,8.7310,1.247630,1.795207,3591.4000,0.05,6302653525.775
25,2025-08-13,2025-09-12,823,21,1575,0,12.6605,1.472923,2.181779,1954.7000,0.05,1961768656.6
25,2025-08-13,2025-09-12,827,21,1575,0,13.8897,0.000000,2.530418,3389.0000,0.05,7650533428.799999
25,2025-08-13,2025-09-12,853,21,1575,0,18.7204,1.256129,2.985573,270.5000,0.05,1396302266.8200002
25,2025-08-13,2025-09-12,863,21,1575,0,12.3695,1.326281,2.236567,730.9500,0.05,1206058531.925
25,2025-08-13,2025-09-12,865,21,1575,0,10.6235,0.000000,1.900292,14762.0000,0.05,4450170534.45
25,2025-08-13,2025-09-12,878,21,1575,6,16.8459,1.654845,3.103963,1547.0000,0.05,2464905151.4750004
25,2025-08-13,2025-09-12,886,21,1575,0,13.8120,0.000000,2.517637,1611.0000,0.05,951306793.65
25,2025-08-13,2025-09-12,908,21,1575,0,18.8885,0.000000,3.427477,913.1500,0.05,1391324126.65
25,2025-08-13,2025-09-12,910,21,1575,0,17.6750,0.000000,2.669043,2781.4000,0.05,1303039587.4
25,2025-08-13,2025-09-12,925,21,1575,0,14.4929,1.171551,2.586788,2748.4000,0.05,1061001325.925
25,2025-08-13,2025-09-12,938,21,1575,0,16.1575,0.000000,2.508115,191.6800,0.01,2059842455.4
25,2025-08-13,2025-09-12,939,21,1575,0,16.7192,0.000000,2.840353,1367.8000,0.05,1799827573.75
25,2025-08-13,2025-09-12,943,21,1575,0,17.4861,2.173233,2.811223,103.4400,0.01,1007093616.94
25,2025-08-13,2025-09-12,956,21,1575,0,13.7778,0.000000,2.260004,1176.1000,0.05,1721960974.5
25,2025-08-13,2025-09-12,970,21,1575,0,12.9846,0.000000,1.993167,79.7200,0.01,1344958239.35
25,2025-08-13,2025-09-12,982,21,1575,0,14.5733,0.000000,2.614846,69.5400,0.01,1701019938.52
25,2025-08-13,2025-09-12,990,21,1575,0,9.1031,1.016001,2.002623,334.6000,0.05,4148466623.8
25,2025-08-13,2025-09-12,994,21,1575,0,14.4152,0.000000,2.498725,1636.8000,0.05,1225649674.05
25,2025-08-13,2025-09-12,996,21,1575,0,16.7764,0.000000,2.534886,8329.0000,0.05,1357606765.0
25,2025-08-13,2025-09-12,997,21,1575,0,14.4748,0.000000,2.377706,399.7500,0.05,1200374236.9
25,2025-08-13,2025-09-12,1007,21,1575,5,9.2976,0.370937,1.892204,225.2500,0.05,2825686832.7
25,2025-08-13,2025-09-12,1028,21,1575,2,13.8239,0.907288,1.912890,44570.0000,0.05,1001627792.7
25,2025-08-13,2025-09-12,1049,21,1575,0,16.0386,0.000000,2.612722,5336.5000,0.05,2254352355.25
25,2025-08-13,2025-09-12,1051,21,1575,0,12.9217,0.000000,2.035254,396.5000,0.05,3197764537.425
25,2025-08-13,2025-09-12,1055,21,1575,2,28.7685,0.000000,4.857465,555.0500,0.05,1103792896.65
25,2025-08-13,2025-09-12,1060,21,1575,0,17.3647,1.726233,3.106712,1529.9000,0.05,924436284.4000001
25,2025-08-13,2025-09-12,1061,21,1575,7,9.8951,2.092223,1.840870,1547.8000,0.05,796997495.675
25,2025-08-13,2025-09-12,1062,21,1575,0,15.0653,1.291337,2.287899,3748.7000,0.05,849106178.275
25,2025-08-13,2025-09-12,1068,21,1575,0,10.8768,0.000000,1.893072,102.5800,0.01,2385582660.29
25,2025-08-13,2025-09-12,1070,21,1575,0,15.2431,0.318108,2.718875,791.8000,0.05,938455969.8
25,2025-08-13,2025-09-12,1076,21,1575,0,11.4651,0.000000,1.977676,7152.0000,0.05,1949115348.05
25,2025-08-13,2025-09-12,1080,21,1575,0,9.8113,0.729732,1.938364,284.8500,0.05,3509537274.025
25,2025-08-13,2025-09-12,1095,21,1575,0,18.2449,0.000000,2.913874,1579.5000,0.05,1228015565.4250002
25,2025-08-13,2025-09-12,1132,21,1575,0,21.4668,0.000000,3.417646,262.1000,0.05,1434354556.5700002
25,2025-08-13,2025-09-12,1135,21,1575,0,11.6592,0.000000,2.044117,371.0500,0.05,3359005465.55
25,2025-08-13,2025-09-12,1140,21,1575,0,9.8583,0.000000,1.950173,1382.5000,0.05,15557078951.775
25,2025-08-13,2025-09-12,1173,21,1575,0,18.7836,0.000000,2.865950,326.8000,0.05,2417528075.6
25,2025-08-13,2025-09-12,1179,21,1575,0,14.2734,0.000000,2.442838,123.2800,0.01,1840001691.85
25,2025-08-13,2025-09-12,1206,21,1575,0,12.5435,1.057716,2.343979,809.1000,0.05,893599002.575
25,2025-08-13,2025-09-12,1208,21,1575,0,12.2999,0.000000,2.078504,1829.8000,0.05,1803156293.325
25,2025-08-13,2025-09-12,1209,21,1575,0,6.8725,0.213348,1.585508,816.7000,0.05,8837840221.9
25,2025-08-13,2025-09-12,1250,21,1575,7,11.9791,0.397811,1.948119,30135.0000,0.05,778631700.0
25,2025-08-13,2025-09-12,1261,21,1575,0,15.1459,0.000000,2.461460,3153.8000,0.05,1896136370.775
25,2025-08-13,2025-09-12,1283,21,1575,0,16.8766,0.238944,2.609593,14203.0000,0.05,891699868.75
25,2025-08-13,2025-09-12,1305,21,1575,0,13.2428,1.735359,2.308675,2912.3000,0.05,1332962465.125
25,2025-08-13,2025-09-12,1334,21,1575,0,10.3027,0.000000,1.942866,1601.9000,0.05,3471957498.975
25,2025-08-13,2025-09-12,1341,21,1575,0,17.5980,3.972017,2.865392,4541.8000,0.05,704009948.675
25,2025-08-13,2025-09-12,1349,21,1575,0,16.7886,0.000000,2.615612,57.8800,0.01,3421126808.0
25,2025-08-13,2025-09-12,1366,21,1575,0,12.3309,0.886655,2.280112,1081.3000,0.05,1339065086.35
25,2025-08-13,2025-09-12,1367,21,1575,0,16.0186,0.000000,2.496488,5572.0000,0.05,955820058.0
25,2025-08-13,2025-09-12,1372,21,1575,0,10.4124,1.164365,2.116982,386.0000,0.05,2802864740.4
25,2025-08-13,2025-09-12,1373,21,1575,0,11.9267,0.000000,2.238929,160.5500,0.01,4322934465.885
25,2025-08-13,2025-09-12,1383,21,1575,0,9.0731,0.000000,1.797961,3097.4000,0.05,8477991336.299999
25,2025-08-13,2025-09-12,1386,21,1575,0,12.7093,0.000000,2.049000,1467.9000,0.05,2797308315.5
25,2025-08-13,2025-09-12,1406,21,1575,0,19.3291,0.000000,2.996309,3071.5000,0.05,776115905.15
25,2025-08-13,2025-09-12,1415,21,1575,0,9.4475,1.411276,1.889181,3618.9000,0.05,2917701137.625
25,2025-08-13,2025-09-12,1420,21,1575,0,11.8681,0.860231,2.123673,3610.5000,0.05,906872071.25
25,2025-08-13,2025-09-12,1426,21,1575,0,14.3657,0.031980,2.410272,3612.7000,0.05,5297073283.4
25,2025-08-13,2025-09-12,1451,21,1575,0,9.3983,0.000000,1.838537,12407.0000,0.05,3155969703.65
25,2025-08-13,2025-09-12,1455,21,1575,0,14.5888,0.000000,2.229063,128.3900,0.01,1272738745.99
25,2025-08-13,2025-09-12,1461,21,1575,0,15.6649,0.000000,2.358370,706.7500,0.05,1133417093.4
25,2025-08-13,2025-09-12,1480,21,1575,0,17.3209,0.000000,2.516691,499.9000,0.05,3374703848.1
25,2025-08-13,2025-09-12,1481,21,1575,1,14.6246,0.000000,2.190808,226.2500,0.05,3598107121.05
25,2025-08-13,2025-09-12,1510,21,1575,0,15.7372,2.298367,2.469246,1375.0000,0.05,2040265568.925
25,2025-08-13,2025-09-12,1532,21,1575,0,11.8162,0.000000,2.109015,243.6000,0.05,2981706199.15
25,2025-08-13,2025-09-12,1539,21,1575,0,12.9660,0.869240,2.937088,19.5200,0.01,1628396581.46
25,2025-08-13,2025-09-12,9424,21,1575,0,14.9057,0.919652,2.757914,4711.6000,0.05,1907766972.0
25,2025-08-13,2025-09-12,9428,21,1575,0,21.3725,3.297877,3.644823,1012.6000,0.05,1857229954.8
25,2025-08-13,2025-09-12,9486,21,1575,0,18.7597,0.000000,2.793878,96.0200,0.01,2098046543.445
25,2025-08-13,2025-09-12,9621,21,1575,0,10.7512,0.000000,2.194652,313.7000,0.05,4784798119.7
25,2025-08-13,2025-09-12,9674,21,1575,0,14.1178,2.127280,2.311859,994.5000,0.05,967872236.175
25,2025-08-13,2025-09-12,9728,21,1575,0,24.9481,2.608124,3.546751,19633.0000,0.05,1182998161.625
25,2025-08-13,2025-09-12,9752,21,1575,0,19.1888,0.000000,3.131139,1234.7000,0.05,5219906490.975
25,2025-08-13,2025-09-12,9754,21,1575,0,12.7928,0.000000,2.249200,124.9900,0.01,2447015952.18
25,2025-08-13,2025-09-12,9882,21,1575,0,19.8557,0.000000,3.302269,329.2500,0.05,2370839376.825
25,2025-08-13,2025-09-12,9891,21,1575,0,14.7747,1.509615,2.681216,790.1500,0.05,1703514545.7
25,2025-08-13,2025-09-12,9894,21,1575,0,10.3512,1.008230,2.051435,428.9500,0.05,921380793.85
25,2025-08-13,2025-09-12,9936,21,1575,0,15.6077,0.000000,2.286140,2550.5000,0.05,1042356850.3
25,2025-08-13,2025-09-12,9973,21,1575,0,17.2542,0.000000,2.938162,1727.1000,0.05,3175422475.5
25,2025-08-13,2025-09-12,9983,21,1575,0,18.9334,0.000000,2.827145,448.2000,0.05,951119417.4000001
25,2025-08-13,2025-09-12,10023,21,1575,0,22.6350,2.353144,3.317928,425.5000,0.05,4607754611.725
25,2025-08-13,2025-09-12,10038,21,1575,0,15.9668,2.213038,2.558906,470.5000,0.05,758466320.925
25,2025-08-13,2025-09-12,10052,21,1575,0,21.1201,0.000000,3.254430,6313.5000,0.05,2661302414.625
25,2025-08-13,2025-09-12,10071,21,1575,0,20.9334,3.949874,3.428964,232.0200,0.05,1150593428.115
25,2025-08-13,2025-09-12,10140,21,1575,0,25.7070,0.000000,3.744257,2482.3000,0.05,1289225006.45
25,2025-08-13,2025-09-12,10188,21,1575,0,16.6635,0.000000,2.727574,1208.9000,0.05,1496089767.9
25,2025-08-13,2025-09-12,10351,21,1575,0,17.7918,2.756731,2.839984,1048.3000,0.05,709484248.575
25,2025-08-13,2025-09-12,10361,21,1575,0,14.9383,0.000000,2.425267,222.0000,0.01,866589807.87
25,2025-08-13,2025-09-12,10399,21,1575,0,11.1281,1.385825,2.053215,1312.3000,0.05,1040415148.05
25,2025-08-13,2025-09-12,10431,21,1575,0,17.3571,0.000000,3.007653,507.7500,0.05,3430004447.0
25,2025-08-13,2025-09-12,10587,21,1575,0,14.1243,0.000000,2.416160,145.8000,0.01,1819646960.58
25,2025-08-13,2025-09-12,10687,21,1575,0,14.1540,1.166772,2.183177,87.9500,0.01,826515342.345
25,2025-08-13,2025-09-12,10691,21,1575,0,23.5310,2.039176,3.492334,150.0100,0.01,2043094289.17
25,2025-08-13,2025-09-12,10694,21,1575,0,18.3530,0.909789,3.280847,1108.5000,0.05,1146683443.275
25,2025-08-13,2025-09-12,11084,21,1575,0,13.8987,0.000000,2.325819,605.2000,0.05,3555046058.8
25,2025-08-13,2025-09-12,11223,21,1575,0,27.8887,0.000000,4.344878,3208.7000,0.05,4252953981.0
25,2025-08-13,2025-09-12,11430,21,1575,0,23.6660,1.493307,2.935421,2773.8000,0.05,736707557.0
25,2025-08-13,2025-09-12,11452,21,1575,0,18.7324,0.381549,2.976444,1835.8000,0.05,2235100880.0
25,2025-08-13,2025-09-12,11457,21,1575,0,22.9013,0.000000,3.677278,233.7000,0.05,2890756816.6
25,2025-08-13,2025-09-12,11480,21,1575,0,17.8913,0.000000,2.579285,1177.9000,0.05,2040309763.9
25,2025-08-13,2025-09-12,11705,21,1575,0,17.9073,0.000000,3.099400,2724.0000,0.05,7576592926.3
25,2025-08-13,2025-09-12,11777,21,1575,1,13.5268,0.000000,2.544214,769.4000,0.05,1627369771.65
26,2025-09-15,2025-10-14,15,21,1575,0,13.4370,1.544725,2.202895,5212.8000,0.05,1858059127.65
26,2025-09-15,2025-10-14,17,21,1575,0,18.6033,1.081417,3.117848,292.3000,0.05,808324748.225
26,2025-09-15,2025-10-14,24,21,1575,0,17.4035,0.879538,3.125251,2464.4000,0.05,2389809556.125
26,2025-09-15,2025-10-14,26,21,1575,1,24.5850,0.000000,4.225484,1050.3000,0.05,2469320738.35
26,2025-09-15,2025-10-14,27,21,1575,0,13.5849,1.718129,2.527287,1407.9000,0.05,2698323396.05
26,2025-09-15,2025-10-14,68,21,1575,0,18.7231,1.840606,2.959304,8261.0000,0.05,2532964034.7
26,2025-09-15,2025-10-14,70,21,1575,0,13.4934,1.673520,2.401985,571.8500,0.05,1122231672.4250002
26,2025-09-15,2025-10-14,87,21,1575,1,14.0277,3.057331,2.745289,1695.7000,0.05,759441549.7
26,2025-09-15,2025-10-14,90,21,1575,0,9.2938,0.000000,1.785555,7687.5000,0.05,2304322658.925
26,2025-09-15,2025-10-14,118,21,1575,0,14.2810,0.000000,2.624471,139.5700,0.01,1410766518.25
26,2025-09-15,2025-10-14,120,21,1575,0,9.9962,0.457231,1.768470,2358.4000,0.05,2617750085.725
26,2025-09-15,2025-10-14,125,21,1575,0,13.9787,2.613522,2.404610,1412.7000,0.05,809076764.4000001
26,2025-09-15,2025-10-14,133,21,1575,0,15.5272,0.000000,2.595231,739.1000,0.05,1440680539.4499998
26,2025-09-15,2025-10-14,135,21,1575,0,15.9684,2.309289,2.738218,1097.4000,0.05,1076191762.35
26,2025-09-15,2025-10-14,143,21,1575,0,12.1157,2.203494,2.487621,1160.0000,0.05,7551498620.1
26,2025-09-15,2025-10-14,150,21,1575,0,12.6252,1.089433,2.076310,8880.0000,0.05,3230479971.5
26,2025-09-15,2025-10-14,153,21,1575,0,10.8879,1.992043,2.336894,2030.0000,0.05,2625917364.6
26,2025-09-15,2025-10-14,155,21,1575,0,17.9666,2.496830,3.378260,12521.0000,0.05,626625632.375
26,2025-09-15,2025-10-14,156,21,1575,0,13.1893,1.536742,2.714992,1010.5500,0.05,7250461988.5
26,2025-09-15,2025-10-14,168,21,1575,0,15.6168,0.000000,2.739171,163.0500,0.01,1204084864.135
26,2025-09-15,2025-10-14,170,21,1575,0,14.8714,1.216717,2.767565,247.2000,0.05,2172763900.115
26,2025-09-15,2025-10-14,172,21,1575,0,17.1383,0.000000,2.868146,118.2000,0.01,773443906.465
26,2025-09-15,2025-10-14,182,21,1575,0,18.6995,2.137148,3.489067,1555.1000,0.05,1569152744.6
26,2025-09-15,2025-10-14,185,21,1575,0,12.7702,0.961145,2.584294,406.5000,0.05,5595344685.6
26,2025-09-15,2025-10-14,196,21,1575,0,15.6780,1.756489,2.770551,1220.0000,0.05,1273023644.75
26,2025-09-15,2025-10-14,200,21,1575,0,10.1842,1.182601,2.106231,1935.6000,0.05,8939618923.275
26,2025-09-15,2025-10-14,201,21,1575,0,16.1158,0.753587,2.964612,237.5100,0.05,2376229916.55
26,2025-09-15,2025-10-14,206,21,1575,0,15.7155,2.436736,2.733514,351.7500,0.05,1055758161.975
26,2025-09-15,2025-10-14,217,21,1575,0,16.8448,3.383098,2.814586,1909.0000,0.05,929283101.55
26,2025-09-15,2025-10-14,220,21,1575,1,11.8597,1.475084,1.808704,38765.0000,0.05,697570891.075
26,2025-09-15,2025-10-14,221,21,1575,2,16.0643,1.642956,2.394053,317.3500,0.05,2274761606.2
26,2025-09-15,2025-10-14,225,21,1575,0,10.8716,1.893079,2.082171,5970.5000,0.05,1616288661.95
26,2025-09-15,2025-10-14,228,21,1575,0,20.8188,1.355156,3.541125,2193.5000,0.05,13537331302.400002
26,2025-09-15,2025-10-14,239,21,1575,0,17.1483,0.000000,3.027772,118.9800,0.01,2096939364.5149999
26,2025-09-15,2025-10-14,252,21,1575,0,16.8822,2.474894,3.026497,1547.7000,0.05,5107038686.225
26,2025-09-15,2025-10-14,267,21,1575,0,14.3929,2.386168,2.661834,753.4500,0.05,1708383218.85
26,2025-09-15,2025-10-14,273,21,1575,0,14.9056,0.997057,2.775112,1600.9000,0.05,2058328803.525
26,2025-09-15,2025-10-14,279,21,1575,0,12.2476,2.360601,2.381979,1527.6000,0.05,2130708003.675
26,2025-09-15,2025-10-14,283,21,1575,0,9.5132,1.226749,2.189488,380.3000,0.05,2410112312.25
26,2025-09-15,2025-10-14,284,21,1575,0,24.7429,0.000000,4.171098,1852.5000,0.05,1714401673.0
26,2025-09-15,2025-10-14,285,21,1575,0,10.6501,1.965227,1.948815,2231.0000,0.05,1214684037.75
26,2025-09-15,2025-10-14,288,21,1575,0,12.6812,2.066797,2.500079,534.0000,0.05,756643270.725
26,2025-09-15,2025-10-14,306,21,1575,0,13.4269,1.867844,2.450657,3972.5000,0.05,1621338950.6
26,2025-09-15,2025-10-14,311,21,1575,0,13.1959,2.491838,2.253187,496.8500,0.05,1097967836.6999998
26,2025-09-15,2025-10-14,345,21,1575,0,13.9642,1.849993,2.602976,6056.5000,0.05,2348757088.4
26,2025-09-15,2025-10-14,346,21,1575,0,14.5812,0.000000,2.378205,17307.0000,0.05,5646134662.65
26,2025-09-15,2025-10-14,347,21,1575,0,13.7313,1.114068,2.591358,738.1500,0.05,2261511858.325
26,2025-09-15,2025-10-14,356,21,1575,0,11.7275,2.366393,2.375127,1259.2000,0.05,2052847094.0
26,2025-09-15,2025-10-14,368,21,1575,0,11.3492,1.370297,1.923842,6959.5000,0.05,2259053119.1
26,2025-09-15,2025-10-14,409,21,1575,0,11.6826,1.706435,2.406576,196.4600,0.01,1446843566.67
26,2025-09-15,2025-10-14,423,21,1575,0,16.7282,1.357013,2.679286,971.6000,0.05,1022417735.3
26,2025-09-15,2025-10-14,430,21,1575,0,13.2113,1.813757,2.309430,173.1000,0.01,2129941472.76
26,2025-09-15,2025-10-14,465,21,1575,0,15.2398,2.621399,2.613271,1974.6000,0.05,1019935051.3
26,2025-09-15,2025-10-14,479,21,1575,0,13.8289,2.192525,2.477670,1172.2000,0.05,1326793227.15
26,2025-09-15,2025-10-14,481,21,1575,0,16.8290,1.398806,2.965432,2049.0000,0.05,1792690461.7
26,2025-09-15,2025-10-14,496,21,1575,0,11.5102,1.873135,2.221569,2804.6000,0.05,1468357969.85
26,2025-09-15,2025-10-14,524,21,1575,0,12.7589,1.903732,2.627883,4805.9000,0.05,6349362396.0
26,2025-09-15,2025-10-14,529,21,1575,0,11.7365,1.897591,2.022752,1510.7000,0.05,1264494738.525
26,2025-09-15,2025-10-14,534,21,1575,0,11.4123,0.586036,2.170524,1442.2000,0.05,4289442022.95
26,2025-09-15,2025-10-14,536,21,1575,1,13.0224,2.084145,2.198037,2768.4000,0.05,1779984571.65
26,2025-09-15,2025-10-14,537,21,1575,0,8.9443,1.001352,2.017733,967.5000,0.05,18069097327.2
26,2025-09-15,2025-10-14,538,21,1575,0,11.0256,1.621846,2.328670,762.3500,0.05,1771942367.5
26,2025-09-15,2025-10-14,546,21,1575,0,15.4755,0.986504,2.436313,5424.5000,0.05,2513064962.725
26,2025-09-15,2025-10-14,556,21,1575,0,13.0241,0.000000,2.390218,756.6500,0.05,3150600654.05
26,2025-09-15,2025-10-14,562,21,1575,0,16.8317,0.223221,2.811431,413.7500,0.05,1845545972.9499998
26,2025-09-15,2025-10-14,563,21,1575,0,10.6541,1.016391,2.093201,2530.8000,0.05,3549949233.725
26,2025-09-15,2025-10-14,564,21,1575,0,18.9682,0.000000,3.251821,466.2000,0.05,800954308.525
26,2025-09-15,2025-10-14,590,21,1575,0,7.7630,1.314184,2.010413,1379.3000,0.05,12786733144.8
26,2025-09-15,2025-10-14,593,21,1575,0,12.9758,2.173675,2.363223,1887.8000,0.05,1061957128.75
26,2025-09-15,2025-10-14,609,21,1575,0,37.3654,2.661141,6.869006,8.4900,0.01,3340503954.91
26,2025-09-15,2025-10-14,611,21,1575,0,13.5905,0.000000,2.460087,71.5300,0.01,1559253006.0749998
26,2025-09-15,2025-10-14,612,21,1575,0,15.4436,2.227395,2.979394,141.7300,0.01,958622245.325
26,2025-09-15,2025-10-14,627,21,1575,0,12.3192,1.329042,2.250901,732.0000,0.05,2125545385.6
26,2025-09-15,2025-10-14,631,21,1575,0,15.4443,2.401710,2.808627,702.3000,0.05,836427945.825
26,2025-09-15,2025-10-14,634,21,1575,0,13.7629,0.000000,1.990941,5709.0000,0.05,4073552121.775
26,2025-09-15,2025-10-14,647,21,1575,0,14.4019,0.558302,2.420958,742.0000,0.05,4323630874.825
26,2025-09-15,2025-10-14,653,21,1575,0,11.2766,1.377921,2.249558,1461.0000,0.05,10870716836.85
26,2025-09-15,2025-10-14,656,21,1575,0,18.9828,1.340269,3.239009,146.7400,0.01,1046760914.94
26,2025-09-15,2025-10-14,663,21,1575,0,12.8388,0.000000,2.184987,144.5700,0.01,1673352666.085
26,2025-09-15,2025-10-14,672,21,1575,0,7.6233,1.362777,1.819090,384.2000,0.05,5449987815.775
26,2025-09-15,2025-10-14,698,21,1575,0,15.6402,1.284088,2.862936,1043.6000,0.05,1485894336.9
26,2025-09-15,2025-10-14,720,21,1575,0,16.3181,0.731369,2.796556,538.9500,0.05,1547685624.725
26,2025-09-15,2025-10-14,722,21,1575,0,12.8877,1.811683,2.318765,1144.3000,0.05,1568041479.0
26,2025-09-15,2025-10-14,725,21,1575,0,13.7404,1.603822,2.386182,620.8000,0.05,1004059512.075
26,2025-09-15,2025-10-14,750,21,1575,0,18.3237,2.707825,3.026642,4144.3000,0.05,1116753357.375
26,2025-09-15,2025-10-14,771,21,1575,1,10.7008,1.278235,2.143845,409.0000,0.05,6735697205.1
26,2025-09-15,2025-10-14,780,21,1575,0,19.0212,0.000000,3.109330,1214.0000,0.05,1293763363.725
26,2025-09-15,2025-10-14,798,21,1575,0,19.5235,0.000000,3.100750,875.4500,0.05,1109213954.25
26,2025-09-15,2025-10-14,805,21,1575,0,12.0932,1.582109,2.280171,571.8500,0.05,846870458.525
26,2025-09-15,2025-10-14,818,21,1575,0,10.8173,1.287698,2.222044,3693.0000,0.05,6044629595.65
26,2025-09-15,2025-10-14,823,21,1575,0,12.8507,0.000000,2.360166,1977.0000,0.05,1795534784.975
26,2025-09-15,2025-10-14,827,21,1575,0,12.3240,1.817956,2.705457,3475.0000,0.05,8049791695.85
26,2025-09-15,2025-10-14,853,21,1575,0,16.5480,1.360416,2.970588,289.4000,0.05,1366275972.6
26,2025-09-15,2025-10-14,863,21,1575,0,11.6177,2.519904,2.374670,711.9000,0.05,1201382388.5
26,2025-09-15,2025-10-14,865,21,1575,0,10.6053,1.062807,1.925844,16006.0000,0.05,4521899839.625
26,2025-09-15,2025-10-14,878,21,1575,7,18.7792,0.000000,3.094056,1605.0000,0.05,2578304496.05
26,2025-09-15,2025-10-14,886,21,1575,0,14.2326,2.675390,2.744375,1579.1000,0.05,887400774.6
26,2025-09-15,2025-10-14,908,21,1575,0,20.8832,4.121657,3.805574,935.5000,0.05,1368599461.1
26,2025-09-15,2025-10-14,910,21,1575,0,15.6992,2.711591,3.077950,2707.4000,0.05,1261207168.25
26,2025-09-15,2025-10-14,925,21,1575,0,13.9001,2.617827,2.621907,3070.7000,0.05,1114883111.925
26,2025-09-15,2025-10-14,938,21,1575,0,18.7963,1.185617,3.065496,215.0000,0.01,1898396931.88
26,2025-09-15,2025-10-14,939,21,1575,0,16.3999,0.643324,2.579790,1357.3000,0.05,1807171047.5500002
26,2025-09-15,2025-10-14,943,21,1575,0,17.6350,0.763117,3.162929,110.9400,0.01,905333353.91
26,2025-09-15,2025-10-14,956,21,1575,0,11.0353,2.396500,2.309208,1180.3000,0.05,1708144870.65
26,2025-09-15,2025-10-14,970,21,1575,0,14.2170,0.000000,2.312588,86.6700,0.01,1235199358.915
26,2025-09-15,2025-10-14,982,21,1575,0,14.8545,0.000000,2.671415,74.2100,0.01,1611832716.52
26,2025-09-15,2025-10-14,990,21,1575,0,10.3317,1.315177,2.229096,338.7500,0.05,3952424826.55
26,2025-09-15,2025-10-14,994,21,1575,0,16.2729,1.239521,2.651846,1608.3000,0.05,1185224837.1
26,2025-09-15,2025-10-14,996,21,1575,0,15.4540,2.121428,2.770685,8813.5000,0.05,1248580000.6
26,2025-09-15,2025-10-14,997,21,1575,0,15.1937,0.000000,2.756775,413.7000,0.05,1094056314.55
26,2025-09-15,2025-10-14,1007,21,1575,0,10.6984,0.000000,2.118187,228.8500,0.05,2512657269.465
26,2025-09-15,2025-10-14,1028,21,1575,0,13.6145,2.103597,1.986636,42255.0000,0.05,1039769626.35
26,2025-09-15,2025-10-14,1049,21,1575,0,16.4525,0.569739,3.167674,5267.5000,0.05,2327590662.3500004
26,2025-09-15,2025-10-14,1051,21,1575,0,12.1836,0.000000,2.292279,406.4000,0.05,2952120323.525
26,2025-09-15,2025-10-14,1055,21,1575,0,23.4760,0.000000,3.560374,554.7000,0.05,1238067438.525
26,2025-09-15,2025-10-14,1060,21,1575,0,16.8628,2.466328,3.119365,1597.4000,0.05,987814586.225
26,2025-09-15,2025-10-14,1062,21,1575,0,14.4040,2.336103,2.481033,3600.2000,0.05,792193434.85
26,2025-09-15,2025-10-14,1068,21,1575,0,14.2460,0.000000,2.511959,109.8500,0.01,2251821413.62
26,2025-09-15,2025-10-14,1070,21,1575,0,16.7848,0.000000,2.881459,871.5000,0.05,926778227.1
26,2025-09-15,2025-10-14,1076,21,1575,0,13.1358,1.304330,2.373437,7487.5000,0.05,1878544367.475
26,2025-09-15,2025-10-14,1080,21,1575,0,11.2744,1.536101,2.137389,286.7500,0.05,3405689680.525
26,2025-09-15,2025-10-14,1095,21,1575,0,19.4005,0.795916,3.119643,1571.6000,0.05,1078779825.75
26,2025-09-15,2025-10-14,1132,21,1575,0,23.3408,0.000000,3.822711,273.8000,0.05,1420014448.74
26,2025-09-15,2025-10-14,1135,21,1575,0,11.9831,0.000000,2.285956,378.1000,0.05,3111600181.9
26,2025-09-15,2025-10-14,1140,21,1575,0,8.3919,1.175982,1.897087,1381.0000,0.05,15352537012.425
26,2025-09-15,2025-10-14,1173,21,1575,0,17.9495,0.000000,3.497108,347.1000,0.05,2195022526.775
26,2025-09-15,2025-10-14,1179,21,1575,0,18.6737,0.000000,3.041348,133.1400,0.01,1723966599.46
26,2025-09-15,2025-10-14,1206,21,1575,0,16.7199,2.090933,2.952874,887.5000,0.05,839660303.25
26,2025-09-15,2025-10-14,1208,21,1575,0,11.4778,2.237793,2.242802,1811.0000,0.05,1724282652.0
26,2025-09-15,2025-10-14,1209,21,1575,0,10.7682,1.208700,2.266487,864.7000,0.05,8290803580.65
26,2025-09-15,2025-10-14,1250,21,1575,3,13.5320,2.626596,1.907674,29530.0000,0.05,786834650.0
26,2025-09-15,2025-10-14,1261,21,1575,0,14.2635,2.476878,2.761454,3208.5000,0.05,1855667065.5500002
26,2025-09-15,2025-10-14,1283,21,1575,0,16.1279,0.000000,2.650193,14129.0000,0.05,1052009055.525
26,2025-09-15,2025-10-14,1305,21,1575,0,13.8974,1.120286,2.531730,2939.5000,0.05,1310624745.7
26,2025-09-15,2025-10-14,1334,21,1575,0,11.4433,1.370160,2.075611,1635.2000,0.05,3471957498.975
26,2025-09-15,2025-10-14,1341,21,1575,0,15.4684,3.426675,2.720864,4253.4000,0.05,751291273.0
26,2025-09-15,2025-10-14,1349,21,1575,0,14.6177,2.166515,2.657913,55.4400,0.01,3316379769.6
26,2025-09-15,2025-10-14,1366,21,1575,0,12.6371,2.725279,2.540775,1126.3000,0.05,1289645054.8
26,2025-09-15,2025-10-14,1367,21,1575,0,16.1096,2.022931,2.578000,5450.0000,0.05,896376196.0
26,2025-09-15,2025-10-14,1372,21,1575,0,11.5462,1.945508,2.440444,391.3500,0.05,2561490535.95
26,2025-09-15,2025-10-14,1373,21,1575,0,12.8248,0.000000,2.479556,171.4300,0.01,4159125234.04
26,2025-09-15,2025-10-14,1383,21,1575,0,9.5291,1.155998,1.982146,3024.6000,0.05,8535068856.45
26,2025-09-15,2025-10-14,1386,21,1575,0,13.4805,2.189693,2.569850,1419.4000,0.05,2692312166.8500004
26,2025-09-15,2025-10-14,1406,21,1575,0,16.2963,2.311066,2.769455,3185.8000,0.05,812844984.15
26,2025-09-15,2025-10-14,1415,21,1575,0,11.2424,2.352521,2.167182,3455.6000,0.05,2609382074.775
26,2025-09-15,2025-10-14,1420,21,1575,0,13.4257,3.348827,2.652922,3550.0000,0.05,910991122.35
26,2025-09-15,2025-10-14,1426,21,1575,0,15.2198,1.835962,2.626376,3200.6000,0.05,5228417548.45
26,2025-09-15,2025-10-14,1438,21,1575,0,12.4347,0.508781,2.276725,3497.5000,0.05,1708429415.35
26,2025-09-15,2025-10-14,1451,21,1575,0,9.8359,1.497850,1.951744,11944.0000,0.05,3147576710.0
26,2025-09-15,2025-10-14,1455,21,1575,0,18.5397,0.869709,2.919405,133.8400,0.01,1266981169.71
26,2025-09-15,2025-10-14,1461,21,1575,0,14.1149,0.000000,2.369024,676.8500,0.05,1168049799.35
26,2025-09-15,2025-10-14,1480,21,1575,0,13.1878,2.074956,2.525125,447.9500,0.05,3291557126.3
26,2025-09-15,2025-10-14,1481,21,1575,0,17.5041,0.000000,3.105322,241.4500,0.05,3404202405.8500004
26,2025-09-15,2025-10-14,1510,21,1575,0,15.1922,2.212202,2.803720,1374.5000,0.05,1850210824.175
26,2025-09-15,2025-10-14,1532,21,1575,2,11.2416,1.120752,2.114998,239.1000,0.05,2820539204.2650003
26,2025-09-15,2025-10-14,1539,21,1575,0,15.7512,0.000000,3.194598,21.4000,0.01,1530338733.48
26,2025-09-15,2025-10-14,9424,21,1575,0,14.2712,1.526586,2.606397,4526.0000,0.05,1934011093.75
26,2025-09-15,2025-10-14,9428,21,1575,0,19.0757,3.605141,3.540515,1024.9000,0.05,1680555955.9
26,2025-09-15,2025-10-14,9486,21,1575,0,16.3686,0.694397,2.823951,106.2700,0.01,1983145383.6399999
26,2025-09-15,2025-10-14,9621,21,1575,0,11.6678,0.825332,2.283383,307.9500,0.05,4366624300.35
26,2025-09-15,2025-10-14,9674,21,1575,0,13.8508,2.633357,2.441292,996.0000,0.05,903940328.725
26,2025-09-15,2025-10-14,9728,21,1575,1,23.4019,3.680137,3.349035,18942.0000,0.05,1365090420.0
26,2025-09-15,2025-10-14,9752,21,1575,0,19.9220,0.940766,3.236181,1220.6000,0.05,5099628500.625
26,2025-09-15,2025-10-14,9754,21,1575,0,12.4642,0.000000,2.467647,125.6400,0.01,2228524916.54
26,2025-09-15,2025-10-14,9882,21,1575,0,17.4428,2.291610,2.976446,341.5500,0.05,2330246233.8
26,2025-09-15,2025-10-14,9891,21,1575,0,21.6348,0.000000,3.643893,899.9000,0.05,1593091335.0
26,2025-09-15,2025-10-14,9894,21,1575,5,11.2555,2.103896,2.199482,438.3000,0.05,873170883.925
26,2025-09-15,2025-10-14,9936,21,1575,0,14.6045,1.600935,2.402561,2480.9000,0.05,1025998285.05
26,2025-09-15,2025-10-14,9962,21,1575,0,21.0239,3.832442,3.852476,44.5100,0.01,828582441.46
26,2025-09-15,2025-10-14,9973,21,1575,0,17.2385,2.231004,3.157596,1700.0000,0.05,3175422475.5
26,2025-09-15,2025-10-14,9983,21,1575,0,17.2332,0.000000,2.743181,422.3000,0.05,959224712.8
26,2025-09-15,2025-10-14,10023,21,1575,0,19.2494,4.619492,3.312181,432.3500,0.05,4770027472.35
26,2025-09-15,2025-10-14,10038,21,1575,0,18.4248,2.839368,3.076553,465.0000,0.05,791232467.65
26,2025-09-15,2025-10-14,10052,21,1575,0,22.9308,0.000000,3.336863,7187.0000,0.05,2718939059.3
26,2025-09-15,2025-10-14,10071,21,1575,0,17.7043,0.673445,2.926920,242.5600,0.05,1122155259.51
26,2025-09-15,2025-10-14,10140,21,1575,0,22.9655,0.000000,3.287084,2581.3000,0.05,1393944640.0
26,2025-09-15,2025-10-14,10160,21,1575,0,14.3738,0.000000,2.507804,334.6500,0.05,8783005882.6
26,2025-09-15,2025-10-14,10188,21,1575,0,16.7982,2.616170,3.157895,1152.2000,0.05,1496089767.9
26,2025-09-15,2025-10-14,10351,21,1575,0,16.4898,1.343784,3.022024,1069.7000,0.05,721140466.25
26,2025-09-15,2025-10-14,10361,21,1575,0,16.8775,3.192507,2.968509,248.5700,0.05,931963888.17
26,2025-09-15,2025-10-14,10399,21,1575,0,12.3386,1.565825,2.230955,1333.4000,0.05,1073951215.05
26,2025-09-15,2025-10-14,10431,21,1575,0,19.6665,2.189421,3.060393,485.4500,0.05,3318130336.025
26,2025-09-15,2025-10-14,10587,21,1575,0,20.7690,0.000000,3.097144,152.4000,0.01,1532283873.8600001
26,2025-09-15,2025-10-14,10687,21,1575,0,14.8603,0.000000,2.471522,89.4200,0.01,807394405.86
26,2025-09-15,2025-10-14,10691,21,1575,0,16.8953,2.525008,2.617586,148.6400,0.01,2072720639.26
26,2025-09-15,2025-10-14,10694,21,1575,0,19.5206,0.821283,3.459977,1073.7000,0.05,1143225359.725
26,2025-09-15,2025-10-14,10840,21,1575,1,15.4244,2.179757,2.355936,596.6000,0.05,1059573127.8
26,2025-09-15,2025-10-14,11084,21,1575,0,15.6704,2.852093,3.021936,631.6500,0.05,3504892941.55
26,2025-09-15,2025-10-14,11223,21,1575,0,20.6480,2.264374,3.633174,3441.0000,0.05,4682176234.7
26,2025-09-15,2025-10-14,11430,21,1575,0,25.0151,2.548044,3.594427,3002.0000,0.05,771308575.05
26,2025-09-15,2025-10-14,11452,21,1575,0,18.4418,0.000000,3.229074,1748.5000,0.05,2212822309.6499996
26,2025-09-15,2025-10-14,11457,21,1575,1,22.0647,0.774555,4.020664,223.8000,0.01,2975764268.35
26,2025-09-15,2025-10-14,11480,21,1575,0,16.2878,1.492004,2.666785,1144.4000,0.05,2182461320.275
26,2025-09-15,2025-10-14,11705,21,1575,0,17.0159,2.401745,3.206127,2883.2000,0.05,6865726709.25
26,2025-09-15,2025-10-14,11777,21,1575,0,15.5110,2.620611,3.028642,771.4000,0.05,1626194256.45
27,2025-10-15,2025-11-14,15,20,1500,0,14.1735,2.662767,2.410586,5204.7500,0.05,1751402412.0
27,2025-10-15,2025-11-14,17,20,1500,0,19.7758,0.000000,3.025031,324.2750,0.05,829390641.03
27,2025-10-15,2025-11-14,24,20,1500,0,18.3352,0.000000,2.944664,2427.6000,0.05,2328425611.2
27,2025-10-15,2025-11-14,26,20,1500,0,23.8503,0.000000,3.628021,1059.8000,0.05,2477914506.2
27,2025-10-15,2025-11-14,27,20,1500,0,13.2425,0.000000,2.562790,1453.1000,0.05,2673296012.1
27,2025-10-15,2025-11-14,28,20,1500,0,22.4257,0.000000,3.702661,157.9500,0.01,2142115928.4
27,2025-10-15,2025-11-14,68,20,1500,1,24.0170,0.000000,3.402329,8085.2500,0.05,2585936540.0
27,2025-10-15,2025-11-14,70,20,1500,0,12.5047,2.167900,2.293280,564.0500,0.05,1119703826.2
27,2025-10-15,2025-11-14,87,20,1500,0,14.6698,2.979214,2.616610,1779.3500,0.05,762926700.0
27,2025-10-15,2025-11-14,90,20,1500,0,11.2469,1.516608,1.921190,7818.2500,0.05,2286719490.55
27,2025-10-15,2025-11-14,118,20,1500,0,16.1147,0.000000,2.656005,140.0800,0.01,1393483366.4
27,2025-10-15,2025-11-14,120,20,1500,0,16.5704,2.106011,2.321886,2523.2000,0.05,2472027670.5
27,2025-10-15,2025-11-14,125,20,1500,0,14.9674,2.203198,2.594078,1460.0000,0.05,793376183.5
27,2025-10-15,2025-11-14,133,20,1500,0,14.3871,2.474680,2.491502,877.1250,0.05,1503962284.95
27,2025-10-15,2025-11-14,135,20,1500,0,16.7512,2.263777,3.051805,1123.5000,0.05,1081569668.7
27,2025-10-15,2025-11-14,143,20,1500,0,11.0369,2.287597,2.403073,1229.5000,0.05,7451584545.0
27,2025-10-15,2025-11-14,150,20,1500,0,11.0223,1.025270,2.117992,8986.0000,0.05,3141926814.0
27,2025-10-15,2025-11-14,153,20,1500,0,13.3585,0.000000,2.697417,2091.6500,0.05,2444218316.8
27,2025-10-15,2025-11-14,155,20,1500,0,19.1877,0.000000,3.338530,12539.5000,0.05,637296918.0
27,2025-10-15,2025-11-14,156,20,1500,0,14.2300,1.466327,2.845668,1059.7750,0.05,7119197902.0
27,2025-10-15,2025-11-14,168,20,1500,0,15.3479,0.000000,2.832705,160.7500,0.01,1130697506.98
27,2025-10-15,2025-11-14,170,20,1500,0,15.0147,0.000000,2.737231,267.8000,0.05,2141390776.44
27,2025-10-15,2025-11-14,172,20,1500,0,18.3262,2.319628,3.400845,136.3600,0.01,851724000.0
27,2025-10-15,2025-11-14,182,20,1500,0,18.7189,0.000000,3.072215,1524.7500,0.05,1927805250.8
27,2025-10-15,2025-11-14,185,20,1500,0,13.8696,0.000000,2.438091,416.2500,0.05,5607284473.8
27,2025-10-15,2025-11-14,196,20,1500,0,18.9052,2.665290,3.013028,1315.6500,0.05,1189526732.8
27,2025-10-15,2025-11-14,200,20,1500,0,11.8981,1.635420,2.316994,2059.6000,0.05,9018500964.55
27,2025-10-15,2025-11-14,201,20,1500,0,18.5338,0.966463,3.279753,259.7400,0.05,2154495907.88
27,2025-10-15,2025-11-14,206,20,1500,0,17.6203,1.321808,2.970838,375.0500,0.05,972793492.65
27,2025-10-15,2025-11-14,217,20,1500,0,21.7121,3.705101,2.960153,1943.5000,0.05,900177075.2
27,2025-10-15,2025-11-14,220,20,1500,1,13.6711,1.207679,2.189094,37310.0000,0.05,691434006.35
27,2025-10-15,2025-11-14,221,20,1500,0,16.0461,0.000000,2.639216,340.6250,0.05,2234783250.75
27,2025-10-15,2025-11-14,225,20,1500,0,13.1919,2.396882,2.321564,5895.2500,0.05,1570301229.75
27,2025-10-15,2025-11-14,228,20,1500,0,21.5848,0.000000,3.754454,2505.3500,0.05,12495730232.7
27,2025-10-15,2025-11-14,239,20,1500,0,16.3698,0.000000,3.054356,129.6050,0.01,2166394801.0
27,2025-10-15,2025-11-14,252,20,1500,0,15.7976,0.000000,2.901055,1611.4000,0.05,4887903140.0
27,2025-10-15,2025-11-14,267,20,1500,0,16.2287,0.000000,2.812549,735.6750,0.05,1670826161.6
27,2025-10-15,2025-11-14,273,20,1500,0,18.9834,1.910714,3.215008,1712.5000,0.05,2150385124.8
27,2025-10-15,2025-11-14,279,20,1500,0,15.3165,3.354105,2.363819,1533.5500,0.05,2044821218.4
27,2025-10-15,2025-11-14,283,20,1500,0,11.5621,0.000000,2.262857,380.2000,0.05,2262754289.5
27,2025-10-15,2025-11-14,284,20,1500,0,16.6973,0.000000,2.986431,1789.6500,0.05,1773025731.9
27,2025-10-15,2025-11-14,285,20,1500,0,11.5357,1.772672,2.183161,2215.1500,0.05,1127203175.1
27,2025-10-15,2025-11-14,288,20,1500,0,12.3642,2.208155,2.679328,534.2750,0.05,731518574.1
27,2025-10-15,2025-11-14,302,20,1500,0,14.9021,2.180906,2.585542,285.4500,0.05,692215283.2
27,2025-10-15,2025-11-14,306,20,1500,0,17.1537,1.510347,2.665227,4302.2500,0.05,1547163432.75
27,2025-10-15,2025-11-14,311,20,1500,0,14.7460,0.000000,2.644234,507.8500,0.05,1079196490.0
27,2025-10-15,2025-11-14,345,20,1500,0,15.6304,1.908816,2.690632,6597.0000,0.05,2286436194.3
27,2025-10-15,2025-11-14,346,20,1500,0,16.2744,2.244219,2.681583,15475.0000,0.05,5208489104.0
27,2025-10-15,2025-11-14,347,20,1500,0,14.5444,2.113389,2.679660,768.7000,0.05,2181838115.0
27,2025-10-15,2025-11-14,356,20,1500,0,13.2473,2.136926,2.516063,1235.8000,0.05,2036597911.5
27,2025-10-15,2025-11-14,368,20,1500,0,12.8725,0.000000,1.968685,6917.7500,0.05,2268864918.0
27,2025-10-15,2025-11-14,409,20,1500,0,13.0379,2.269288,2.467565,235.5800,0.05,1382000246.55
27,2025-10-15,2025-11-14,423,20,1500,0,18.8793,2.770039,2.932923,1039.7500,0.05,1114608794.0
27,2025-10-15,2025-11-14,430,20,1500,0,13.2401,1.569652,2.138342,175.5300,0.01,2019785850.45
27,2025-10-15,2025-11-14,465,20,1500,0,16.9199,0.000000,2.649809,1856.3000,0.05,981830253.1
27,2025-10-15,2025-11-14,477,20,1500,0,21.5570,3.406788,3.438990,3117.0000,0.05,720063594.0
27,2025-10-15,2025-11-14,479,20,1500,0,14.3643,1.882632,2.627362,1129.9000,0.05,1332261258.1
27,2025-10-15,2025-11-14,481,20,1500,0,18.6438,0.000000,3.043467,2274.9500,0.05,1671181344.0
27,2025-10-15,2025-11-14,496,20,1500,0,13.1975,2.179943,2.578567,2851.4000,0.05,1447143147.4
27,2025-10-15,2025-11-14,524,20,1500,0,13.7835,0.000000,2.247256,4752.4500,0.05,6188511317.5
27,2025-10-15,2025-11-14,529,20,1500,0,11.9805,1.947823,2.082698,1477.9500,0.05,1231390969.2
27,2025-10-15,2025-11-14,534,20,1500,0,11.4279,1.668967,2.234173,1535.1000,0.05,4155001579.8
27,2025-10-15,2025-11-14,536,20,1500,3,17.3601,0.000000,2.468380,2684.3000,0.05,1784817308.8
27,2025-10-15,2025-11-14,537,20,1500,0,10.2676,0.586445,2.186769,992.2000,0.05,17790049746.75
27,2025-10-15,2025-11-14,538,20,1500,0,11.0689,2.143426,2.284844,746.0000,0.05,1761475719.4
27,2025-10-15,2025-11-14,546,20,1500,0,14.4259,2.159987,2.591484,5549.0000,0.05,2526536037.3
27,2025-10-15,2025-11-14,556,20,1500,0,13.8749,1.361469,2.670089,802.2250,0.05,3105665665.2
27,2025-10-15,2025-11-14,562,20,1500,0,17.7874,2.191250,2.895218,449.1000,0.05,1825216786.25
27,2025-10-15,2025-11-14,563,20,1500,0,11.2452,2.399687,2.327886,2468.9500,0.05,3423630287.2
27,2025-10-15,2025-11-14,564,20,1500,0,15.5372,3.013429,2.923901,484.2000,0.05,824833375.8
27,2025-10-15,2025-11-14,590,20,1500,0,8.4989,0.000000,1.854143,1364.7500,0.05,12559082760.0
27,2025-10-15,2025-11-14,593,20,1500,0,13.5960,0.000000,2.385643,2009.1000,0.05,1099545449.7
27,2025-10-15,2025-11-14,609,20,1500,1,43.1501,0.000000,6.632453,9.4400,0.01,3426599646.76
27,2025-10-15,2025-11-14,611,20,1500,0,16.2950,0.000000,2.867931,79.7850,0.01,1452490748.8
27,2025-10-15,2025-11-14,612,20,1500,0,19.1533,4.120230,3.237676,139.5350,0.01,876144332.42
27,2025-10-15,2025-11-14,627,20,1500,0,13.2078,1.827242,2.441351,737.2500,0.05,2141828602.75
27,2025-10-15,2025-11-14,631,20,1500,0,19.0744,1.086553,2.590997,839.2000,0.05,887929368.6
27,2025-10-15,2025-11-14,634,20,1500,0,12.2613,1.657182,2.174508,5794.0000,0.05,3927036570.25
27,2025-10-15,2025-11-14,647,20,1500,0,18.5496,1.547410,3.077420,794.0250,0.05,4134494790.4
27,2025-10-15,2025-11-14,653,20,1500,0,10.0545,0.000000,2.109919,1462.3000,0.05,10702537137.6
27,2025-10-15,2025-11-14,656,20,1500,0,20.0418,1.480807,3.460704,151.0700,0.01,988818612.06
27,2025-10-15,2025-11-14,663,20,1500,0,13.6644,0.000000,2.370553,160.4600,0.01,1629088089.93
27,2025-10-15,2025-11-14,672,20,1500,0,9.5877,1.361199,2.169529,392.3000,0.05,5494060595.25
27,2025-10-15,2025-11-14,698,20,1500,0,15.9644,1.471727,2.853271,1066.6500,0.05,1433154512.0
27,2025-10-15,2025-11-14,720,20,1500,0,16.2048,0.000000,2.671418,530.1000,0.05,1485447600.0
27,2025-10-15,2025-11-14,722,20,1500,0,13.8763,2.198583,2.598083,1172.9000,0.05,1545989822.3
27,2025-10-15,2025-11-14,725,20,1500,0,13.9633,0.000000,2.514446,592.5500,0.05,979183020.4
27,2025-10-15,2025-11-14,750,20,1500,0,14.9223,3.884659,2.695187,4086.5500,0.05,1121875352.8
27,2025-10-15,2025-11-14,771,20,1500,0,10.6033,1.820436,2.427647,425.6000,0.05,6552303273.75
27,2025-10-15,2025-11-14,780,20,1500,0,16.7657,0.000000,2.943953,1170.0000,0.05,1265162634.0
27,2025-10-15,2025-11-14,798,20,1500,0,17.7542,1.175646,3.022552,961.7500,0.05,1166552505.0
27,2025-10-15,2025-11-14,805,20,1500,0,10.4659,1.537993,2.081031,572.2000,0.05,800556687.0
27,2025-10-15,2025-11-14,818,20,1500,0,11.1442,2.161157,2.479423,3934.3500,0.05,5866894913.4
27,2025-10-15,2025-11-14,823,20,1500,0,14.0305,1.698686,2.438448,1954.8000,0.05,1708964055.4
27,2025-10-15,2025-11-14,827,20,1500,0,12.4346,1.571531,2.281632,3616.4500,0.05,7910698184.5
27,2025-10-15,2025-11-14,853,20,1500,0,21.1683,2.536996,3.157436,276.3500,0.05,1260844261.56
27,2025-10-15,2025-11-14,863,20,1500,0,12.1595,0.000000,2.260422,720.0750,0.05,1216667593.5
27,2025-10-15,2025-11-14,865,20,1500,0,10.6753,1.401041,2.077910,16204.0000,0.05,4597633775.8
27,2025-10-15,2025-11-14,878,20,1500,1,19.0488,1.324422,3.477626,1872.0000,0.05,2720581680.0
27,2025-10-15,2025-11-14,886,20,1500,0,16.5660,0.000000,2.845482,1563.1000,0.05,885205332.0
27,2025-10-15,2025-11-14,908,20,1500,0,20.1279,2.099434,3.588228,1005.8500,0.05,1360952436.4
27,2025-10-15,2025-11-14,910,20,1500,0,15.8288,0.000000,2.783713,2711.5000,0.05,1254624604.1
27,2025-10-15,2025-11-14,925,20,1500,2,15.8560,0.000000,2.823720,3212.0000,0.05,1146888017.8
27,2025-10-15,2025-11-14,938,20,1500,1,17.0502,1.478183,3.220648,236.7600,0.05,1786444290.5
27,2025-10-15,2025-11-14,939,20,1500,0,15.8523,0.000000,2.556806,1347.8000,0.05,1783533384.8
27,2025-10-15,2025-11-14,943,20,1500,0,18.4791,0.000000,3.333813,112.7500,0.01,875487657.83
27,2025-10-15,2025-11-14,956,20,1500,0,15.8314,2.005026,2.679998,1272.1500,0.05,1615359104.8
27,2025-10-15,2025-11-14,970,20,1500,0,12.3952,0.000000,2.328843,85.0100,0.01,1206741010.62
27,2025-10-15,2025-11-14,982,20,1500,0,13.9801,1.234844,2.673518,73.2100,0.01,1490341116.24
27,2025-10-15,2025-11-14,990,20,1500,0,10.8216,2.182925,2.300487,338.3000,0.05,3772578994.8
27,2025-10-15,2025-11-14,994,20,1500,0,15.1179,1.512462,2.876499,1744.4000,0.05,1097862368.5
27,2025-10-15,2025-11-14,996,20,1500,1,13.0097,0.509525,2.224591,8316.0000,0.05,1200653838.8
27,2025-10-15,2025-11-14,997,20,1500,0,15.4939,1.820248,2.655962,431.3500,0.05,1005374208.3
27,2025-10-15,2025-11-14,1007,20,1500,1,12.0231,0.000000,2.377103,240.9000,0.05,2401105969.35
27,2025-10-15,2025-11-14,1028,20,1500,3,13.7597,1.570504,2.182216,40775.0000,0.05,1039486329.6
27,2025-10-15,2025-11-14,1049,20,1500,0,14.0149,0.000000,2.580719,5866.0000,0.05,2330712019.3
27,2025-10-15,2025-11-14,1051,20,1500,0,13.9050,2.202891,2.322787,396.4000,0.05,2672671233.9
27,2025-10-15,2025-11-14,1055,20,1500,0,24.5791,0.000000,3.594338,571.1750,0.05,1267928958.25
27,2025-10-15,2025-11-14,1060,20,1500,0,18.4300,2.280668,3.321991,1706.3500,0.05,931925680.0
27,2025-10-15,2025-11-14,1061,20,1500,0,12.4496,2.420686,2.346771,1488.6500,0.05,789287314.5
27,2025-10-15,2025-11-14,1062,20,1500,0,15.0068,0.000000,2.646726,3588.8000,0.05,778832557.2
27,2025-10-15,2025-11-14,1068,20,1500,0,14.1308,2.200020,2.740647,117.7300,0.01,2152826393.2
27,2025-10-15,2025-11-14,1070,20,1500,0,18.2923,1.174636,3.109513,908.1000,0.05,923934448.8
27,2025-10-15,2025-11-14,1076,20,1500,0,15.0340,0.000000,2.308810,7646.0000,0.05,1799983661.0
27,2025-10-15,2025-11-14,1080,20,1500,0,11.2547,1.476350,2.068233,288.5000,0.05,3296631106.9
27,2025-10-15,2025-11-14,1095,20,1500,0,18.7866,0.000000,3.045860,1747.0000,0.05,1023981927.0
27,2025-10-15,2025-11-14,1132,20,1500,0,19.9378,0.748361,3.468828,322.1000,0.05,1489139040.18
27,2025-10-15,2025-11-14,1135,20,1500,0,12.9411,1.297085,2.278859,372.2750,0.05,2947299217.0
27,2025-10-15,2025-11-14,1140,20,1500,0,10.0011,1.384159,2.027589,1486.9000,0.05,15197365368.0
27,2025-10-15,2025-11-14,1173,20,1500,0,13.2033,0.000000,2.632041,329.5500,0.05,2138853151.3
27,2025-10-15,2025-11-14,1179,20,1500,0,19.1466,1.134503,3.129474,137.0300,0.01,1671731110.44
27,2025-10-15,2025-11-14,1206,20,1500,0,16.0007,1.707601,2.918169,893.2250,0.05,814014063.8
27,2025-10-15,2025-11-14,1208,20,1500,0,11.2730,2.574133,2.583196,1965.1000,0.05,1664493084.8
27,2025-10-15,2025-11-14,1209,20,1500,0,11.4393,1.523743,2.206340,939.5750,0.05,7872789854.4
27,2025-10-15,2025-11-14,1250,20,1500,2,13.0099,3.129049,2.414519,28510.0000,0.05,808210157.6
27,2025-10-15,2025-11-14,1261,20,1500,0,13.5200,1.769983,2.336481,3116.2500,0.05,1824792002.0
27,2025-10-15,2025-11-14,1283,20,1500,0,17.0126,1.510703,2.713208,13953.5000,0.05,1173237048.0
27,2025-10-15,2025-11-14,1305,20,1500,0,14.6793,1.712090,2.762378,2971.9500,0.05,1236398770.0
27,2025-10-15,2025-11-14,1334,20,1500,0,11.2011,1.945875,2.130361,1695.0000,0.05,3475549898.25
27,2025-10-15,2025-11-14,1341,20,1500,1,17.7091,0.705350,3.017956,3872.6500,0.05,747610744.8
27,2025-10-15,2025-11-14,1349,20,1500,0,19.0574,0.000000,2.968120,57.5100,0.01,3230712137.12
27,2025-10-15,2025-11-14,1366,20,1500,0,15.9449,3.428774,2.878064,1165.0000,0.05,1249583890.8
27,2025-10-15,2025-11-14,1367,20,1500,0,12.1647,2.266851,2.397953,5396.0000,0.05,881201598.0
27,2025-10-15,2025-11-14,1372,20,1500,0,11.2581,0.000000,2.298842,397.9750,0.05,2357331352.2
27,2025-10-15,2025-11-14,1373,20,1500,0,13.5301,1.087823,2.534535,178.5550,0.01,3899034164.38
27,2025-10-15,2025-11-14,1383,20,1500,0,9.3006,1.182257,2.004438,3039.0000,0.05,8426348294.7
27,2025-10-15,2025-11-14,1386,20,1500,0,11.0214,1.517510,2.166825,1408.0500,0.05,2650004285.2
27,2025-10-15,2025-11-14,1406,20,1500,0,17.1162,1.865901,2.716885,3067.6500,0.05,778971788.3
27,2025-10-15,2025-11-14,1415,20,1500,0,12.6172,1.969148,2.448914,3754.6500,0.05,2589148934.4
27,2025-10-15,2025-11-14,1420,20,1500,0,12.1838,0.599423,2.533016,3592.6500,0.05,914963483.1
27,2025-10-15,2025-11-14,1426,20,1500,0,12.5434,0.000000,2.490448,3135.3000,0.05,5155881048.0
27,2025-10-15,2025-11-14,1438,20,1500,0,14.5192,1.339019,2.279925,3512.5500,0.05,1690027303.8
27,2025-10-15,2025-11-14,1451,20,1500,0,9.8093,1.653313,1.934308,11723.0000,0.05,3047336420.4
27,2025-10-15,2025-11-14,1455,20,1500,0,19.2906,0.000000,3.341722,143.1350,0.01,1266232544.28
27,2025-10-15,2025-11-14,1461,20,1500,0,15.8736,0.000000,2.660820,718.8000,0.05,1171857143.8
27,2025-10-15,2025-11-14,1480,20,1500,0,16.9454,0.000000,2.969179,464.4000,0.05,3106144424.8
27,2025-10-15,2025-11-14,1481,20,1500,0,16.1659,1.757862,2.927946,264.7000,0.05,3398802499.4
27,2025-10-15,2025-11-14,1510,20,1500,0,16.9827,0.000000,2.956613,1402.0000,0.05,1807800129.0
27,2025-10-15,2025-11-14,1532,20,1500,2,9.8752,1.135778,2.044729,236.0750,0.05,2725339150.05
27,2025-10-15,2025-11-14,1539,20,1500,0,16.1347,2.158095,3.083420,22.7700,0.01,1608130963.74
27,2025-10-15,2025-11-14,9424,20,1500,0,10.4594,1.422761,2.173819,4187.5500,0.05,1901211949.2
27,2025-10-15,2025-11-14,9428,20,1500,0,23.7478,2.839788,4.001546,1059.5500,0.05,1404991793.7
27,2025-10-15,2025-11-14,9486,20,1500,0,20.2967,0.327672,3.042761,105.8350,0.01,1882696960.95
27,2025-10-15,2025-11-14,9621,20,1500,0,11.6187,1.984495,2.395675,308.8500,0.05,4096312101.2
27,2025-10-15,2025-11-14,9674,20,1500,0,11.9363,0.000000,2.579675,981.6000,0.05,871595520.9
27,2025-10-15,2025-11-14,9728,20,1500,1,21.7507,1.638131,3.306287,17778.0000,0.05,1415689855.2
27,2025-10-15,2025-11-14,9752,20,1500,0,18.6019,0.000000,2.840881,1303.5000,0.05,4765163416.8
27,2025-10-15,2025-11-14,9754,20,1500,0,11.5970,2.472883,2.213915,123.3550,0.01,2066141911.1
27,2025-10-15,2025-11-14,9882,20,1500,0,20.4673,0.000000,3.593291,366.1000,0.05,2244994815.8
27,2025-10-15,2025-11-14,9891,20,1500,0,22.1351,2.769892,3.476854,960.9000,0.05,1519453049.1
27,2025-10-15,2025-11-14,9894,20,1500,1,12.5367,0.000000,2.180987,439.9500,0.05,857798992.2
27,2025-10-15,2025-11-14,9936,20,1500,0,13.5194,2.288112,2.619169,2409.3000,0.05,981951768.0
27,2025-10-15,2025-11-14,9962,20,1500,0,32.3760,3.945479,4.803600,50.5850,0.01,832790441.34
27,2025-10-15,2025-11-14,9973,20,1500,0,15.4025,0.000000,2.858433,1771.7500,0.05,3161445046.5
27,2025-10-15,2025-11-14,9983,20,1500,0,18.5537,2.240772,3.054819,482.1000,0.05,935945613.15
27,2025-10-15,2025-11-14,10023,20,1500,0,20.0451,0.000000,3.190108,416.1500,0.05,4607754611.725
27,2025-10-15,2025-11-14,10038,20,1500,0,20.7926,0.000000,3.423865,464.7000,0.05,819950531.4
27,2025-10-15,2025-11-14,10052,20,1500,0,19.2838,0.000000,3.244032,6701.2500,0.05,2914886804.1
27,2025-10-15,2025-11-14,10071,20,1500,0,19.2941,2.562223,3.490569,257.0050,0.05,1109208550.52
27,2025-10-15,2025-11-14,10140,20,1500,0,17.2436,0.000000,2.988448,2359.3000,0.05,1475526268.8
27,2025-10-15,2025-11-14,10160,20,1500,0,25.7141,4.317149,3.169071,325.5500,0.05,7857363586.26
27,2025-10-15,2025-11-14,10188,20,1500,0,15.9616,1.623452,2.959953,1194.0000,0.05,1444326827.5
27,2025-10-15,2025-11-14,10351,20,1500,0,18.3188,3.602457,3.042865,1118.5000,0.05,719852210.4
27,2025-10-15,2025-11-14,10361,20,1500,2,20.5652,0.671816,3.262268,270.5500,0.05,931681532.04
27,2025-10-15,2025-11-14,10399,20,1500,0,13.7820,1.722024,2.290222,1403.4000,0.05,1077850143.5
27,2025-10-15,2025-11-14,10431,20,1500,0,18.4781,0.000000,3.069290,506.1500,0.05,2995695001.6
27,2025-10-15,2025-11-14,10587,20,1500,0,14.9462,1.148880,2.695368,152.5850,0.01,1413413157.87
27,2025-10-15,2025-11-14,10627,20,1500,0,19.5238,0.000000,2.727654,1231.2000,0.05,615248283.6
27,2025-10-15,2025-11-14,10687,20,1500,0,16.0060,0.409583,2.654920,94.0950,0.01,777632197.5450001
27,2025-10-15,2025-11-14,10691,20,1500,0,16.2871,0.000000,2.595699,145.0000,0.01,1906952565.0
27,2025-10-15,2025-11-14,10694,20,1500,0,18.6832,3.997746,3.378412,1109.4000,0.05,1145316455.45
27,2025-10-15,2025-11-14,10840,20,1500,0,14.9395,1.181508,2.503516,587.4000,0.05,1049835808.0
27,2025-10-15,2025-11-14,11084,20,1500,0,20.8712,4.262466,3.359267,740.6750,0.05,3393242178.4
27,2025-10-15,2025-11-14,11223,20,1500,0,17.1190,0.000000,3.146603,3453.0000,0.05,4715489684.549999
27,2025-10-15,2025-11-14,11430,20,1500,0,28.3683,2.568935,3.464550,3040.4500,0.05,812887517.6
27,2025-10-15,2025-11-14,11452,20,1500,0,19.8691,3.213351,3.628239,1751.4000,0.05,2162664721.0
27,2025-10-15,2025-11-14,11457,20,1500,0,21.9527,0.000000,3.757158,252.2000,0.05,2783710696.25
27,2025-10-15,2025-11-14,11480,20,1500,0,15.4123,2.763566,2.907597,1159.9500,0.05,2281122354.0
27,2025-10-15,2025-11-14,11705,20,1500,0,15.2839,0.000000,2.800286,2765.3000,0.05,6552280373.4
27,2025-10-15,2025-11-14,11777,20,1500,0,15.6958,0.000000,2.893238,772.7000,0.05,1625058098.4
28,2025-11-17,2025-12-15,15,21,1575,0,12.5900,1.628577,2.303505,5148.5000,0.05,1604566770.3
28,2025-11-17,2025-12-15,17,21,1575,0,16.0044,1.456011,2.948277,351.1500,0.05,849131176.92
28,2025-11-17,2025-12-15,24,21,1575,0,13.3106,0.622953,2.552998,2285.1000,0.05,2241311740.0
28,2025-11-17,2025-12-15,26,21,1575,0,16.8989,3.425029,3.336719,1029.3000,0.05,2646750583.8
28,2025-11-17,2025-12-15,27,21,1575,0,11.5173,0.729329,2.170381,1504.5000,0.05,2772972032.0
28,2025-11-17,2025-12-15,28,21,1575,0,14.2384,1.325365,2.792901,147.0700,0.01,2367708871.2
28,2025-11-17,2025-12-15,58,21,1575,1,12.1694,1.815535,1.774609,5665.5000,0.05,596683957.0
28,2025-11-17,2025-12-15,68,21,1575,0,19.9837,1.824271,3.271954,7057.0000,0.05,2520117250.0
28,2025-11-17,2025-12-15,70,21,1575,0,11.6618,1.390493,2.165226,546.3000,0.05,1074722670.0
28,2025-11-17,2025-12-15,87,21,1575,0,13.1527,2.325821,2.273080,1729.3000,0.05,785479726.2
28,2025-11-17,2025-12-15,90,21,1575,0,9.0064,1.709584,1.636666,7323.5000,0.05,2432299514.15
28,2025-11-17,2025-12-15,118,21,1575,0,15.8665,0.532363,2.596463,158.4100,0.01,1371878412.75
28,2025-11-17,2025-12-15,120,21,1575,0,10.9511,1.833304,2.062014,2880.4000,0.05,2443559247.0
28,2025-11-17,2025-12-15,125,21,1575,0,14.3653,0.572871,2.510884,1441.7000,0.05,781679937.6
28,2025-11-17,2025-12-15,133,21,1575,0,12.2932,0.000000,2.170228,949.7000,0.05,1559896201.5
28,2025-11-17,2025-12-15,135,21,1575,0,14.3723,2.466283,2.607803,1212.4000,0.05,1099849230.9
28,2025-11-17,2025-12-15,143,21,1575,0,10.2332,1.582992,2.149161,1276.9000,0.05,7222426001.0
28,2025-11-17,2025-12-15,150,21,1575,0,10.4053,0.416132,1.882736,9009.5000,0.05,3031480471.5
28,2025-11-17,2025-12-15,153,21,1575,0,11.5192,2.021911,2.307016,2068.8000,0.05,2461716096.0
28,2025-11-17,2025-12-15,155,21,1575,0,18.5390,2.338279,3.062488,11310.0000,0.05,666717822.0
28,2025-11-17,2025-12-15,156,21,1575,0,11.3969,1.428775,2.400067,1017.9000,0.05,7255725502.5
28,2025-11-17,2025-12-15,168,21,1575,0,15.3045,0.000000,2.669138,149.8800,0.01,1107254767.5
28,2025-11-17,2025-12-15,170,21,1575,0,14.4398,0.000000,2.616927,279.0000,0.05,2072752827.08
28,2025-11-17,2025-12-15,172,21,1575,0,15.6366,1.185283,2.942025,141.7000,0.01,893495183.1
28,2025-11-17,2025-12-15,182,21,1575,0,17.1824,1.644672,3.114855,1501.0000,0.05,2034158190.5
28,2025-11-17,2025-12-15,185,21,1575,0,12.9043,2.093217,2.366156,409.9500,0.05,5607284473.8
28,2025-11-17,2025-12-15,196,21,1575,0,15.1001,1.903304,2.686961,1410.6000,0.05,1187295266.5
28,2025-11-17,2025-12-15,200,21,1575,0,9.3784,1.484570,1.770310,2103.9000,0.05,9634718561.0
28,2025-11-17,2025-12-15,201,21,1575,0,17.5759,2.303728,3.319386,283.3000,0.05,2115495052.9
28,2025-11-17,2025-12-15,206,21,1575,0,17.1051,0.000000,3.061395,395.6500,0.05,959689995.4
28,2025-11-17,2025-12-15,217,21,1575,1,14.6260,2.965840,2.641890,1764.9000,0.05,900177075.2
28,2025-11-17,2025-12-15,220,21,1575,10,10.7651,2.090762,1.835824,36605.0000,0.05,695219986.85
28,2025-11-17,2025-12-15,221,21,1575,0,14.3219,2.656774,2.426230,350.0000,0.05,2252499243.6
28,2025-11-17,2025-12-15,225,21,1575,0,10.0763,1.774123,1.713719,5844.0000,0.05,1608812138.1
28,2025-11-17,2025-12-15,228,21,1575,0,20.5694,0.000000,3.531055,2828.0000,0.05,12495730232.7
28,2025-11-17,2025-12-15,239,21,1575,0,14.7431,0.000000,2.512414,143.5100,0.01,2356820530.32
28,2025-11-17,2025-12-15,252,21,1575,0,15.3133,2.062952,2.865894,1592.4000,0.05,4586960187.6
28,2025-11-17,2025-12-15,267,21,1575,0,14.5464,2.358988,2.748536,673.4500,0.05,1647436672.35
28,2025-11-17,2025-12-15,273,21,1575,0,15.3209,2.050821,2.656222,1711.1000,0.05,2280918138.9
28,2025-11-17,2025-12-15,279,21,1575,0,8.3792,1.701716,1.732567,1517.9000,0.05,2000550684.0
28,2025-11-17,2025-12-15,283,21,1575,0,8.8589,1.803794,1.941538,378.6000,0.05,2193368371.2
28,2025-11-17,2025-12-15,284,21,1575,0,15.0388,1.448792,3.102133,1662.4000,0.05,1713879404.8
28,2025-11-17,2025-12-15,285,21,1575,0,9.8956,1.709716,1.925455,2161.9000,0.05,1095416165.6
28,2025-11-17,2025-12-15,288,21,1575,0,12.8436,2.751471,2.209540,511.1000,0.05,690086931.6
28,2025-11-17,2025-12-15,302,21,1575,0,12.1882,2.138866,2.503235,263.1500,0.05,692215283.2
28,2025-11-17,2025-12-15,306,21,1575,0,13.5307,1.872950,2.520200,4464.7000,0.05,1618001869.2
28,2025-11-17,2025-12-15,311,21,1575,0,11.6402,2.513960,2.178182,513.0000,0.05,1079196490.0
28,2025-11-17,2025-12-15,345,21,1575,0,11.8920,2.194857,2.225231,6435.5000,0.05,2279352511.5
28,2025-11-17,2025-12-15,346,21,1575,0,18.5428,0.000000,2.891237,14546.0000,0.05,4983473824.0
28,2025-11-17,2025-12-15,347,21,1575,0,12.3417,2.046121,2.413275,720.4000,0.05,2103321682.15
28,2025-11-17,2025-12-15,356,21,1575,0,10.9890,2.190950,2.026081,1253.0000,0.05,2027153358.0
28,2025-11-17,2025-12-15,368,21,1575,0,11.6926,0.000000,1.874577,7128.5000,0.05,2311531556.0
28,2025-11-17,2025-12-15,409,21,1575,0,12.3480,1.725618,2.370909,256.8000,0.05,1380463599.84
28,2025-11-17,2025-12-15,423,21,1575,0,16.1722,3.452214,2.848239,911.0500,0.05,1200189853.65
28,2025-11-17,2025-12-15,430,21,1575,0,11.6239,0.955110,2.037727,170.0000,0.01,1940999765.7
28,2025-11-17,2025-12-15,465,21,1575,0,17.8179,2.461657,2.979116,1941.0000,0.05,1002121800.0
28,2025-11-17,2025-12-15,477,21,1575,0,21.2769,0.000000,3.302507,2857.1000,0.05,809595389.25
28,2025-11-17,2025-12-15,479,21,1575,0,12.3894,2.275207,2.002701,1135.1000,0.05,1407476138.6
28,2025-11-17,2025-12-15,481,21,1575,0,15.6299,1.558736,2.836059,2089.1000,0.05,1664038728.0
28,2025-11-17,2025-12-15,496,21,1575,0,10.1956,1.639507,2.152232,2743.5000,0.05,1467092287.0
28,2025-11-17,2025-12-15,524,21,1575,0,12.3568,0.743037,2.302300,4476.7000,0.05,5981843417.9
28,2025-11-17,2025-12-15,529,21,1575,0,11.2632,2.285666,2.027568,1430.3000,0.05,1212305295.4
28,2025-11-17,2025-12-15,534,21,1575,0,11.4526,1.587100,2.044946,1639.2000,0.05,4056531642.8
28,2025-11-17,2025-12-15,537,21,1575,0,8.5590,1.222605,1.914086,999.1000,0.05,17522017315.35
28,2025-11-17,2025-12-15,538,21,1575,0,11.0909,1.051334,2.112087,764.2000,0.05,1759662747.5
28,2025-11-17,2025-12-15,546,21,1575,0,11.8895,1.332794,2.098358,6032.0000,0.05,2487652715.5
28,2025-11-17,2025-12-15,556,21,1575,0,12.1700,0.979424,2.074371,809.2500,0.05,3189289726.55
28,2025-11-17,2025-12-15,562,21,1575,0,14.1205,1.965757,2.538487,434.9500,0.05,1747627073.1
28,2025-11-17,2025-12-15,563,21,1571,5,13.3656,1.448822,2.100086,2423.0000,0.05,3456475673.5
28,2025-11-17,2025-12-15,564,21,1575,0,16.9643,2.807709,2.991487,490.1000,0.05,846189799.3
28,2025-11-17,2025-12-15,590,21,1575,0,7.5850,1.665606,1.732288,1376.5000,0.05,12569588320.0
28,2025-11-17,2025-12-15,593,21,1575,0,12.6496,1.007968,2.188326,1979.9000,0.05,1048724250.7
28,2025-11-17,2025-12-15,609,21,1575,0,27.4639,4.752895,5.471734,10.4800,0.01,3525562314.75
28,2025-11-17,2025-12-15,611,21,1575,0,14.4669,1.317085,2.631128,80.5200,0.01,1460537821.21
28,2025-11-17,2025-12-15,612,21,1575,0,17.7206,2.891483,3.127265,141.5600,0.01,828105633.75
28,2025-11-17,2025-12-15,627,21,1575,0,13.1940,2.214036,2.508554,731.2000,0.05,2125970293.2
28,2025-11-17,2025-12-15,631,21,1575,0,15.9642,0.000000,2.559129,842.2500,0.05,936590093.4
28,2025-11-17,2025-12-15,634,21,1575,0,17.6361,0.000000,2.780449,5738.0000,0.05,4002243163.55
28,2025-11-17,2025-12-15,647,21,1575,0,14.6534,2.566222,2.802209,848.7000,0.05,3833218523.85
28,2025-11-17,2025-12-15,653,21,1575,0,10.1713,0.000000,2.130683,1531.4000,0.05,11163240630.0
28,2025-11-17,2025-12-15,656,21,1575,0,19.2094,0.000000,3.152210,133.3300,0.01,955269852.79
28,2025-11-17,2025-12-15,663,21,1575,0,12.0927,0.732076,2.217602,158.9000,0.01,1607959986.4
28,2025-11-17,2025-12-15,672,21,1575,0,7.2327,1.661292,1.831570,384.4500,0.05,5533033589.65
28,2025-11-17,2025-12-15,698,21,1575,0,14.3884,2.316997,2.720540,1034.6000,0.05,1412056094.4
28,2025-11-17,2025-12-15,720,21,1575,0,18.9710,2.911338,3.258675,482.8500,0.05,1416585057.9
28,2025-11-17,2025-12-15,722,21,1575,0,16.8825,2.145000,2.540375,1150.3000,0.05,1569334182.0
28,2025-11-17,2025-12-15,725,21,1575,0,14.1724,2.760148,2.780792,593.4500,0.05,963529321.95
28,2025-11-17,2025-12-15,750,21,1575,0,15.1274,2.219500,2.729993,4119.3000,0.05,1095026584.0
28,2025-11-17,2025-12-15,771,21,1575,1,10.1433,1.056622,2.029643,425.2000,0.05,6641815440.0
28,2025-11-17,2025-12-15,780,21,1575,0,16.1149,1.235226,2.608972,1216.0000,0.05,1195353633.6
28,2025-11-17,2025-12-15,798,21,1575,0,15.7523,0.000000,2.639786,1011.9500,0.05,1244850297.8
28,2025-11-17,2025-12-15,805,21,1575,0,10.5293,1.799207,1.933739,549.0000,0.05,740589406.0
28,2025-11-17,2025-12-15,818,21,1575,0,9.2879,1.523739,2.050938,4020.9000,0.05,5866894913.4
28,2025-11-17,2025-12-15,823,21,1575,0,11.2620,1.603361,1.955730,2068.0000,0.05,1687796120.0
28,2025-11-17,2025-12-15,827,21,1575,0,10.8215,1.662509,2.231759,3693.0000,0.05,7650553043.7
28,2025-11-17,2025-12-15,853,21,1575,0,15.5423,1.606863,2.777593,280.3000,0.05,1188434362.5
28,2025-11-17,2025-12-15,863,21,1575,0,11.7653,1.663118,2.169729,730.9000,0.05,1217271883.2
28,2025-11-17,2025-12-15,865,21,1575,0,9.4802,0.848644,1.740931,16034.0000,0.05,4410652038.4
28,2025-11-17,2025-12-15,878,21,1575,0,17.4254,2.565532,3.255719,2024.0000,0.05,2909729713.0
28,2025-11-17,2025-12-15,886,21,1575,0,15.4761,3.404345,2.558748,1690.6000,0.05,885205332.0
28,2025-11-17,2025-12-15,908,21,1575,0,20.2601,3.850183,3.630900,936.3500,0.05,1268984249.25
28,2025-11-17,2025-12-15,910,21,1575,0,14.8093,0.000000,2.548659,2747.3000,0.05,1193871495.6
28,2025-11-17,2025-12-15,925,21,1575,0,12.5845,2.335149,2.658331,3745.8000,0.05,1231301114.6
28,2025-11-17,2025-12-15,938,21,1575,0,16.5580,1.642137,2.758657,263.2000,0.05,1680788190.15
28,2025-11-17,2025-12-15,939,21,1575,0,14.6649,1.652910,2.645368,1352.4000,0.05,1778889323.7
28,2025-11-17,2025-12-15,943,21,1575,0,18.3261,0.000000,2.980540,114.7600,0.01,875487657.83
28,2025-11-17,2025-12-15,956,21,1575,0,10.4860,1.988686,2.188487,1257.9000,0.05,1520571551.5
28,2025-11-17,2025-12-15,970,21,1575,0,11.6711,0.000000,2.208031,77.0400,0.01,1136073969.95
28,2025-11-17,2025-12-15,982,21,1575,0,14.5560,2.169304,2.602248,72.8800,0.01,1391985707.04
28,2025-11-17,2025-12-15,990,21,1575,0,9.5461,2.353026,2.189722,325.2000,0.05,3597483777.0
28,2025-11-17,2025-12-15,994,21,1575,0,14.7427,2.232616,2.629381,1650.8000,0.05,988396117.45
28,2025-11-17,2025-12-15,996,21,1575,0,13.5300,0.000000,2.254299,7913.0000,0.05,1164767384.0
28,2025-11-17,2025-12-15,997,21,1575,0,13.2218,2.237861,2.361627,414.0500,0.05,970670879.95
28,2025-11-17,2025-12-15,1007,21,1575,1,9.8506,1.228810,1.943636,238.1500,0.05,2320503785.48
28,2025-11-17,2025-12-15,1028,21,1575,7,11.2361,1.732711,1.754274,37655.0000,0.05,999984050.4
28,2025-11-17,2025-12-15,1049,21,1575,0,14.7945,1.129593,2.607917,6346.0000,0.05,2330712019.3
28,2025-11-17,2025-12-15,1051,21,1575,0,11.5224,1.319605,2.201963,361.6000,0.05,2526886310.0
28,2025-11-17,2025-12-15,1055,21,1575,0,26.7862,2.152407,4.227460,576.8000,0.05,1324634941.0
28,2025-11-17,2025-12-15,1060,21,1575,0,15.4834,2.145034,2.600295,1731.8000,0.05,928738828.5
28,2025-11-17,2025-12-15,1061,21,1575,0,10.5443,1.464099,2.153153,1473.1000,0.05,796726137.85
28,2025-11-17,2025-12-15,1062,21,1575,2,13.3958,0.000000,2.133061,3403.2000,0.05,771260328.0
28,2025-11-17,2025-12-15,1068,21,1575,0,13.4057,0.000000,2.333293,119.0600,0.01,2069855890.74
28,2025-11-17,2025-12-15,1070,21,1575,0,18.5971,0.000000,2.912162,903.3000,0.05,923934448.8
28,2025-11-17,2025-12-15,1076,21,1575,0,13.3752,1.458180,2.213844,7427.5000,0.05,1781011152.0
28,2025-11-17,2025-12-15,1080,21,1575,0,10.1417,2.486381,2.030589,270.0000,0.05,3232696901.8
28,2025-11-17,2025-12-15,1095,21,1575,0,17.3557,2.326446,3.014461,1664.2000,0.05,1036615705.3
28,2025-11-17,2025-12-15,1132,21,1575,0,16.5228,0.843592,2.662641,309.1000,0.05,1644020682.15
28,2025-11-17,2025-12-15,1135,21,1575,0,11.3117,1.634458,2.279342,355.5000,0.05,2731402423.75
28,2025-11-17,2025-12-15,1140,21,1575,0,9.3099,0.836638,1.882219,1544.9000,0.05,14742499018.6
28,2025-11-17,2025-12-15,1173,21,1575,0,17.1182,0.000000,2.917511,315.8500,0.05,1938989408.85
28,2025-11-17,2025-12-15,1179,21,1575,0,15.0797,0.000000,2.774591,133.0500,0.01,1644611290.5
28,2025-11-17,2025-12-15,1206,21,1575,0,13.2184,2.341362,2.456947,874.7500,0.05,818012422.75
28,2025-11-17,2025-12-15,1208,21,1575,0,12.9824,1.268735,1.959946,2009.4000,0.05,1658845479.2
28,2025-11-17,2025-12-15,1209,21,1575,0,8.6399,0.000000,1.664448,972.6000,0.05,7872521353.95
28,2025-11-17,2025-12-15,1250,21,1575,9,10.8041,2.339096,1.934837,26405.0000,0.05,787499300.0
28,2025-11-17,2025-12-15,1261,21,1575,0,18.3053,0.000000,2.906212,3220.8000,0.05,1671045852.0
28,2025-11-17,2025-12-15,1283,21,1575,0,14.5942,2.029060,2.430569,13266.0000,0.05,1241461000.0
28,2025-11-17,2025-12-15,1305,21,1575,0,12.9083,0.000000,2.377972,2845.6000,0.05,1272206851.2
28,2025-11-17,2025-12-15,1334,21,1575,0,9.7731,1.660092,1.792605,1792.6000,0.05,3457068608.7
28,2025-11-17,2025-12-15,1341,21,1575,0,13.7959,2.739897,2.481620,3360.0000,0.05,747610744.8
28,2025-11-17,2025-12-15,1349,21,1575,0,14.3886,0.000000,2.769730,53.9200,0.01,3204653269.64
28,2025-11-17,2025-12-15,1366,21,1575,0,12.1385,1.382067,2.170785,1162.3000,0.05,1269538658.4
28,2025-11-17,2025-12-15,1367,21,1575,0,15.1444,0.853124,2.231226,5190.0000,0.05,874401120.0
28,2025-11-17,2025-12-15,1372,21,1575,0,10.8342,2.379896,2.374572,385.5000,0.05,2176217035.0
28,2025-11-17,2025-12-15,1373,21,1575,0,10.9429,0.000000,2.270509,168.0200,0.01,3745232376.88
28,2025-11-17,2025-12-15,1383,21,1575,0,10.0890,1.480282,2.001067,3158.8000,0.05,8529634377.9
28,2025-11-17,2025-12-15,1386,21,1575,0,12.2673,1.000524,2.277037,1484.0000,0.05,2605747015.9
28,2025-11-17,2025-12-15,1406,21,1575,0,16.3423,1.631580,2.651030,2798.7000,0.05,774996168.1
28,2025-11-17,2025-12-15,1415,21,1575,0,9.9145,1.332860,2.023009,3868.5000,0.05,2589148934.4
28,2025-11-17,2025-12-15,1420,21,1575,0,11.4439,2.284237,2.175964,3751.9000,0.05,884012022.8
28,2025-11-17,2025-12-15,1426,21,1575,0,12.7214,1.891823,2.368378,2826.7000,0.05,5145791035.0
28,2025-11-17,2025-12-15,1438,21,1575,0,11.7694,0.947665,2.137324,3599.9000,0.05,1758636270.6
28,2025-11-17,2025-12-15,1451,21,1575,0,8.3551,1.528215,1.641208,11394.0000,0.05,2972107712.0
28,2025-11-17,2025-12-15,1455,21,1575,0,16.3151,0.000000,2.908470,148.3100,0.01,1348882790.26
28,2025-11-17,2025-12-15,1461,21,1575,0,13.5584,1.921207,2.092069,752.7500,0.05,1238179260.15
28,2025-11-17,2025-12-15,1480,21,1575,0,14.8589,2.451032,2.701346,469.9000,0.05,3116018801.7
28,2025-11-17,2025-12-15,1481,21,1575,1,14.6735,0.437573,2.748160,272.9000,0.05,3501257045.25
28,2025-11-17,2025-12-15,1510,21,1575,0,14.8289,2.200859,2.408452,1365.0000,0.05,1653617256.4
28,2025-11-17,2025-12-15,1532,21,1575,0,10.5137,1.538137,2.105902,243.7500,0.05,2561055820.38
28,2025-11-17,2025-12-15,1539,21,1575,0,12.9600,1.758704,2.859268,22.6100,0.01,1634320333.35
28,2025-11-17,2025-12-15,9424,21,1575,0,10.6534,1.750758,2.086689,3968.7000,0.05,1831672463.6
28,2025-11-17,2025-12-15,9428,21,1575,0,21.6917,2.047613,3.426751,970.5000,0.05,1338775869.5
28,2025-11-17,2025-12-15,9486,21,1575,0,16.3217,1.810142,2.932920,116.2000,0.01,1711862590.97
28,2025-11-17,2025-12-15,9621,21,1575,0,11.0157,0.854943,2.259082,303.1000,0.05,4121584088.25
28,2025-11-17,2025-12-15,9674,21,1575,0,10.2875,1.656419,2.219108,932.3500,0.05,821988143.35
28,2025-11-17,2025-12-15,9728,21,1575,0,21.6371,2.135033,3.387203,21517.0000,0.05,1576822040.0
28,2025-11-17,2025-12-15,9752,21,1575,0,17.6407,2.442744,3.106245,1301.1000,0.05,4521616313.0
28,2025-11-17,2025-12-15,9754,21,1575,0,10.8905,1.555431,2.325337,116.6200,0.01,1890209151.1
28,2025-11-17,2025-12-15,9873,21,1575,0,25.8757,1.541474,4.326023,678.3000,0.05,785323382.1
28,2025-11-17,2025-12-15,9882,21,1575,0,16.3596,2.370335,3.058794,389.5500,0.05,2256568764.8
28,2025-11-17,2025-12-15,9891,21,1575,0,16.1149,3.136273,3.043119,991.0000,0.05,1468910824.0
28,2025-11-17,2025-12-15,9894,21,1575,2,9.1394,1.253698,1.854688,435.0000,0.05,858258354.2
28,2025-11-17,2025-12-15,9936,21,1575,1,11.8383,1.670148,2.293526,2221.3000,0.05,1029081713.6
28,2025-11-17,2025-12-15,9962,21,1575,0,21.8542,3.853421,3.924273,49.8500,0.01,877070355.84
28,2025-11-17,2025-12-15,9973,21,1575,0,15.6451,0.000000,2.818255,1861.1000,0.05,3020034273.3
28,2025-11-17,2025-12-15,9983,21,1575,0,18.2130,0.000000,2.643900,499.0000,0.05,926227507.5
28,2025-11-17,2025-12-15,10023,21,1575,0,23.7245,4.436131,3.141606,395.6000,0.05,4399731688.35
28,2025-11-17,2025-12-15,10038,21,1575,0,16.8958,1.151091,2.890147,412.2500,0.05,915544690.9
28,2025-11-17,2025-12-15,10052,21,1575,2,34.2222,0.000000,5.552135,5419.0000,0.05,2956281657.05
28,2025-11-17,2025-12-15,10071,21,1575,0,17.1886,3.154229,3.224374,263.5000,0.05,1112598956.34
28,2025-11-17,2025-12-15,10140,21,1575,0,16.4187,1.774756,2.896230,2325.0000,0.05,1476673869.6
28,2025-11-17,2025-12-15,10160,21,1575,0,14.6612,1.742967,2.573811,301.1000,0.05,8645453741.36
28,2025-11-17,2025-12-15,10188,21,1575,0,14.8061,2.563104,2.688597,1138.0000,0.05,1457157694.4
28,2025-11-17,2025-12-15,10351,21,1575,0,20.2095,0.000000,2.814482,1138.7000,0.05,731804556.0
28,2025-11-17,2025-12-15,10361,21,1575,0,16.9780,1.837479,3.162480,302.7000,0.05,933465400.0
28,2025-11-17,2025-12-15,10399,21,1575,0,11.2458,2.125804,1.992813,1434.7000,0.05,1099675987.2
28,2025-11-17,2025-12-15,10431,21,1575,0,16.5400,2.073439,2.608871,491.8000,0.05,2684418024.8
28,2025-11-17,2025-12-15,10587,21,1575,0,13.2003,1.387258,2.648231,141.9200,0.01,1385988613.92
28,2025-11-17,2025-12-15,10627,21,1575,0,17.3345,1.435057,2.498827,1285.0000,0.05,691531842.4
28,2025-11-17,2025-12-15,10687,21,1575,0,17.7400,0.000000,2.972585,103.7500,0.01,801064162.95
28,2025-11-17,2025-12-15,10691,21,1575,0,17.7214,0.373772,3.190745,133.7500,0.01,1817328101.1599998
28,2025-11-17,2025-12-15,10694,21,1575,0,20.1195,0.000000,3.278577,1068.0000,0.05,1159218777.5
28,2025-11-17,2025-12-15,10840,21,1575,0,15.0221,2.474487,2.365937,566.5000,0.05,1010036820.0
28,2025-11-17,2025-12-15,11084,21,1575,0,15.5806,1.594482,2.862032,842.0000,0.05,3398863622.0
28,2025-11-17,2025-12-15,11223,21,1575,0,19.8832,0.000000,2.843851,3152.4000,0.05,4188999585.6
28,2025-11-17,2025-12-15,11430,21,1575,0,27.7691,0.301143,3.829526,2910.0000,0.05,890428563.4000001
28,2025-11-17,2025-12-15,11452,21,1575,0,17.8330,1.983151,3.231401,1849.5000,0.05,2287861962.5
28,2025-11-17,2025-12-15,11457,21,1575,0,19.1304,3.053572,3.612394,269.9000,0.05,2570547919.5
28,2025-11-17,2025-12-15,11480,21,1575,0,15.3265,1.327422,2.724306,1119.1000,0.05,2350139451.6
28,2025-11-17,2025-12-15,11705,21,1575,0,14.2006,1.422249,2.903308,2663.7000,0.05,6075289024.2
29,2025-12-16,2026-01-14,15,21,1575,0,14.8153,0.000000,2.129727,5176.0000,0.05,1538465978.5
29,2025-12-16,2026-01-14,17,21,1575,0,16.8556,0.000000,2.721928,351.6500,0.05,940574313.35
29,2025-12-16,2026-01-14,24,21,1575,0,14.1009,0.000000,2.495709,2236.9000,0.05,2209460466.85
29,2025-12-16,2026-01-14,26,21,1575,0,15.8163,0.000000,2.859250,1017.5000,0.05,2420818391.6
29,2025-12-16,2026-01-14,27,21,1575,0,11.0417,1.148888,2.005362,1483.0000,0.05,2639144256.0
29,2025-12-16,2026-01-14,28,21,1575,0,17.3622,0.000000,2.935464,143.2000,0.01,2250061354.1
29,2025-12-16,2026-01-14,58,21,1575,0,13.7737,1.141957,2.357771,5596.0000,0.05,561437753.4
29,2025-12-16,2026-01-14,68,21,1575,0,18.4051,0.000000,2.854965,6592.0000,0.05,2443142836.5
29,2025-12-16,2026-01-14,70,21,1575,0,11.9005,1.667857,2.311012,550.1000,0.05,1023057811.75
29,2025-12-16,2026-01-14,87,21,1575,0,14.5648,1.393938,2.649117,1894.3000,0.05,777658590.8
29,2025-12-16,2026-01-14,90,21,1575,0,10.5384,0.000000,1.896799,7116.5000,0.05,2304811659.0
29,2025-12-16,2026-01-14,118,21,1575,0,14.3381,1.791224,2.668857,179.4100,0.01,1420353041.18
29,2025-12-16,2026-01-14,120,21,1575,0,12.0303,0.000000,2.110141,2792.1000,0.05,2443559247.0
29,2025-12-16,2026-01-14,125,21,1575,0,15.9800,1.388584,2.689251,1430.3000,0.05,773510848.2
29,2025-12-16,2026-01-14,133,21,1575,0,12.6559,1.481507,2.194552,991.3500,0.05,1649489140.8
29,2025-12-16,2026-01-14,135,21,1575,0,15.5862,0.000000,2.649636,1205.3000,0.05,1057040682.5
29,2025-12-16,2026-01-14,143,21,1575,0,9.8507,0.723404,2.259129,1260.3000,0.05,6812217084.0
29,2025-12-16,2026-01-14,150,21,1575,0,12.6304,1.198871,2.256773,9349.0000,0.05,3014577945.0
29,2025-12-16,2026-01-14,153,21,1575,0,10.6866,0.860233,1.973539,2031.2000,0.05,2387118123.0
29,2025-12-16,2026-01-14,155,21,1575,1,19.2096,1.643315,2.794890,11164.0000,0.05,679688898.0
29,2025-12-16,2026-01-14,156,21,1575,0,11.7251,1.230438,2.286094,988.7000,0.05,7018291860.75
29,2025-12-16,2026-01-14,168,21,1575,0,15.1823,0.000000,2.726691,146.1500,0.01,1071055392.74
29,2025-12-16,2026-01-14,170,21,1575,0,14.6388,0.859963,2.677314,287.2000,0.05,2059041894.91
29,2025-12-16,2026-01-14,172,21,1575,0,16.3379,0.000000,2.624798,138.9900,0.01,931394464.76
29,2025-12-16,2026-01-14,182,21,1575,0,20.5906,0.000000,3.547709,1484.0000,0.05,2178356404.0
29,2025-12-16,2026-01-14,185,21,1575,0,13.7331,0.000000,2.551705,401.3000,0.05,5437608753.45
29,2025-12-16,2026-01-14,196,21,1575,0,14.5956,1.332410,2.586663,1455.6000,0.05,1157253609.6
29,2025-12-16,2026-01-14,200,21,1575,0,9.7847,1.263233,2.024429,2099.5000,0.05,9649114937.6
29,2025-12-16,2026-01-14,201,21,1575,2,25.5386,0.000000,3.596447,280.8000,0.05,2079336217.5
29,2025-12-16,2026-01-14,206,21,1575,0,15.6060,0.000000,2.713750,390.4000,0.05,972793492.65
29,2025-12-16,2026-01-14,217,21,1575,1,18.2409,0.000000,2.770825,1794.2000,0.05,893454903.0
29,2025-12-16,2026-01-14,220,21,1575,1,14.6350,0.000000,2.353748,36200.0000,0.05,680090967.7
29,2025-12-16,2026-01-14,221,21,1575,0,14.6304,0.000000,2.513740,357.3500,0.05,2222372770.2
29,2025-12-16,2026-01-14,225,21,1575,0,11.6576,1.918284,2.265432,6035.0000,0.05,1564450409.9
29,2025-12-16,2026-01-14,228,21,1575,0,18.6100,0.000000,3.414984,2685.3000,0.05,12483875412.9
29,2025-12-16,2026-01-14,239,21,1575,0,14.9638,0.000000,2.644947,145.7900,0.01,2475685261.26
29,2025-12-16,2026-01-14,252,21,1575,0,14.7124,0.398170,2.627526,1465.6000,0.05,4296204893.9
29,2025-12-16,2026-01-14,267,21,1575,0,21.6520,0.597144,3.161119,645.9500,0.05,1627301278.5
29,2025-12-16,2026-01-14,273,21,1575,0,17.2263,0.000000,3.135662,1702.9000,0.05,2263623144.3
29,2025-12-16,2026-01-14,279,21,1575,0,9.6170,0.000000,1.845355,1499.8000,0.05,1877389809.7
29,2025-12-16,2026-01-14,283,21,1575,0,14.9174,0.000000,2.612047,403.2500,0.05,2019166894.35
29,2025-12-16,2026-01-14,284,21,1575,0,19.4071,0.000000,3.431426,1609.2000,0.05,1607778652.05
29,2025-12-16,2026-01-14,285,21,1575,0,10.4287,1.808379,2.040526,2088.5000,0.05,1062140882.0
29,2025-12-16,2026-01-14,288,21,1575,0,13.7118,0.000000,2.199912,517.0500,0.05,690086931.6
29,2025-12-16,2026-01-14,302,21,1575,0,17.0318,0.000000,2.734946,254.4500,0.05,662953706.25
29,2025-12-16,2026-01-14,306,21,1575,0,16.2670,0.000000,2.591786,4384.3000,0.05,1675762445.0
29,2025-12-16,2026-01-14,311,21,1575,0,14.1690,0.000000,1.996475,501.5000,0.05,1054585061.25
29,2025-12-16,2026-01-14,345,21,1575,0,13.7984,0.000000,2.337805,6420.5000,0.05,2132120252.0
29,2025-12-16,2026-01-14,346,21,1575,0,22.1791,0.000000,3.843995,12090.0000,0.05,4631262975.85
29,2025-12-16,2026-01-14,347,21,1575,0,15.3754,0.000000,2.567716,690.5000,0.05,2077676048.0
29,2025-12-16,2026-01-14,356,21,1575,0,12.1263,0.000000,2.121274,1262.0000,0.05,2000333797.2
29,2025-12-16,2026-01-14,368,21,1575,0,11.6132,1.032460,1.914081,7318.0000,0.05,2441432235.0
29,2025-12-16,2026-01-14,409,21,1575,0,13.2493,2.018376,2.358205,262.9000,0.05,1385581066.45
29,2025-12-16,2026-01-14,423,21,1575,0,16.0105,1.022416,2.880236,900.7000,0.05,1261845744.95
29,2025-12-16,2026-01-14,430,21,1575,0,11.0795,0.000000,2.102842,164.8800,0.01,1902973427.11
29,2025-12-16,2026-01-14,465,21,1575,0,16.0644,0.000000,2.657874,2021.9000,0.05,1065168320.9
29,2025-12-16,2026-01-14,477,21,1575,0,26.5241,0.000000,4.115537,2696.0000,0.05,834136570.0
29,2025-12-16,2026-01-14,479,21,1575,0,13.1733,2.131465,2.457972,1223.2000,0.05,1395962354.4
29,2025-12-16,2026-01-14,481,21,1575,0,17.3095,0.000000,2.846650,2018.6000,0.05,1473460176.5
29,2025-12-16,2026-01-14,496,21,1575,0,10.7392,1.256026,2.132420,2826.2000,0.05,1434042657.6
29,2025-12-16,2026-01-14,524,21,1575,0,13.0696,1.279293,2.323603,4428.0000,0.05,5661698338.8
29,2025-12-16,2026-01-14,529,21,1575,0,12.6989,1.342343,2.088977,1428.8000,0.05,1153599499.2
29,2025-12-16,2026-01-14,534,21,1575,0,13.3407,1.537572,2.385815,1651.6000,0.05,3936010681.0
29,2025-12-16,2026-01-14,536,21,1575,0,14.2988,0.911401,2.690057,2583.1000,0.05,1820635833.6
29,2025-12-16,2026-01-14,537,21,1575,0,8.3376,1.002017,1.891869,986.1000,0.05,17352656853.3
29,2025-12-16,2026-01-14,538,21,1575,0,12.0420,0.000000,2.135564,755.8000,0.05,1728370254.4
29,2025-12-16,2026-01-14,546,21,1575,0,13.6160,0.000000,2.203724,5752.0000,0.05,2684452637.5
29,2025-12-16,2026-01-14,556,21,1575,0,14.2452,0.000000,2.615468,885.8000,0.05,3261278259.0
29,2025-12-16,2026-01-14,562,21,1575,0,16.2818,0.000000,2.854311,448.0000,0.05,1720817316.25
29,2025-12-16,2026-01-14,563,21,1575,0,9.5614,1.070146,2.036463,2308.0000,0.05,3456475673.5
29,2025-12-16,2026-01-14,564,21,1575,0,19.4819,2.575318,3.551162,619.7500,0.05,913788297.1
29,2025-12-16,2026-01-14,590,21,1575,0,8.7996,1.126387,1.943901,1362.7000,0.05,12529347053.4
29,2025-12-16,2026-01-14,593,21,1575,0,12.6527,1.962945,2.313169,1949.3000,0.05,1045635350.6
29,2025-12-16,2026-01-14,609,21,1575,3,43.7273,0.000000,6.541435,11.5900,0.01,3861047671.65
29,2025-12-16,2026-01-14,611,21,1575,0,14.3749,0.000000,2.517460,84.9100,0.01,1547446249.56
29,2025-12-16,2026-01-14,612,21,1575,0,34.9503,0.000000,3.549397,140.1900,0.01,817608093.78
29,2025-12-16,2026-01-14,627,21,1575,0,12.3093,0.000000,2.306283,728.6500,0.05,2058455527.2
29,2025-12-16,2026-01-14,631,21,1575,0,16.4801,0.000000,2.752022,797.3000,0.05,988411936.2
29,2025-12-16,2026-01-14,634,21,1575,0,12.0887,0.423394,2.232780,5040.5000,0.05,4234764044.0
29,2025-12-16,2026-01-14,647,21,1575,0,15.4416,0.000000,2.912091,861.1500,0.05,3620369266.15
29,2025-12-16,2026-01-14,653,21,1575,0,11.0884,1.983898,2.367947,1589.5000,0.05,11412355925.9
29,2025-12-16,2026-01-14,656,21,1575,0,21.3786,0.000000,3.326530,124.3700,0.01,939388746.56
29,2025-12-16,2026-01-14,663,21,1575,0,12.4510,0.000000,2.241850,162.1400,0.01,1564432553.2
29,2025-12-16,2026-01-14,672,21,1575,0,13.2428,0.000000,2.097039,381.8500,0.05,5321605181.3
29,2025-12-16,2026-01-14,698,21,1575,0,16.1435,0.000000,2.708134,1013.9000,0.05,1412137971.2
29,2025-12-16,2026-01-14,720,21,1575,0,16.7160,0.000000,2.686420,484.7000,0.05,1468965034.3
29,2025-12-16,2026-01-14,722,21,1575,0,12.7283,0.000000,2.488969,1156.3000,0.05,1571485297.8
29,2025-12-16,2026-01-14,725,21,1575,0,15.5024,0.000000,2.728088,556.0000,0.05,958521519.5
29,2025-12-16,2026-01-14,750,21,1575,0,16.4441,0.000000,2.826652,4404.0000,0.05,1053382580.0
29,2025-12-16,2026-01-14,780,21,1575,0,17.9628,0.000000,3.213963,1175.2000,0.05,1030227643.5
29,2025-12-16,2026-01-14,798,21,1575,0,17.2799,0.000000,2.781063,1084.0000,0.05,1267373831.6
29,2025-12-16,2026-01-14,805,21,1575,0,13.4994,0.000000,2.024252,535.4000,0.05,753371783.5
29,2025-12-16,2026-01-14,818,21,1575,0,10.8705,0.000000,2.112433,4062.2000,0.05,5710717887.9
29,2025-12-16,2026-01-14,823,21,1575,0,13.2653,1.128061,2.238955,2113.1000,0.05,1716254884.4
29,2025-12-16,2026-01-14,827,21,1575,0,10.8722,0.000000,2.158464,3647.0000,0.05,7623160566.0
29,2025-12-16,2026-01-14,853,21,1575,0,23.5374,0.000000,3.704502,306.9000,0.05,1100817108.48
29,2025-12-16,2026-01-14,863,21,1575,0,11.8976,1.416581,2.287506,750.0000,0.05,1220420114.4
29,2025-12-16,2026-01-14,865,21,1575,0,9.9988,1.119755,1.879655,16596.0000,0.05,4427735760.0
29,2025-12-16,2026-01-14,886,21,1575,0,15.0717,0.439167,2.671210,1677.5000,0.05,892114965.0
29,2025-12-16,2026-01-14,908,21,1575,0,18.6504,1.727413,3.473362,854.8000,0.05,1117932891.55
29,2025-12-16,2026-01-14,910,21,1575,0,14.8805,1.246414,2.575279,2765.7000,0.05,1184120989.2
29,2025-12-16,2026-01-14,925,21,1575,0,14.2090,2.243768,2.668808,3830.4000,0.05,1238838140.0
29,2025-12-16,2026-01-14,935,21,1575,0,21.9825,3.130906,3.348260,880.4500,0.05,573660651.55
29,2025-12-16,2026-01-14,938,21,1575,0,21.3971,1.733037,3.597169,314.2500,0.05,1680788190.15
29,2025-12-16,2026-01-14,939,21,1575,0,14.8577,1.674537,2.778205,1344.3000,0.05,1659149522.5
29,2025-12-16,2026-01-14,943,21,1575,0,18.7721,0.000000,3.289166,116.3700,0.01,903499373.03
29,2025-12-16,2026-01-14,956,21,1575,0,13.0369,2.089477,2.275722,1282.5000,0.05,1393664112.0
29,2025-12-16,2026-01-14,970,21,1575,0,15.5945,0.726831,2.700817,79.2000,0.01,1027798955.93
29,2025-12-16,2026-01-14,982,21,1575,0,19.8635,1.448301,3.197309,79.6800,0.01,1350643727.85
29,2025-12-16,2026-01-14,990,21,1575,0,11.3654,0.000000,2.141849,329.7000,0.05,3287806476.0
29,2025-12-16,2026-01-14,994,21,1575,0,17.2625,0.000000,2.551897,1669.3000,0.05,908268876.0
29,2025-12-16,2026-01-14,996,21,1575,0,13.5769,1.046599,2.243224,7472.0000,0.05,1108510653.0
29,2025-12-16,2026-01-14,997,21,1575,0,16.4893,0.000000,2.786270,412.4000,0.05,931696128.0
29,2025-12-16,2026-01-14,1007,21,1575,1,11.8728,0.000000,2.143208,229.9000,0.05,2227360959.76
29,2025-12-16,2026-01-14,1028,21,1575,4,12.3653,2.276954,2.180320,35725.0000,0.05,938616285.0
29,2025-12-16,2026-01-14,1049,21,1575,0,16.2312,1.944358,2.819672,6310.0000,0.05,2298459438.0
29,2025-12-16,2026-01-14,1051,21,1575,0,15.5793,0.000000,2.467654,357.0500,0.05,2427716324.0
29,2025-12-16,2026-01-14,1055,21,1575,0,24.1434,0.000000,3.704427,584.2000,0.05,1321658444.25
29,2025-12-16,2026-01-14,1060,21,1575,0,14.5431,0.000000,2.737510,1856.3000,0.05,898141244.0
29,2025-12-16,2026-01-14,1061,21,1575,0,10.9545,2.141970,2.154925,1474.0000,0.05,789287314.5
29,2025-12-16,2026-01-14,1062,21,1575,0,13.6110,1.596499,2.209601,3239.0000,0.05,740518605.6
29,2025-12-16,2026-01-14,1068,21,1575,0,13.4283,0.000000,2.348975,119.0000,0.01,1980862542.87
29,2025-12-16,2026-01-14,1070,21,1575,0,19.5563,2.527039,3.249543,960.0000,0.05,883236597.6
29,2025-12-16,2026-01-14,1076,21,1575,0,15.2390,0.000000,2.543970,7607.5000,0.05,1732808450.0
29,2025-12-16,2026-01-14,1080,21,1575,0,12.0893,1.355129,2.167801,263.0000,0.05,3148046972.2
29,2025-12-16,2026-01-14,1095,21,1575,0,19.2737,0.000000,2.938205,1605.5000,0.05,1016411915.4
29,2025-12-16,2026-01-14,1113,21,1575,0,22.5047,0.000000,3.562432,3169.5000,0.05,529533508.0
29,2025-12-16,2026-01-14,1132,21,1575,0,18.0408,3.029920,2.957951,306.5000,0.05,1595665193.76
29,2025-12-16,2026-01-14,1135,21,1575,0,16.2014,0.662111,2.652835,359.1500,0.05,2562135713.5
29,2025-12-16,2026-01-14,1140,21,1575,0,9.6214,0.000000,2.021722,1546.5000,0.05,14044028790.0
29,2025-12-16,2026-01-14,1173,21,1575,2,26.3456,0.000000,4.180189,345.4500,0.05,1805929241.4
29,2025-12-16,2026-01-14,1179,21,1575,0,20.4969,0.000000,3.276813,144.4000,0.01,1614826403.82
29,2025-12-16,2026-01-14,1206,21,1575,0,15.1177,0.000000,2.518199,862.1500,0.05,835788036.0
29,2025-12-16,2026-01-14,1208,21,1575,0,10.7818,1.324922,2.100618,2037.5000,0.05,1616516572.0
29,2025-12-16,2026-01-14,1209,21,1575,0,9.0017,0.000000,1.839464,982.5000,0.05,7872521353.95
29,2025-12-16,2026-01-14,1250,21,1575,11,11.6521,2.276171,2.018994,26450.0000,0.05,793568115.0
29,2025-12-16,2026-01-14,1261,21,1575,0,15.8305,1.475418,2.388406,3089.0000,0.05,1586643492.5
29,2025-12-16,2026-01-14,1283,21,1575,0,19.6627,0.000000,2.954107,12522.0000,0.05,1242625536.0
29,2025-12-16,2026-01-14,1305,21,1575,0,13.2271,2.155815,2.403496,3059.4000,0.05,1326936312.5
29,2025-12-16,2026-01-14,1334,21,1575,0,10.8676,0.000000,1.984810,1737.6000,0.05,3448443401.2
29,2025-12-16,2026-01-14,1341,21,1575,0,15.4858,0.951952,2.753416,3401.5000,0.05,743272362.0
29,2025-12-16,2026-01-14,1349,21,1575,0,16.7497,1.209383,3.042627,52.6200,0.01,3155234659.46
29,2025-12-16,2026-01-14,1366,21,1575,0,12.1540,1.394250,2.266295,1182.0000,0.05,1244667534.4
29,2025-12-16,2026-01-14,1367,21,1575,1,18.6428,0.000000,3.057980,5361.5000,0.05,865501696.5
29,2025-12-16,2026-01-14,1372,21,1575,0,11.0786,1.290043,2.209544,379.6500,0.05,2060893424.15
29,2025-12-16,2026-01-14,1373,21,1575,0,13.3307,0.000000,2.462704,178.9000,0.01,3661125200.59
29,2025-12-16,2026-01-14,1383,21,1575,0,10.0570,2.033427,2.041890,3241.2000,0.05,8364689484.6
29,2025-12-16,2026-01-14,1386,21,1575,0,11.8063,1.678980,2.206453,1563.5000,0.05,2516674116.9
29,2025-12-16,2026-01-14,1406,21,1575,0,15.6055,0.000000,2.665062,2588.9000,0.05,754227972.0
29,2025-12-16,2026-01-14,1415,21,1575,0,10.5975,1.433884,2.081472,4040.0000,0.05,2534882844.0
29,2025-12-16,2026-01-14,1420,21,1575,0,12.0262,0.785809,2.117713,3830.6000,0.05,849488223.5
29,2025-12-16,2026-01-14,1426,21,1575,0,15.3482,0.000000,2.716345,2741.3000,0.05,4904037402.0
29,2025-12-16,2026-01-14,1438,21,1575,0,13.1036,0.997298,2.406110,3699.2000,0.05,1843705363.5
29,2025-12-16,2026-01-14,1451,21,1575,0,10.6837,1.582135,1.943721,11578.0000,0.05,2762171569.95
29,2025-12-16,2026-01-14,1455,21,1575,0,18.3225,0.000000,2.940524,149.8300,0.01,1354784663.52
29,2025-12-16,2026-01-14,1461,21,1575,0,14.6277,0.000000,2.509848,779.0000,0.05,1257989852.7
29,2025-12-16,2026-01-14,1480,21,1575,0,16.1550,0.000000,2.719177,486.6000,0.05,2860882212.1
29,2025-12-16,2026-01-14,1481,21,1575,0,18.3562,0.000000,2.979859,315.7000,0.05,3621591348.3
29,2025-12-16,2026-01-14,1510,21,1575,0,15.7242,0.000000,2.527548,1401.5000,0.05,1543564914.0
29,2025-12-16,2026-01-14,1532,21,1575,0,11.8051,1.486818,2.386593,257.5500,0.05,2360563925.4
29,2025-12-16,2026-01-14,1539,21,1575,0,14.2050,2.256451,3.117306,21.7800,0.01,1632128915.03
29,2025-12-16,2026-01-14,9424,21,1575,0,14.6047,1.011726,2.414596,3794.3000,0.05,1645841280.0
29,2025-12-16,2026-01-14,9428,21,1575,0,21.8599,0.000000,3.424494,849.5500,0.05,1134675789.7
29,2025-12-16,2026-01-14,9486,21,1575,0,16.0765,0.000000,2.597841,119.7800,0.01,1672514097.0
29,2025-12-16,2026-01-14,9621,21,1575,0,12.9543,1.233914,2.398209,295.6000,0.05,3901558631.55
29,2025-12-16,2026-01-14,9674,21,1575,0,11.2691,0.000000,2.159296,915.0000,0.05,817326489.7
29,2025-12-16,2026-01-14,9728,21,1575,0,24.7228,0.000000,3.442115,18455.0000,0.05,1652246592.0
29,2025-12-16,2026-01-14,9752,21,1575,0,16.5146,0.000000,2.698095,1310.0000,0.05,4392533327.0
29,2025-12-16,2026-01-14,9754,21,1575,0,21.0873,0.000000,3.051711,123.0000,0.01,1639422704.02
29,2025-12-16,2026-01-14,9873,21,1575,0,30.5958,2.152435,4.527726,693.0000,0.05,1000888840.7
29,2025-12-16,2026-01-14,9882,21,1575,0,21.6005,2.367277,3.577044,411.0000,0.05,2165488479.0
29,2025-12-16,2026-01-14,9891,21,1575,0,18.1303,0.000000,2.616121,1002.3000,0.05,1290518080.5
29,2025-12-16,2026-01-14,9894,21,1575,0,9.7196,1.071549,1.952516,414.7000,0.05,850811558.8
29,2025-12-16,2026-01-14,9936,21,1575,0,14.5523,0.322226,2.350516,2192.9000,0.05,1050957633.6
29,2025-12-16,2026-01-14,9962,21,1575,0,17.7624,2.184035,3.416855,52.0400,0.01,971636418.6
29,2025-12-16,2026-01-14,9973,21,1575,0,18.0390,3.371152,3.068219,1688.4000,0.05,2991487018.2
29,2025-12-16,2026-01-14,9983,21,1575,0,17.3513,1.175373,2.938845,480.1500,0.05,929116323.8
29,2025-12-16,2026-01-14,10023,21,1575,0,21.5763,0.297743,3.183940,390.1000,0.05,4010852534.4
29,2025-12-16,2026-01-14,10038,21,1575,0,17.8379,0.747303,2.754184,404.6500,0.05,868517516.8
29,2025-12-16,2026-01-14,10052,21,1575,0,23.8427,0.395026,4.274436,3984.5000,0.05,3027876520.8
29,2025-12-16,2026-01-14,10071,21,1575,0,17.6869,1.655436,3.068753,258.2000,0.05,1128357920.82
29,2025-12-16,2026-01-14,10140,21,1575,0,13.0007,1.593652,2.363207,2297.6000,0.05,1546355937.0
29,2025-12-16,2026-01-14,10160,21,1575,0,16.9712,0.000000,2.952395,284.2500,0.05,8126101833.55
29,2025-12-16,2026-01-14,10188,21,1575,0,16.8650,0.000000,2.849233,1076.3000,0.05,1387523695.6
29,2025-12-16,2026-01-14,10351,21,1575,0,20.3855,0.000000,2.914810,1174.9000,0.05,732793418.7
29,2025-12-16,2026-01-14,10361,21,1575,0,18.5898,0.000000,3.037306,302.8500,0.05,1060688922.0
29,2025-12-16,2026-01-14,10399,21,1575,0,13.3006,1.204244,2.347411,1400.0000,0.05,1103064023.1
29,2025-12-16,2026-01-14,10431,21,1575,0,21.0730,0.000000,2.841080,488.7000,0.05,2387404537.6
29,2025-12-16,2026-01-14,10587,21,1575,0,20.8853,0.000000,3.126445,139.2500,0.01,1269167004.94
29,2025-12-16,2026-01-14,10627,21,1575,0,17.7454,0.000000,2.528171,1270.8000,0.05,697740107.4
29,2025-12-16,2026-01-14,10687,21,1575,0,16.3999,0.000000,2.707073,102.7200,0.01,844615364.16
29,2025-12-16,2026-01-14,10691,21,1575,0,15.6283,0.000000,2.916414,134.6000,0.01,1769061280.5
29,2025-12-16,2026-01-14,10694,21,1575,0,19.0176,1.140217,3.086677,1074.5000,0.05,1148286994.5
29,2025-12-16,2026-01-14,10840,21,1575,0,17.6703,1.992058,2.394497,549.9000,0.05,1034476738.2
29,2025-12-16,2026-01-14,11084,21,1575,0,17.5980,1.081123,2.862908,975.1000,0.05,3490336323.8
29,2025-12-16,2026-01-14,11223,21,1575,0,20.6031,0.000000,3.160364,2891.0000,0.05,3588497848.2
29,2025-12-16,2026-01-14,11430,21,1575,0,26.1538,2.066727,3.885202,3077.7000,0.05,941385945.0
29,2025-12-16,2026-01-14,11452,21,1575,0,18.3821,1.047210,3.517036,1813.4000,0.05,2244538541.4
29,2025-12-16,2026-01-14,11457,21,1575,0,20.4152,0.000000,3.509223,244.2000,0.05,2384936361.6
29,2025-12-16,2026-01-14,11480,21,1575,0,14.3955,1.427466,2.745132,1050.5000,0.05,2380596812.4
29,2025-12-16,2026-01-14,11705,21,1575,0,20.2075,0.992717,3.535972,2493.5000,0.05,5285663751.2
29,2025-12-16,2026-01-14,11777,21,1575,0,16.7843,0.000000,2.997240,747.7000,0.05,1487809497.0
30,2026-01-16,2026-02-13,15,21,1575,1,25.5121,0.000000,3.325654,5504.0000,0.05,1467199314.5
30,2026-01-16,2026-02-13,17,21,1575,0,24.9815,4.150033,4.191410,346.2500,0.05,1046955064.0
30,2026-01-16,2026-02-13,24,21,1575,0,25.2324,2.609871,4.181013,2136.3000,0.05,2047287716.1
30,2026-01-16,2026-02-13,26,21,1575,1,29.1597,0.000000,4.880019,918.0000,0.05,2219678445.75
30,2026-01-16,2026-02-13,27,21,1575,0,20.4124,0.000000,3.422157,1421.7000,0.05,2560300144.425
30,2026-01-16,2026-02-13,28,21,1575,0,26.9225,0.000000,4.383676,141.1500,0.01,2163023830.0
30,2026-01-16,2026-02-13,58,21,1575,2,17.5389,0.000000,2.479182,5725.5000,0.05,552145873.65
30,2026-01-16,2026-02-13,68,21,1575,0,25.3385,0.000000,4.012126,6129.0000,0.05,2255744301.0
30,2026-01-16,2026-02-13,70,21,1575,0,19.5314,0.000000,3.161174,533.7000,0.05,1044374970.15
30,2026-01-16,2026-02-13,87,21,1575,0,16.8393,0.000000,3.048641,2075.9000,0.05,788044563.8
30,2026-01-16,2026-02-13,90,21,1575,0,15.2509,0.000000,2.412338,7063.5000,0.05,2369838868.5
30,2026-01-16,2026-02-13,118,21,1575,0,22.4204,0.000000,3.417498,195.5300,0.01,1531665092.4
30,2026-01-16,2026-02-13,120,21,1575,0,18.7777,0.000000,2.996237,2429.6000,0.05,2353257749.7
30,2026-01-16,2026-02-13,125,21,1575,0,21.4185,3.078779,3.512915,1471.1000,0.05,760024806.925
30,2026-01-16,2026-02-13,133,21,1575,0,19.4261,0.000000,2.842014,987.8000,0.05,1653131818.9499998
30,2026-01-16,2026-02-13,135,21,1575,0,23.7500,2.652343,3.355710,1159.6000,0.05,1012620214.65
30,2026-01-16,2026-02-13,143,21,1575,0,14.7110,3.501805,2.973866,1332.8000,0.05,6728371630.6
30,2026-01-16,2026-02-13,150,21,1575,0,15.3561,0.000000,2.739749,9496.5000,0.05,2980330031.0
30,2026-01-16,2026-02-13,153,21,1575,0,13.0826,2.086277,2.626372,2000.1000,0.05,2382758708.6
30,2026-01-16,2026-02-13,155,21,1575,2,15.9934,3.047952,2.416680,10733.0000,0.05,686425356.7
30,2026-01-16,2026-02-13,156,21,1575,0,16.9687,0.000000,3.216793,950.8500,0.05,6971706343.05
30,2026-01-16,2026-02-13,168,21,1575,0,18.9457,2.077174,3.687140,153.1000,0.01,1024770112.425
30,2026-01-16,2026-02-13,170,21,1575,0,20.2060,0.000000,3.118911,284.0000,0.05,2062383079.13
30,2026-01-16,2026-02-13,172,21,1575,0,24.7401,0.000000,4.159449,157.5400,0.01,957657239.42
30,2026-01-16,2026-02-13,182,21,1575,0,28.1259,0.000000,4.446099,1413.5000,0.05,2299124323.3500004
30,2026-01-16,2026-02-13,185,21,1575,0,27.4543,2.889699,4.023235,432.5000,0.05,5713459389.6
30,2026-01-16,2026-02-13,196,21,1575,0,25.9881,0.000000,3.392583,1448.0000,0.05,1116308596.3
30,2026-01-16,2026-02-13,200,21,1575,0,13.6501,0.000000,2.444978,2003.6000,0.05,9791501431.6
30,2026-01-16,2026-02-13,201,21,1575,0,27.6820,0.000000,4.302225,260.4000,0.05,2054668268.58
30,2026-01-16,2026-02-13,206,21,1575,0,22.3108,0.507541,3.431148,370.0500,0.05,972126569.625
30,2026-01-16,2026-02-13,220,21,1575,1,16.9537,1.802481,2.428604,36050.0000,0.05,717073890.0
30,2026-01-16,2026-02-13,221,21,1575,0,18.1073,0.000000,2.938045,355.7500,0.05,2203825111.7
30,2026-01-16,2026-02-13,225,21,1575,0,14.5330,0.879659,2.631637,5880.0000,0.05,1564949186.875
30,2026-01-16,2026-02-13,228,21,1575,1,36.4059,6.266405,4.710744,2828.8000,0.05,12639311689.05
30,2026-01-16,2026-02-13,239,21,1575,0,21.4098,0.000000,3.434744,143.8400,0.01,2618830368.96
30,2026-01-16,2026-02-13,252,21,1575,0,22.7892,3.045431,3.986180,1347.8000,0.05,3850278996.075
30,2026-01-16,2026-02-13,267,21,1575,0,26.1515,0.000000,4.406134,596.8000,0.05,1622259700.5749998
30,2026-01-16,2026-02-13,273,21,1575,0,19.7413,1.665914,3.345904,1685.0000,0.05,2274222200.8500004
30,2026-01-16,2026-02-13,279,21,1575,0,14.9341,2.401012,2.550197,1331.5000,0.05,1863039402.8
30,2026-01-16,2026-02-13,283,21,1575,0,18.0404,2.567270,3.182564,427.9500,0.05,2010335278.35
30,2026-01-16,2026-02-13,284,21,1575,0,26.0346,0.000000,4.308155,1505.0000,0.05,1622736443.6
30,2026-01-16,2026-02-13,285,21,1575,0,16.8404,0.000000,2.483819,2128.6000,0.05,1008768068.35
30,2026-01-16,2026-02-13,288,21,1575,0,19.7364,1.866841,2.850838,507.9000,0.05,667382285.825
30,2026-01-16,2026-02-13,302,21,1575,0,22.2957,0.000000,3.663417,238.2900,0.05,685165701.425
30,2026-01-16,2026-02-13,306,21,1575,0,21.5197,2.769777,3.498563,4069.0000,0.05,1675995366.25
30,2026-01-16,2026-02-13,311,21,1575,0,16.7165,1.218568,2.448830,511.5000,0.05,1020119590.7
30,2026-01-16,2026-02-13,345,21,1575,0,17.3019,1.092280,2.582039,6082.0000,0.05,2121250797.5
30,2026-01-16,2026-02-13,346,21,1575,0,30.6127,0.000000,4.732649,10877.0000,0.05,4660696824.875
30,2026-01-16,2026-02-13,347,21,1575,0,23.3476,1.773422,3.769170,637.5000,0.05,2004857798.35
30,2026-01-16,2026-02-13,356,21,1575,0,15.7226,2.855470,2.915883,1231.4000,0.05,1834667523.025
30,2026-01-16,2026-02-13,368,21,1575,0,17.9606,0.000000,2.751203,7185.5000,0.05,2549878307.5
30,2026-01-16,2026-02-13,409,21,1575,2,19.0877,0.465283,3.141813,285.5000,0.05,1400666312.605
30,2026-01-16,2026-02-13,423,21,1575,0,20.1027,1.415422,3.440215,856.8500,0.05,1305696220.875
30,2026-01-16,2026-02-13,430,21,1575,0,14.4400,2.097522,2.954462,159.9300,0.01,1729448836.3600001
30,2026-01-16,2026-02-13,465,21,1575,0,19.8388,2.850097,3.379999,1979.0000,0.05,1074420993.625
30,2026-01-16,2026-02-13,477,21,1575,0,25.8838,0.000000,4.250495,2069.3000,0.05,876696742.1
30,2026-01-16,2026-02-13,479,21,1575,0,17.4857,3.043196,2.854819,1182.0000,0.05,1352593693.1
30,2026-01-16,2026-02-13,481,21,1575,0,26.9630,0.000000,4.759900,1683.4000,0.05,1457767570.6
30,2026-01-16,2026-02-13,496,21,1575,0,14.8941,1.999151,2.844655,2829.4000,0.05,1443975365.45
30,2026-01-16,2026-02-13,524,21,1575,0,23.8794,0.000000,3.728230,4312.2000,0.05,5554980521.85
30,2026-01-16,2026-02-13,529,21,1575,0,17.0433,0.000000,2.762386,1336.8000,0.05,1130740128.45
30,2026-01-16,2026-02-13,534,21,1575,0,18.3855,0.000000,2.939515,1685.2000,0.05,3885598344.35
30,2026-01-16,2026-02-13,536,21,1575,0,18.1907,0.725841,3.136271,2524.8000,0.05,1888929880.35
30,2026-01-16,2026-02-13,537,21,1575,0,12.0733,2.202231,2.455844,930.6000,0.05,17469982845.425
30,2026-01-16,2026-02-13,538,21,1575,0,13.7547,1.045152,2.615423,720.1500,0.05,1714613663.75
30,2026-01-16,2026-02-13,546,21,1575,0,18.0892,0.000000,2.936280,5659.0000,0.05,2721890089.25
30,2026-01-16,2026-02-13,556,21,1575,0,20.8086,0.000000,3.530338,952.4500,0.05,3329848189.6499996
30,2026-01-16,2026-02-13,562,21,1575,0,21.6250,1.451813,3.481878,427.2000,0.05,1723845163.175
30,2026-01-16,2026-02-13,563,21,1575,0,15.1789,0.000000,2.689130,2380.0000,0.05,3369566339.2
30,2026-01-16,2026-02-13,564,21,1575,2,30.0114,0.000000,5.216865,636.6500,0.05,1076601315.375
30,2026-01-16,2026-02-13,590,21,1575,0,11.5358,1.477423,2.366930,1384.2000,0.05,12786733144.8
30,2026-01-16,2026-02-13,593,21,1575,0,14.5278,2.347286,2.556346,1850.6000,0.05,1041973882.9000001
30,2026-01-16,2026-02-13,609,21,1575,2,30.7825,1.025319,6.006483,10.9400,0.01,4422971916.745
30,2026-01-16,2026-02-13,611,21,1575,0,16.0194,0.000000,2.982346,83.2000,0.01,1594401463.77
30,2026-01-16,2026-02-13,612,21,1575,0,22.1580,0.000000,3.906359,126.4500,0.01,843539470.28
30,2026-01-16,2026-02-13,627,21,1575,0,18.3084,0.000000,2.948596,676.2500,0.05,2013209994.8
30,2026-01-16,2026-02-13,631,21,1575,0,23.6387,0.000000,3.396790,856.5500,0.05,1007876907.9000001
30,2026-01-16,2026-02-13,634,21,1575,0,16.1246,2.602288,2.674830,4875.0000,0.05,4563667578.375
30,2026-01-16,2026-02-13,647,21,1575,0,21.6383,1.947965,3.713985,908.7000,0.05,3520168612.3
30,2026-01-16,2026-02-13,653,21,1575,0,16.2901,0.000000,2.836537,1604.7000,0.05,11174288755.8
30,2026-01-16,2026-02-13,656,21,1575,0,24.1034,0.000000,3.923509,107.4000,0.01,958413299.7349999
30,2026-01-16,2026-02-13,663,21,1575,0,16.2033,0.000000,2.880054,162.7500,0.01,1561656407.93
30,2026-01-16,2026-02-13,672,21,1575,0,14.5747,1.337702,2.718827,308.5000,0.05,5150376885.075001
30,2026-01-16,2026-02-13,698,21,1575,0,20.2509,0.000000,3.668115,1131.3000,0.05,1413440405.0500002
30,2026-01-16,2026-02-13,720,21,1575,0,21.8551,0.000000,3.518168,472.9000,0.05,1372268138.775
30,2026-01-16,2026-02-13,722,21,1575,0,17.1340,1.103021,2.951061,1220.1000,0.05,1572322670.4
30,2026-01-16,2026-02-13,725,21,1575,0,19.0290,0.000000,3.267969,510.3000,0.05,933173218.1500001
30,2026-01-16,2026-02-13,750,21,1575,1,24.4057,0.000000,4.107642,4318.4000,0.05,1033681354.75
30,2026-01-16,2026-02-13,771,21,1575,0,15.6453,2.308938,3.087450,420.8500,0.05,6355911797.4
30,2026-01-16,2026-02-13,780,21,1575,0,26.2494,0.000000,3.836449,1009.5000,0.05,940180534.95
30,2026-01-16,2026-02-13,798,21,1575,0,25.4000,3.211207,3.877948,992.0000,0.05,1317287808.025
30,2026-01-16,2026-02-13,805,21,1575,0,17.3549,0.000000,2.729059,518.0500,0.05,722181212.025
30,2026-01-16,2026-02-13,818,21,1575,0,14.0557,0.000000,2.728665,3921.1000,0.05,5658781456.05
30,2026-01-16,2026-02-13,823,21,1575,0,15.8172,1.712494,2.761773,2176.1000,0.05,1674923341.5
30,2026-01-16,2026-02-13,827,21,1575,0,18.3624,0.000000,3.053934,3567.3000,0.05,7443654072.15
30,2026-01-16,2026-02-13,838,21,1575,0,22.3919,0.000000,3.615687,65.4200,0.01,563587418.36
30,2026-01-16,2026-02-13,853,21,1575,0,30.6626,5.716240,4.494052,296.8000,0.05,1066281180.575
30,2026-01-16,2026-02-13,863,21,1575,0,14.3150,1.031737,2.673410,746.6500,0.05,1226852613.1750002
30,2026-01-16,2026-02-13,865,21,1575,0,22.3358,6.078238,2.975699,15152.0000,0.05,4508678336.625
30,2026-01-16,2026-02-13,878,21,1575,4,41.0927,3.027144,6.387830,2404.0000,0.05,3584652205.0
30,2026-01-16,2026-02-13,886,21,1575,0,18.8012,2.659974,3.110504,1650.4000,0.05,935061031.8
30,2026-01-16,2026-02-13,908,21,1575,0,26.9315,3.532511,4.643043,785.0000,0.05,1049514325.175
30,2026-01-16,2026-02-13,910,21,1575,0,20.9765,0.898333,3.432522,2680.9000,0.05,1148841849.4
30,2026-01-16,2026-02-13,925,21,1575,0,24.7048,4.177688,3.896999,3861.1000,0.05,1279438235.35
30,2026-01-16,2026-02-13,935,21,1575,0,24.2478,4.044594,4.194353,886.2000,0.05,583926256.15
30,2026-01-16,2026-02-13,938,21,1575,2,29.5921,3.662931,4.998842,366.2500,0.05,1718819909.4299998
30,2026-01-16,2026-02-13,939,21,1575,0,23.3447,0.000000,3.872171,1254.0000,0.05,1510500286.35
30,2026-01-16,2026-02-13,943,21,1575,0,23.2245,0.000000,3.965946,99.2800,0.01,978707160.87
30,2026-01-16,2026-02-13,956,21,1575,0,18.7894,4.022616,3.183807,1301.5000,0.05,1335512159.625
30,2026-01-16,2026-02-13,970,21,1575,0,19.1903,2.188965,3.290809,77.8200,0.01,977663419.6500001
30,2026-01-16,2026-02-13,982,21,1575,0,22.8026,0.000000,3.843732,79.5300,0.01,1325463210.6100001
30,2026-01-16,2026-02-13,990,21,1575,0,18.6279,2.573354,3.049956,355.0500,0.05,3092855908.7
30,2026-01-16,2026-02-13,994,21,1575,0,20.9299,2.157329,3.637405,1524.0000,0.05,826062657.2
30,2026-01-16,2026-02-13,996,21,1575,0,18.7122,0.000000,3.004231,7498.0000,0.05,1059635307.85
30,2026-01-16,2026-02-13,997,21,1575,0,25.2968,0.000000,4.304788,480.9500,0.05,904941729.825
30,2026-01-16,2026-02-13,1007,21,1575,0,21.2233,0.000000,3.613144,260.0500,0.05,2136056207.44
30,2026-01-16,2026-02-13,1028,21,1575,1,21.0253,3.390359,2.701322,33575.0000,0.05,896660807.75
30,2026-01-16,2026-02-13,1049,21,1575,0,23.1390,0.000000,3.779815,6048.0000,0.05,2209498191.25
30,2026-01-16,2026-02-13,1051,21,1575,0,25.4557,0.000000,3.886066,383.4000,0.05,2321889247.0
30,2026-01-16,2026-02-13,1055,21,1575,0,35.8164,2.921152,5.545856,563.4000,0.05,1260390380.3000002
30,2026-01-16,2026-02-13,1060,21,1575,0,21.2410,2.434172,3.517236,1740.8000,0.05,854190774.0
30,2026-01-16,2026-02-13,1061,21,1575,0,15.0903,2.276066,2.669322,1453.8000,0.05,761938435.2
30,2026-01-16,2026-02-13,1068,21,1575,0,22.1009,0.000000,3.037021,120.1600,0.01,1848353124.12
30,2026-01-16,2026-02-13,1070,21,1575,1,22.9624,0.000000,4.074949,844.2000,0.05,916277368.8
30,2026-01-16,2026-02-13,1076,21,1575,0,18.7042,0.758336,3.070521,7272.5000,0.05,1795028362.75
30,2026-01-16,2026-02-13,1080,21,1575,0,15.6110,1.206509,2.799388,260.3500,0.05,3123145937.75
30,2026-01-16,2026-02-13,1095,21,1575,0,28.1146,0.000000,4.592632,1498.3000,0.05,1005649254.8
30,2026-01-16,2026-02-13,1113,21,1575,0,24.8292,3.623297,3.928768,2793.0000,0.05,544572516.5
30,2026-01-16,2026-02-13,1132,21,1575,0,20.4132,2.017003,3.619926,301.1000,0.05,1622097141.2849998
30,2026-01-16,2026-02-13,1135,21,1575,0,22.7125,0.000000,3.601264,365.3500,0.05,2543228162.425
30,2026-01-16,2026-02-13,1140,21,1575,0,13.8185,0.000000,2.453900,1413.4000,0.05,13900800277.25
30,2026-01-16,2026-02-13,1173,21,1575,0,25.1758,0.000000,4.643416,321.6000,0.05,2052493504.75
30,2026-01-16,2026-02-13,1179,21,1575,0,26.0183,0.000000,3.988547,154.3300,0.01,1668669412.94
30,2026-01-16,2026-02-13,1206,21,1575,0,19.3853,1.349128,3.047326,766.3500,0.05,843561081.775
30,2026-01-16,2026-02-13,1208,21,1575,0,16.5279,2.701299,2.736748,2021.1000,0.05,1548753765.825
30,2026-01-16,2026-02-13,1209,21,1575,0,16.3889,0.000000,2.742974,1059.8000,0.05,7596931671.0
30,2026-01-16,2026-02-13,1250,21,1575,7,15.7338,2.388948,2.450034,27125.0000,0.05,800889136.3
30,2026-01-16,2026-02-13,1261,21,1575,0,23.3768,0.000000,3.652444,3068.2000,0.05,1429971126.05
30,2026-01-16,2026-02-13,1283,21,1575,0,29.4044,0.000000,3.768837,13190.0000,0.05,1374404836.7
30,2026-01-16,2026-02-13,1305,21,1575,0,19.5274,0.000000,3.201681,2866.0000,0.05,1335584300.95
30,2026-01-16,2026-02-13,1334,21,1575,0,13.5694,1.710328,2.454753,1667.3000,0.05,3495076113.6000004
30,2026-01-16,2026-02-13,1341,21,1575,0,22.5376,3.573513,3.387031,3525.0000,0.05,736355308.225
30,2026-01-16,2026-02-13,1349,21,1575,0,21.7992,0.000000,3.562676,47.2400,0.01,3088101894.19
30,2026-01-16,2026-02-13,1366,21,1575,0,19.9950,0.000000,3.033320,1154.6000,0.05,1208987500.0
30,2026-01-16,2026-02-13,1367,21,1575,0,20.0303,0.000000,3.337884,5374.0000,0.05,843353428.25
30,2026-01-16,2026-02-13,1372,21,1575,0,16.0746,2.333856,2.867342,363.8500,0.05,1980107228.975
30,2026-01-16,2026-02-13,1373,21,1575,0,19.3596,0.000000,3.663592,193.3000,0.01,3695616911.38
30,2026-01-16,2026-02-13,1383,21,1575,0,15.2824,0.000000,2.748204,3127.0000,0.05,8229302680.05
30,2026-01-16,2026-02-13,1386,21,1575,0,17.4247,0.000000,3.073572,1641.2000,0.05,2510881458.8
30,2026-01-16,2026-02-13,1406,21,1575,0,25.5754,2.159257,4.202925,2355.4000,0.05,757799127.9
30,2026-01-16,2026-02-13,1415,21,1575,0,17.6357,0.000000,2.852239,4092.6000,0.05,2553753918.8999996
30,2026-01-16,2026-02-13,1420,21,1575,0,15.5671,2.333453,2.772224,3999.9000,0.05,847111627.925
30,2026-01-16,2026-02-13,1426,21,1575,0,18.7642,0.000000,3.645551,2572.7000,0.05,4652927884.75
30,2026-01-16,2026-02-13,1438,21,1575,0,20.4287,0.000000,3.040851,3678.5000,0.05,1942745704.1
30,2026-01-16,2026-02-13,1451,21,1575,0,14.6107,1.861671,2.393757,12432.0000,0.05,2811604543.5
30,2026-01-16,2026-02-13,1455,21,1575,0,22.5325,0.000000,3.893834,171.8600,0.01,1380065537.51
30,2026-01-16,2026-02-13,1461,21,1575,0,26.7472,0.000000,3.390819,736.1500,0.05,1359108138.6750002
30,2026-01-16,2026-02-13,1480,21,1575,0,23.4259,4.401285,3.610235,465.6500,0.05,2844399334.35
30,2026-01-16,2026-02-13,1481,21,1575,1,28.2370,0.000000,4.582555,356.1500,0.05,3843982419.4
30,2026-01-16,2026-02-13,1510,21,1575,0,24.9141,3.124402,3.679913,1371.0000,0.05,1532463680.3
30,2026-01-16,2026-02-13,1532,21,1575,0,15.9185,1.692459,2.937348,234.0500,0.05,2288845917.33
30,2026-01-16,2026-02-13,1539,21,1575,0,16.5044,3.064984,3.339367,21.4000,0.01,1631712413.975
30,2026-01-16,2026-02-13,9424,21,1575,0,15.6131,0.000000,2.559513,3746.2000,0.05,1596846287.55
30,2026-01-16,2026-02-13,9428,21,1575,0,30.4790,0.000000,4.545398,741.5000,0.05,1031821058.5
30,2026-01-16,2026-02-13,9486,21,1575,0,23.4823,1.926284,3.921840,113.7300,0.01,1605133120.8
30,2026-01-16,2026-02-13,9621,21,1575,0,18.5317,0.000000,3.450932,265.8000,0.05,3717919231.925
30,2026-01-16,2026-02-13,9674,21,1575,0,15.2021,2.095302,2.798003,888.3500,0.05,770310446.7
30,2026-01-16,2026-02-13,9728,21,1575,2,28.1816,2.355741,3.951971,18539.0000,0.05,1705365497.0
30,2026-01-16,2026-02-13,9752,21,1575,2,36.1796,0.000000,4.638277,1178.7000,0.05,3902273486.825
30,2026-01-16,2026-02-13,9754,21,1575,0,24.0380,4.004183,4.070877,115.5900,0.01,1564473452.905
30,2026-01-16,2026-02-13,9873,21,1575,0,30.7583,3.006854,4.725022,627.0000,0.05,1076350322.725
30,2026-01-16,2026-02-13,9882,21,1575,0,22.9069,0.000000,3.681495,421.2000,0.05,2246234025.15
30,2026-01-16,2026-02-13,9891,21,1575,0,29.6160,0.000000,4.413248,916.8000,0.05,1269820555.4
30,2026-01-16,2026-02-13,9894,21,1575,0,14.1483,1.678744,2.524238,401.9500,0.05,823475121.95
30,2026-01-16,2026-02-13,9936,21,1575,0,15.8211,0.000000,2.949946,2094.1000,0.05,980272055.2
30,2026-01-16,2026-02-13,9962,21,1575,0,23.8421,0.000000,4.593449,49.9100,0.01,890736733.72
30,2026-01-16,2026-02-13,9973,21,1575,0,23.1602,0.000000,3.872935,1650.1000,0.05,2985134405.1
30,2026-01-16,2026-02-13,9983,21,1575,0,23.6587,4.373462,4.035433,493.1500,0.05,857945609.95
30,2026-01-16,2026-02-13,10023,21,1575,0,30.7617,0.000000,4.559458,323.7500,0.05,3788645606.35
30,2026-01-16,2026-02-13,10038,21,1575,0,26.4562,2.783605,3.975003,422.4500,0.05,878764558.35
30,2026-01-16,2026-02-13,10052,21,1575,0,30.5327,0.000000,5.143085,3572.1000,0.05,3077858611.175
30,2026-01-16,2026-02-13,10071,21,1575,0,22.3516,2.153019,3.543609,246.9000,0.05,1104428479.845
30,2026-01-16,2026-02-13,10140,21,1575,0,17.7997,3.773332,2.798885,2182.5000,0.05,1581643237.225
30,2026-01-16,2026-02-13,10160,21,1575,0,28.0725,0.000000,4.681006,282.3000,0.05,8068218455.82
30,2026-01-16,2026-02-13,10188,21,1575,0,32.1528,4.710749,4.436226,1029.8000,0.05,1355719501.4499998
30,2026-01-16,2026-02-13,10351,21,1575,0,35.4515,8.249461,4.215927,1133.4000,0.05,740504005.3
30,2026-01-16,2026-02-13,10361,21,1575,0,26.1219,0.000000,4.240854,287.7000,0.05,1107949187.7350001
30,2026-01-16,2026-02-13,10399,21,1575,0,15.0006,1.016670,2.784928,1350.7000,0.05,1108151145.25
30,2026-01-16,2026-02-13,10431,21,1575,6,34.5277,0.000000,5.841750,386.2000,0.05,2137046205.225
30,2026-01-16,2026-02-13,10587,21,1575,0,20.5750,0.000000,3.887667,129.5500,0.01,1240806765.2
30,2026-01-16,2026-02-13,10627,21,1575,0,23.5924,0.000000,3.539897,1175.1000,0.05,705942003.8
30,2026-01-16,2026-02-13,10687,21,1575,0,20.1351,0.000000,3.143825,95.5100,0.01,885880704.8050001
30,2026-01-16,2026-02-13,10691,21,1575,0,22.1361,1.977783,3.461755,123.0700,0.01,1609436499.4
30,2026-01-16,2026-02-13,10694,21,1575,0,22.4975,1.419360,3.824827,1014.2000,0.05,1122120723.1
30,2026-01-16,2026-02-13,10840,21,1575,0,24.3740,0.000000,3.593536,508.6000,0.05,1049911980.8
30,2026-01-16,2026-02-13,11084,21,1575,0,23.7407,2.222354,3.660087,1006.4000,0.05,3811089910.95
30,2026-01-16,2026-02-13,11223,21,1575,0,26.9228,0.000000,4.513699,2769.0000,0.05,3580701419.7
30,2026-01-16,2026-02-13,11430,21,1575,0,32.2834,0.000000,5.219996,3213.7000,0.05,959669932.1500001
30,2026-01-16,2026-02-13,11452,21,1575,0,30.2951,1.740405,4.257398,1607.1000,0.05,2196615871.35
30,2026-01-16,2026-02-13,11457,21,1575,2,29.7639,0.000000,4.796799,261.3000,0.05,2095529652.0
30,2026-01-16,2026-02-13,11480,21,1575,0,20.1783,3.186642,3.471882,1003.2000,0.05,2378650600.95
30,2026-01-16,2026-02-13,11705,21,1575,0,27.4970,0.000000,4.195487,2413.0000,0.05,4931936304.9
30,2026-01-16,2026-02-13,11777,21,1575,0,22.4278,0.000000,4.010133,718.0500,0.05,1354997944.325
31,2026-02-16,2026-03-17,15,21,1575,0,21.1255,0.000000,3.595309,6051.5000,0.05,1379172194.5
31,2026-02-16,2026-03-17,17,21,1575,0,21.6655,0.000000,3.674410,339.1500,0.05,1148311890.1399999
31,2026-02-16,2026-03-17,24,21,1575,0,18.3480,0.000000,3.375532,2104.2000,0.05,2060814836.1
31,2026-02-16,2026-03-17,26,21,1575,0,22.0402,1.055607,3.974030,901.5500,0.05,2206597379.0
31,2026-02-16,2026-03-17,27,21,1575,0,18.0569,0.000000,3.166419,1489.5000,0.05,2469935714.7250004
31,2026-02-16,2026-03-17,28,21,1575,0,22.8325,0.000000,3.553593,141.9400,0.01,2158148067.04
31,2026-02-16,2026-03-17,58,21,1575,0,14.7521,1.318419,2.589574,5472.0000,0.05,564690422.75
31,2026-02-16,2026-03-17,68,21,1575,0,24.1226,0.000000,4.038911,7759.5000,0.05,2130308324.0
31,2026-02-16,2026-03-17,70,21,1575,0,16.7056,0.000000,2.990269,488.2500,0.05,1023884133.7
31,2026-02-16,2026-03-17,87,21,1575,0,19.0046,0.000000,3.096765,2189.4000,0.05,883918537.625
31,2026-02-16,2026-03-17,90,21,1575,0,12.6090,1.797051,2.319563,7654.5000,0.05,2514708673.75
31,2026-02-16,2026-03-17,118,21,1575,0,19.9126,0.000000,3.411628,204.6000,0.01,1628694632.76
31,2026-02-16,2026-03-17,120,21,1575,0,14.1761,2.287062,2.666717,2308.3000,0.05,2367263940.9
31,2026-02-16,2026-03-17,125,21,1575,0,19.7663,3.675132,3.532344,1645.8000,0.05,758606566.175
31,2026-02-16,2026-03-17,133,21,1575,0,17.5889,0.000000,3.026895,963.7500,0.05,1667921647.8000002
31,2026-02-16,2026-03-17,135,21,1575,0,20.7586,1.110519,3.503499,1215.1000,0.05,1042509357.4
31,2026-02-16,2026-03-17,143,21,1575,0,12.9868,0.000000,2.616661,1352.8000,0.05,6648238689.3
31,2026-02-16,2026-03-17,150,21,1575,0,15.9105,0.000000,2.922604,9738.0000,0.05,3018081116.5
31,2026-02-16,2026-03-17,153,21,1575,0,14.1899,0.623400,2.500487,1948.3000,0.05,2274517571.9
31,2026-02-16,2026-03-17,156,21,1575,0,16.4148,0.000000,3.128663,976.4000,0.05,6807578288.85
31,2026-02-16,2026-03-17,168,21,1575,2,24.9830,0.000000,3.959590,176.1100,0.01,1066933377.45
31,2026-02-16,2026-03-17,170,21,1575,0,17.4033,2.357814,3.408716,291.3000,0.05,2078107705.24
31,2026-02-16,2026-03-17,172,21,1575,0,21.1787,0.766329,3.931490,160.1900,0.01,1003530466.365
31,2026-02-16,2026-03-17,182,21,1575,0,22.9588,0.000000,3.882183,1284.7000,0.05,2352687283.1
31,2026-02-16,2026-03-17,185,21,1575,0,17.9524,0.000000,3.368848,445.1500,0.05,5740775925.825
31,2026-02-16,2026-03-17,196,21,1575,0,20.2538,0.000000,3.558027,1823.8000,0.05,1133399296.35
31,2026-02-16,2026-03-17,200,21,1575,0,14.1221,2.876605,2.763485,1899.3000,0.05,10296343418.85
31,2026-02-16,2026-03-17,201,21,1575,0,21.1360,0.000000,3.835730,258.3000,0.05,1923170184.55
31,2026-02-16,2026-03-17,206,21,1575,0,17.9863,0.000000,3.045288,386.3000,0.05,951765301.325
31,2026-02-16,2026-03-17,220,21,1575,2,16.3510,0.455208,2.633331,34970.0000,0.05,744175217.5
31,2026-02-16,2026-03-17,221,21,1575,0,19.4558,0.000000,3.537836,364.4000,0.05,2189410149.7
31,2026-02-16,2026-03-17,225,21,1575,0,14.0647,1.596185,2.629222,5987.5000,0.05,1546067806.45
31,2026-02-16,2026-03-17,228,21,1575,0,19.1192,0.000000,3.779241,2769.5000,0.05,13288006081.35
31,2026-02-16,2026-03-17,239,21,1575,0,19.0749,0.000000,3.466266,143.3000,0.01,2798291851.785
31,2026-02-16,2026-03-17,252,21,1575,0,17.2713,1.534808,3.503852,1246.4000,0.05,3531999635.2
31,2026-02-16,2026-03-17,267,21,1575,0,20.4682,0.000000,3.773468,711.6500,0.05,1596405980.5
31,2026-02-16,2026-03-17,273,21,1575,0,21.3263,0.000000,3.554329,1676.0000,0.05,2281640979.45
31,2026-02-16,2026-03-17,279,21,1575,0,13.4653,1.962447,2.576614,1331.4000,0.05,1863039402.8
31,2026-02-16,2026-03-17,283,21,1575,0,18.8989,1.950222,3.496173,435.1000,0.05,2022837282.375
31,2026-02-16,2026-03-17,284,21,1575,0,22.0850,0.000000,4.044883,1476.2000,0.05,1668050669.475
31,2026-02-16,2026-03-17,285,21,1575,0,16.8432,0.000000,2.673785,2191.4000,0.05,969624655.75
31,2026-02-16,2026-03-17,288,21,1575,0,17.1989,0.000000,2.871232,486.5000,0.05,677779804.55
31,2026-02-16,2026-03-17,302,21,1575,0,20.3686,0.000000,3.375292,251.6000,0.05,702198472.2
31,2026-02-16,2026-03-17,306,21,1575,0,19.4925,0.000000,3.392312,4716.5000,0.05,1724239159.25
31,2026-02-16,2026-03-17,311,21,1575,0,14.4455,1.665315,2.650131,504.3500,0.05,972160917.55
31,2026-02-16,2026-03-17,345,21,1575,0,14.4982,1.553639,2.649538,6299.0000,0.05,2121250797.5
31,2026-02-16,2026-03-17,346,21,1575,2,25.3257,0.000000,4.288374,10427.0000,0.05,4974212587.0
31,2026-02-16,2026-03-17,347,21,1575,0,19.1689,0.000000,3.535216,589.6000,0.05,1995605548.65
31,2026-02-16,2026-03-17,356,21,1575,0,15.2811,2.521369,2.903697,1289.9000,0.05,1829196994.5
31,2026-02-16,2026-03-17,368,21,1575,0,16.1824,0.000000,2.747903,7823.5000,0.05,2577243762.625
31,2026-02-16,2026-03-17,409,21,1575,0,15.9414,0.000000,2.764692,288.9000,0.05,1488328001.655
31,2026-02-16,2026-03-17,423,21,1575,0,19.1904,1.315844,3.288819,910.9000,0.05,1407683882.475
31,2026-02-16,2026-03-17,430,21,1575,0,16.9181,0.961368,3.107840,163.9500,0.01,1737560799.3
31,2026-02-16,2026-03-17,465,21,1575,0,18.8858,0.000000,3.136202,2094.1000,0.05,1116418176.3000002
31,2026-02-16,2026-03-17,477,21,1575,5,30.4109,0.000000,5.059229,2075.5000,0.05,867060993.0
31,2026-02-16,2026-03-17,479,21,1575,0,15.7531,0.481028,2.961383,1175.1000,0.05,1345465779.85
31,2026-02-16,2026-03-17,481,21,1575,0,22.3688,0.000000,4.162298,1720.9000,0.05,1472589296.25
31,2026-02-16,2026-03-17,496,21,1575,0,15.2997,0.000000,2.771095,2761.0000,0.05,1470331916.8
31,2026-02-16,2026-03-17,524,21,1575,0,16.7050,0.000000,3.134296,3983.2000,0.05,5364453816.7
31,2026-02-16,2026-03-17,529,21,1575,0,17.5351,0.000000,3.033359,1378.8000,0.05,1120291261.1999998
31,2026-02-16,2026-03-17,534,21,1575,0,16.5496,1.824392,3.265755,1368.3000,0.05,3869740819.3
31,2026-02-16,2026-03-17,536,21,1575,0,18.2562,0.000000,3.113659,2598.5000,0.05,1998550806.2
31,2026-02-16,2026-03-17,537,21,1575,0,12.1438,1.007805,2.473541,879.6000,0.05,17887914728.325
31,2026-02-16,2026-03-17,538,21,1575,0,14.1465,0.000000,2.652191,701.9500,0.05,1724187263.4
31,2026-02-16,2026-03-17,546,21,1575,0,17.5514,0.000000,3.006782,5510.5000,0.05,2774515168.25
31,2026-02-16,2026-03-17,556,21,1575,0,19.6627,1.319398,3.311759,931.6500,0.05,3593589298.6
31,2026-02-16,2026-03-17,562,21,1575,0,24.8896,0.000000,3.874114,406.1000,0.05,1732384561.2
31,2026-02-16,2026-03-17,563,21,1575,0,12.5385,0.848781,2.364423,2300.0000,0.05,3393144727.8
31,2026-02-16,2026-03-17,564,21,1575,0,18.3665,1.334129,3.573042,589.1000,0.05,1385270752.05
31,2026-02-16,2026-03-17,590,21,1575,0,11.8205,1.574197,2.415623,1368.0000,0.05,13574027125.275
31,2026-02-16,2026-03-17,593,21,1575,0,14.4800,1.475817,2.465457,1898.0000,0.05,1063839067.55
31,2026-02-16,2026-03-17,609,21,1575,0,24.7951,4.017780,5.227972,10.3300,0.01,5023598911.98
31,2026-02-16,2026-03-17,611,21,1575,5,27.9584,0.561613,3.587691,70.3400,0.01,1675590969.805
31,2026-02-16,2026-03-17,612,21,1575,0,17.4549,0.000000,3.123574,123.6100,0.01,908398320.88
31,2026-02-16,2026-03-17,627,21,1575,0,17.3344,0.000000,2.912939,652.8000,0.05,2017936745.65
31,2026-02-16,2026-03-17,631,21,1575,0,20.2197,0.000000,3.404221,915.4000,0.05,1082329788.5500002
31,2026-02-16,2026-03-17,634,21,1575,0,18.8344,0.000000,3.193219,4575.0000,0.05,4730933831.05
31,2026-02-16,2026-03-17,647,21,1575,0,19.1857,0.000000,3.549332,927.9000,0.05,3289500224.125
31,2026-02-16,2026-03-17,653,21,1575,0,16.6665,1.754341,3.164998,1272.6000,0.05,11665292863.7
31,2026-02-16,2026-03-17,656,21,1575,0,26.1050,0.000000,4.085072,89.1300,0.01,927238332.415
31,2026-02-16,2026-03-17,663,21,1575,0,18.1296,2.189618,3.245347,173.1800,0.01,1607605762.835
31,2026-02-16,2026-03-17,672,21,1575,0,11.4116,0.612378,2.318961,304.8000,0.05,5048394907.7
31,2026-02-16,2026-03-17,698,21,1575,0,18.1564,0.000000,3.173413,1205.0000,0.05,1425230058.7
31,2026-02-16,2026-03-17,720,21,1575,0,21.4291,0.000000,3.897089,488.7000,0.05,1317721962.4
31,2026-02-16,2026-03-17,722,21,1575,0,16.5288,1.704709,2.845861,1237.1000,0.05,1606762152.3000002
31,2026-02-16,2026-03-17,725,21,1575,0,19.9279,2.306282,3.230414,505.7500,0.05,915127877.05
31,2026-02-16,2026-03-17,750,21,1575,0,24.8651,0.000000,4.078389,4687.0000,0.05,1055445085.6
31,2026-02-16,2026-03-17,771,21,1575,0,14.0298,1.742341,2.772083,410.7000,0.05,6424415256.799999
31,2026-02-16,2026-03-17,780,21,1575,0,24.3317,1.619911,4.008959,753.6500,0.05,923292430.0
31,2026-02-16,2026-03-17,798,21,1575,0,20.9930,0.000000,3.687085,1029.6000,0.05,1359325786.05
31,2026-02-16,2026-03-17,818,21,1575,0,15.5390,0.000000,2.891822,4046.2000,0.05,5887964290.5
31,2026-02-16,2026-03-17,823,21,1575,0,15.0710,1.175062,2.739406,2294.4000,0.05,1683620435.1
31,2026-02-16,2026-03-17,827,21,1575,0,16.0262,0.000000,3.004748,3353.3000,0.05,7365679734.950001
31,2026-02-16,2026-03-17,838,21,1575,0,23.7961,0.000000,3.878126,68.6200,0.01,585000861.6800001
31,2026-02-16,2026-03-17,853,21,1575,0,23.2967,3.117264,3.990769,282.3500,0.05,1064168777.7
31,2026-02-16,2026-03-17,863,21,1575,0,13.8199,0.540376,2.652638,781.1500,0.05,1233442773.0
31,2026-02-16,2026-03-17,865,21,1575,0,16.4634,0.000000,2.659559,14407.0000,0.05,4581211064.5
31,2026-02-16,2026-03-17,878,21,1575,0,22.5382,0.000000,4.209240,2462.2000,0.05,3902493547.1
31,2026-02-16,2026-03-17,886,21,1575,0,16.6161,0.000000,2.961467,1809.5000,0.05,951637479.6
31,2026-02-16,2026-03-17,908,21,1575,0,21.8636,2.893603,3.751407,721.0000,0.05,945583685.6
31,2026-02-16,2026-03-17,910,21,1575,0,19.9075,1.959278,3.753151,2199.0000,0.05,1157798283.2
31,2026-02-16,2026-03-17,925,21,1575,0,18.6399,2.182647,3.404208,3387.3000,0.05,1387843149.85
31,2026-02-16,2026-03-17,935,21,1575,0,21.0113,1.169698,4.017101,910.6500,0.05,586804776.475
31,2026-02-16,2026-03-17,938,21,1575,0,24.3667,0.000000,4.123768,360.8000,0.05,1925579162.1
31,2026-02-16,2026-03-17,939,21,1575,0,20.9527,0.000000,3.635565,1012.9000,0.05,1503416400.85
31,2026-02-16,2026-03-17,943,21,1575,0,19.7731,0.000000,3.617515,88.9600,0.01,1007093616.94
31,2026-02-16,2026-03-17,956,21,1575,0,13.5987,0.000000,2.665469,1272.7000,0.05,1316027441.825
31,2026-02-16,2026-03-17,970,21,1575,0,15.6442,1.135796,2.968051,74.9200,0.01,965247327.815
31,2026-02-16,2026-03-17,982,21,1575,0,19.6565,0.000000,3.250247,79.5500,0.01,1435428182.57
31,2026-02-16,2026-03-17,990,21,1575,0,16.0431,0.000000,2.935089,376.9000,0.05,3063541594.5
31,2026-02-16,2026-03-17,994,21,1575,0,19.3579,0.000000,3.050474,1492.6000,0.05,785726659.85
31,2026-02-16,2026-03-17,996,21,1575,0,18.7503,3.079452,3.210340,6533.0000,0.05,1040374062.0
31,2026-02-16,2026-03-17,997,21,1575,0,21.9529,2.213363,3.889331,472.7000,0.05,904941729.825
31,2026-02-16,2026-03-17,1007,21,1575,0,18.9765,1.877560,3.634057,272.6000,0.05,2228463943.95
31,2026-02-16,2026-03-17,1028,21,1575,1,16.8104,2.466081,2.757911,31750.0000,0.05,862724835.0
31,2026-02-16,2026-03-17,1049,21,1575,0,26.5360,0.000000,4.282797,4772.3000,0.05,2294719658.0
31,2026-02-16,2026-03-17,1051,21,1575,0,19.9490,0.000000,3.592812,411.5500,0.05,2274550016.975
31,2026-02-16,2026-03-17,1055,21,1575,2,32.6295,0.000000,5.096756,609.1000,0.05,1267440410.325
31,2026-02-16,2026-03-17,1060,21,1575,0,20.2257,0.000000,3.533134,1642.1000,0.05,836229481.2
31,2026-02-16,2026-03-17,1061,21,1575,0,13.4458,1.621473,2.546379,1463.0000,0.05,786545801.75
31,2026-02-16,2026-03-17,1068,21,1575,0,18.5575,0.000000,3.228863,118.6100,0.01,1800133047.99
31,2026-02-16,2026-03-17,1070,21,1575,0,19.8828,0.000000,3.528517,814.7000,0.05,927347820.1500001
31,2026-02-16,2026-03-17,1076,21,1575,0,18.7524,1.099531,3.257393,7894.0000,0.05,1774332264.0
31,2026-02-16,2026-03-17,1080,21,1575,0,17.3466,0.000000,2.954114,299.5000,0.05,3105107037.1
31,2026-02-16,2026-03-17,1095,21,1575,0,23.6631,0.000000,3.850366,1375.0000,0.05,994475120.45
31,2026-02-16,2026-03-17,1113,21,1575,0,23.6485,4.861082,3.679112,2732.4000,0.05,638692210.0
31,2026-02-16,2026-03-17,1132,21,1575,0,20.2264,2.290458,3.900496,311.5000,0.05,1630391846.125
31,2026-02-16,2026-03-17,1135,21,1575,0,17.6734,0.000000,3.077437,344.4000,0.05,2575005568.35
31,2026-02-16,2026-03-17,1140,21,1575,0,14.4054,2.254320,2.840651,1406.9000,0.05,14806045023.599998
31,2026-02-16,2026-03-17,1173,21,1575,0,20.6497,0.000000,3.748170,299.6000,0.05,1997306658.85
31,2026-02-16,2026-03-17,1179,21,1575,0,27.7205,0.000000,3.709938,156.5500,0.01,1824180687.5549998
31,2026-02-16,2026-03-17,1206,21,1575,0,18.6385,0.000000,2.734215,750.0000,0.05,813807760.8499999
31,2026-02-16,2026-03-17,1208,21,1575,0,14.1250,1.328552,2.526478,2011.5000,0.05,1594251041.6
31,2026-02-16,2026-03-17,1209,21,1575,0,15.6427,0.000000,2.857879,1184.4000,0.05,7779883174.35
31,2026-02-16,2026-03-17,1250,21,1575,3,15.3401,0.970111,2.577736,25645.0000,0.05,789033612.5
31,2026-02-16,2026-03-17,1261,21,1575,0,22.0571,0.000000,3.811511,3253.3000,0.05,1293071784.75
31,2026-02-16,2026-03-17,1283,21,1575,0,20.7994,0.000000,3.527746,13884.0000,0.05,1463660676.0
31,2026-02-16,2026-03-17,1305,21,1575,0,18.3198,0.000000,3.103856,2588.8000,0.05,1279895950.5
31,2026-02-16,2026-03-17,1334,21,1575,0,12.6284,1.947133,2.332013,1765.1000,0.05,3589108131.35
31,2026-02-16,2026-03-17,1341,21,1575,0,18.2247,0.000000,3.124843,3930.8000,0.05,745731722.4
31,2026-02-16,2026-03-17,1349,21,1575,0,20.9329,0.000000,3.819448,42.6200,0.01,3085237620.02
31,2026-02-16,2026-03-17,1366,21,1575,0,15.4897,2.610323,2.875593,1125.6000,0.05,1198874180.8000002
31,2026-02-16,2026-03-17,1367,21,1575,0,20.6441,0.000000,3.457293,4446.6000,0.05,885256492.8
31,2026-02-16,2026-03-17,1372,21,1575,0,17.4694,0.000000,3.112213,378.9000,0.05,1874659347.6
31,2026-02-16,2026-03-17,1373,21,1575,0,17.8816,0.000000,3.299748,203.0700,0.01,3907533970.8900003
31,2026-02-16,2026-03-17,1383,21,1575,0,14.3192,0.000000,2.794924,2598.7000,0.05,8547015526.25
31,2026-02-16,2026-03-17,1386,21,1575,0,17.2928,1.208486,3.316108,1316.6000,0.05,2603199663.3500004
31,2026-02-16,2026-03-17,1406,21,1575,0,21.7625,0.000000,3.929100,2560.9000,0.05,796124208.05
31,2026-02-16,2026-03-17,1415,21,1575,0,13.9416,0.000000,2.495768,4227.3000,0.05,2583455640.0
31,2026-02-16,2026-03-17,1420,21,1575,0,14.5072,1.124060,2.707694,4339.0000,0.05,847841345.55
31,2026-02-16,2026-03-17,1426,21,1575,0,17.2232,0.000000,3.216426,2550.0000,0.05,4213209246.0
31,2026-02-16,2026-03-17,1438,21,1575,0,17.4808,0.000000,2.994273,3803.1000,0.05,2151131064.0
31,2026-02-16,2026-03-17,1451,21,1575,0,14.4156,0.000000,2.777270,12191.0000,0.05,2725518669.0
31,2026-02-16,2026-03-17,1455,21,1575,0,22.2791,0.000000,3.943207,185.6500,0.01,1485289886.6399999
31,2026-02-16,2026-03-17,1461,21,1575,2,20.4098,0.800283,3.546681,630.9000,0.05,1371134933.075
31,2026-02-16,2026-03-17,1480,21,1575,0,18.0700,0.000000,2.959651,449.7000,0.05,2799606241.525
31,2026-02-16,2026-03-17,1481,21,1575,0,19.8648,0.262640,3.633453,366.3000,0.05,4137918539.5
31,2026-02-16,2026-03-17,1510,21,1575,0,20.8769,0.000000,3.524946,1504.9000,0.05,1467386511.9499998
31,2026-02-16,2026-03-17,1532,21,1575,0,15.3644,0.000000,2.941906,201.3000,0.01,2257031928.48
31,2026-02-16,2026-03-17,1539,21,1575,0,14.2659,2.028777,3.344930,20.4000,0.01,1668305897.6399999
31,2026-02-16,2026-03-17,9424,21,1575,0,16.4543,0.000000,2.923883,3863.4000,0.05,1602647425.9499998
31,2026-02-16,2026-03-17,9428,21,1575,2,28.2107,0.000000,4.701677,758.7000,0.05,984784210.3
31,2026-02-16,2026-03-17,9486,21,1575,0,20.8482,0.607417,3.638348,128.3900,0.01,1625108671.225
31,2026-02-16,2026-03-17,9621,21,1575,0,16.8259,0.430234,3.086811,247.5000,0.05,3675600794.9
31,2026-02-16,2026-03-17,9674,21,1575,0,13.8587,2.437547,2.764536,907.7000,0.05,770310446.7
31,2026-02-16,2026-03-17,9728,21,1575,0,21.8191,0.000000,3.463351,24670.0000,0.05,1779897829.0
31,2026-02-16,2026-03-17,9752,21,1575,0,22.1539,0.000000,3.810632,1060.0000,0.05,3888474619.7
31,2026-02-16,2026-03-17,9754,21,1575,0,16.5541,0.000000,3.065381,100.7600,0.01,1421143341.875
31,2026-02-16,2026-03-17,9873,21,1575,0,28.5082,0.000000,4.213266,701.0000,0.05,1062301526.6
31,2026-02-16,2026-03-17,9882,21,1575,0,19.1947,0.000000,3.383964,438.2500,0.05,2312175685.75
31,2026-02-16,2026-03-17,9891,21,1575,0,22.1743,0.000000,3.692018,1001.0500,0.05,1303022283.0
31,2026-02-16,2026-03-17,9894,21,1575,0,13.0356,0.781450,2.523611,409.2000,0.05,839602278.175
31,2026-02-16,2026-03-17,9936,21,1575,0,17.0421,1.170029,2.950930,2136.9000,0.05,930648754.7
31,2026-02-16,2026-03-17,9962,21,1575,0,29.6936,0.000000,4.594036,39.9100,0.01,968423848.2
31,2026-02-16,2026-03-17,9973,21,1575,0,25.2833,0.000000,4.241041,1171.8000,0.05,2958787924.45
31,2026-02-16,2026-03-17,9983,21,1575,0,20.0605,0.000000,3.771471,522.4000,0.05,812637628.3
31,2026-02-16,2026-03-17,10023,21,1575,0,22.8634,0.000000,4.024940,300.4500,0.05,3635683936.25
31,2026-02-16,2026-03-17,10038,21,1575,0,20.2073,0.000000,3.156366,427.1000,0.05,917544081.05
31,2026-02-16,2026-03-17,10052,21,1575,0,25.6155,0.000000,4.542337,3791.6000,0.05,3133802930.4
31,2026-02-16,2026-03-17,10071,21,1575,0,18.8186,2.064251,3.491451,259.0700,0.05,1133113155.75
31,2026-02-16,2026-03-17,10140,21,1575,0,21.0079,0.000000,3.013920,2130.2000,0.05,1511751037.6
31,2026-02-16,2026-03-17,10160,21,1575,0,21.7895,0.000000,3.937876,242.3000,0.05,8525927170.924999
31,2026-02-16,2026-03-17,10188,21,1575,0,21.6508,0.000000,3.807783,967.4500,0.05,1321873524.15
31,2026-02-16,2026-03-17,10351,21,1575,0,19.4260,2.589827,3.330735,1078.2000,0.05,775120149.3499999
31,2026-02-16,2026-03-17,10361,21,1575,0,22.3392,1.011273,3.760564,276.5500,0.05,1200612851.7
31,2026-02-16,2026-03-17,10399,21,1575,0,17.7627,0.000000,2.888235,1384.2000,0.05,1104061266.3
31,2026-02-16,2026-03-17,10431,21,1575,0,20.7119,1.525449,3.855408,400.2000,0.05,1963605194.8
31,2026-02-16,2026-03-17,10587,21,1575,0,19.5662,0.000000,3.437363,118.3400,0.01,1207427034.97
31,2026-02-16,2026-03-17,10627,21,1575,0,22.1276,0.000000,3.793412,1138.6000,0.05,723874359.05
31,2026-02-16,2026-03-17,10687,21,1575,0,19.6075,0.000000,3.096482,97.6400,0.01,897082141.51
31,2026-02-16,2026-03-17,10691,21,1575,0,23.6951,3.019761,3.586484,116.4000,0.01,1428142911.6950002
31,2026-02-16,2026-03-17,10694,21,1575,0,21.0138,0.000000,3.842946,947.0000,0.05,1034583276.6
31,2026-02-16,2026-03-17,10840,21,1575,0,18.2221,0.000000,2.989254,503.0000,0.05,1009276206.0
31,2026-02-16,2026-03-17,11084,21,1575,0,21.1150,0.000000,3.552274,1055.3000,0.05,4207516526.4
31,2026-02-16,2026-03-17,11223,21,1575,2,26.2019,0.000000,4.442925,2723.9000,0.05,3527942149.575
31,2026-02-16,2026-03-17,11430,21,1575,0,25.5383,0.000000,3.804032,3729.3000,0.05,1094728740.55
31,2026-02-16,2026-03-17,11452,21,1575,0,20.8246,0.000000,3.774287,1482.0000,0.05,2255039564.0
31,2026-02-16,2026-03-17,11480,21,1575,0,15.9694,0.000000,3.116093,1068.2500,0.05,2505505192.8
31,2026-02-16,2026-03-17,11705,21,1575,0,24.3595,0.000000,4.139031,2347.0000,0.05,4054573542.4
31,2026-02-16,2026-03-17,11777,21,1575,0,20.5243,2.148386,3.989885,676.9000,0.05,1232704219.925
32,2026-03-18,2026-04-21,15,21,1575,0,20.2923,2.704267,3.324224,6325.5000,0.05,1349455441.9
32,2026-03-18,2026-04-21,17,21,1575,0,21.4889,2.672113,4.394514,317.4500,0.05,1233982207.35
32,2026-03-18,2026-04-21,24,21,1575,2,21.2704,0.000000,3.711637,1955.1000,0.05,2094092889.4
32,2026-03-18,2026-04-21,26,21,1575,2,25.5481,0.000000,4.479109,908.2000,0.05,2121072490.25
32,2026-03-18,2026-04-21,27,21,1575,0,19.2821,0.617016,3.584692,1387.0000,0.05,2559439836.8999996
32,2026-03-18,2026-04-21,28,21,1575,0,26.6037,0.000000,4.001130,163.6100,0.01,2149585883.34
32,2026-03-18,2026-04-21,58,21,1575,1,16.4279,1.633683,3.003644,5338.0000,0.05,564456518.2
32,2026-03-18,2026-04-21,68,21,1575,0,24.8715,0.000000,4.324038,6763.0000,0.05,2018882908.25
32,2026-03-18,2026-04-21,70,21,1575,0,20.3664,0.987727,3.703472,426.7000,0.05,1029469210.875
32,2026-03-18,2026-04-21,87,21,1575,0,20.7456,3.067001,3.799108,1998.7000,0.05,932895134.5
32,2026-03-18,2026-04-21,90,21,1575,0,13.9170,0.734784,2.435724,7471.0000,0.05,2599364590.5
32,2026-03-18,2026-04-21,118,21,1575,1,21.7852,1.689305,3.879484,171.2800,0.01,1690174367.7150002
32,2026-03-18,2026-04-21,120,21,1575,0,16.4290,1.662646,3.167447,2246.1000,0.05,2378662977.8999996
32,2026-03-18,2026-04-21,125,21,1575,0,21.7586,0.000000,3.538617,1596.8000,0.05,801788995.8
32,2026-03-18,2026-04-21,133,21,1575,0,19.4796,0.371323,3.851504,913.3000,0.05,1768120092.575
32,2026-03-18,2026-04-21,135,21,1575,0,17.9269,1.668168,3.423649,1331.5000,0.05,1121215472.55
32,2026-03-18,2026-04-21,143,21,1575,0,16.0313,1.872247,3.493793,1238.8000,0.05,6989026889.75
32,2026-03-18,2026-04-21,150,21,1575,0,16.6258,1.859944,3.186554,9109.5000,0.05,3022489028.5
32,2026-03-18,2026-04-21,153,21,1575,0,15.6033,0.726124,3.112433,1750.0000,0.05,2202576310.7
32,2026-03-18,2026-04-21,156,21,1575,0,18.9068,3.326432,3.870608,869.4500,0.05,6750311149.1
32,2026-03-18,2026-04-21,168,21,1575,0,23.7475,3.776051,4.337484,159.3000,0.01,1071104434.74
32,2026-03-18,2026-04-21,170,21,1575,0,17.7988,2.274015,3.489324,265.9500,0.05,2191920088.625
32,2026-03-18,2026-04-21,172,21,1575,0,20.1981,2.282342,4.001839,141.9600,0.01,1080900252.1100001
32,2026-03-18,2026-04-21,182,21,1575,1,24.0740,0.000000,4.110105,1275.6000,0.05,2444163165.8
32,2026-03-18,2026-04-21,185,21,1575,0,16.3276,0.705431,3.277027,432.3500,0.05,5919997289.299999
32,2026-03-18,2026-04-21,196,21,1575,0,22.0363,2.454031,3.956391,1743.9000,0.05,1301498436.4
32,2026-03-18,2026-04-21,200,21,1575,0,14.2103,2.145563,3.086124,1841.7000,0.05,10531399337.9
32,2026-03-18,2026-04-21,201,21,1575,0,22.6888,0.000000,3.996616,262.7500,0.05,1960045174.9650002
32,2026-03-18,2026-04-21,206,21,1575,0,18.7066,0.000000,3.169807,359.6500,0.05,953460845.4749999
32,2026-03-18,2026-04-21,220,21,1575,0,21.7988,3.496896,3.455562,32850.0000,0.05,748311210.0
32,2026-03-18,2026-04-21,221,21,1575,0,21.8332,0.000000,3.617454,291.0000,0.05,2264400645.6
32,2026-03-18,2026-04-21,225,21,1575,0,16.4543,2.849614,2.893070,5588.0000,0.05,1554857092.0
32,2026-03-18,2026-04-21,228,21,1575,0,20.5765,0.000000,3.823107,2964.2000,0.05,12445158986.55
32,2026-03-18,2026-04-21,239,21,1575,0,17.7285,0.801473,3.436414,132.6200,0.01,3023784777.27
32,2026-03-18,2026-04-21,252,21,1575,0,18.1489,4.188376,3.617039,1222.6000,0.05,3087205481.1
32,2026-03-18,2026-04-21,267,21,1575,0,20.5241,2.132499,3.760199,696.4500,0.05,1628089704.475
32,2026-03-18,2026-04-21,273,21,1575,0,19.5613,2.793728,3.603321,1476.3000,0.05,2317985845.0
32,2026-03-18,2026-04-21,279,21,1575,0,13.0019,2.370769,2.601005,1230.2000,0.05,1894630008.7
32,2026-03-18,2026-04-21,283,21,1575,0,18.0539,0.000000,3.358053,448.5500,0.05,2158205173.8999996
32,2026-03-18,2026-04-21,284,21,1575,2,27.8050,0.000000,4.198438,1383.2000,0.05,1686500277.25
32,2026-03-18,2026-04-21,285,21,1575,0,17.4166,0.000000,3.041195,1907.0000,0.05,936656189.35
32,2026-03-18,2026-04-21,288,21,1575,0,19.4586,1.910993,3.324819,452.1000,0.05,677779804.55
32,2026-03-18,2026-04-21,302,21,1575,0,22.4879,3.862306,3.874361,241.8500,0.05,663648947.1
32,2026-03-18,2026-04-21,306,21,1575,0,19.4840,0.000000,3.769616,4706.6000,0.05,1778519543.05
32,2026-03-18,2026-04-21,311,21,1575,0,16.9843,2.335652,3.095843,428.9000,0.05,959459804.4000001
32,2026-03-18,2026-04-21,345,21,1575,0,15.4364,2.073503,2.860520,6038.5000,0.05,2131041497.5
32,2026-03-18,2026-04-21,346,21,1575,0,21.2635,3.060368,4.398714,10443.0000,0.05,5138144419.0
32,2026-03-18,2026-04-21,347,21,1575,0,20.4032,3.693500,3.957844,548.2500,0.05,2031069135.3249998
32,2026-03-18,2026-04-21,356,21,1575,0,16.0381,0.000000,2.878375,1230.3000,0.05,1819953430.7
32,2026-03-18,2026-04-21,368,21,1575,0,15.5867,0.000000,2.904705,7008.5000,0.05,2744457669.0
32,2026-03-18,2026-04-21,409,21,1575,0,17.5976,2.644726,3.224132,271.8000,0.05,1585684236.69
32,2026-03-18,2026-04-21,423,21,1575,0,19.9003,1.241105,3.556953,831.7500,0.05,1456831302.3000002
32,2026-03-18,2026-04-21,430,21,1575,0,16.0839,1.409171,3.098745,146.8100,0.01,1827192809.7
32,2026-03-18,2026-04-21,465,21,1575,0,20.4053,0.000000,3.240998,2163.0000,0.05,1151249027.8
32,2026-03-18,2026-04-21,477,21,1575,0,26.4721,0.000000,4.322647,2014.1000,0.05,878746829.3
32,2026-03-18,2026-04-21,479,21,1575,0,19.3985,1.958574,3.480406,1040.7000,0.05,1345465779.85
32,2026-03-18,2026-04-21,481,21,1575,0,22.7390,3.897202,4.374508,1598.1000,0.05,1523078318.45
32,2026-03-18,2026-04-21,496,21,1575,0,17.4229,2.382410,3.207304,2652.7000,0.05,1510877821.8000002
32,2026-03-18,2026-04-21,524,21,1575,0,18.4178,0.000000,3.110626,3871.3000,0.05,5471639977.15
32,2026-03-18,2026-04-21,529,21,1575,0,19.3010,1.531286,3.320581,1267.8000,0.05,1119420638.05
32,2026-03-18,2026-04-21,534,21,1575,0,16.8592,1.615815,3.384967,1407.0000,0.05,3869740819.3
32,2026-03-18,2026-04-21,536,21,1575,0,21.0820,3.505604,4.254316,2369.9000,0.05,2075027875.0
32,2026-03-18,2026-04-21,537,21,1575,0,15.3820,1.235852,3.134267,792.7000,0.05,18760864749.0
32,2026-03-18,2026-04-21,538,21,1575,0,16.7813,0.000000,3.112443,606.4500,0.05,1769094813.3
32,2026-03-18,2026-04-21,546,21,1575,0,17.6215,2.222330,3.262607,5252.5000,0.05,2790194835.6
32,2026-03-18,2026-04-21,556,21,1575,0,18.1159,3.298081,3.452654,933.4500,0.05,3652810032.75
32,2026-03-18,2026-04-21,562,21,1575,1,25.1608,0.000000,4.330499,327.7000,0.05,1834621737.925
32,2026-03-18,2026-04-21,563,21,1575,0,14.9138,0.000000,2.638555,2122.9000,0.05,3420593675.5
32,2026-03-18,2026-04-21,564,21,1575,0,21.4089,2.187185,3.755823,531.0500,0.05,1836713745.425
32,2026-03-18,2026-04-21,590,21,1575,0,13.9294,1.730429,3.152661,1269.0000,0.05,14520783970.8
32,2026-03-18,2026-04-21,593,21,1575,0,17.7928,0.000000,2.862970,1772.9000,0.05,1045464141.4000001
32,2026-03-18,2026-04-21,609,21,1575,0,24.2284,5.805883,6.052466,9.1300,0.01,5112736410.995
32,2026-03-18,2026-04-21,611,21,1575,0,16.6385,3.319509,3.282407,63.4300,0.01,1732991288.545
32,2026-03-18,2026-04-21,612,21,1575,0,18.3951,1.118099,3.572392,123.9500,0.01,892035513.245
32,2026-03-18,2026-04-21,627,21,1575,0,18.5404,2.597867,3.458192,622.1000,0.05,2012756004.5
32,2026-03-18,2026-04-21,631,21,1575,0,20.0904,0.000000,3.621961,878.0500,0.05,1194631259.8
32,2026-03-18,2026-04-21,634,21,1575,2,20.3677,1.314670,3.615163,4290.5000,0.05,4984891245.0
32,2026-03-18,2026-04-21,647,21,1575,0,18.1355,0.000000,3.681097,820.5000,0.05,3169905314.0
32,2026-03-18,2026-04-21,653,21,1575,0,15.7370,0.951554,3.368395,1262.4000,0.05,11815499616.5
32,2026-03-18,2026-04-21,656,21,1575,0,27.3110,3.511562,4.540486,81.7900,0.01,922812491.88
32,2026-03-18,2026-04-21,663,21,1575,0,17.6516,0.000000,3.188375,141.5300,0.01,1652905281.495
32,2026-03-18,2026-04-21,672,21,1575,0,12.7702,0.860311,2.497947,292.2500,0.05,5148272648.9
32,2026-03-18,2026-04-21,698,21,1575,0,21.8934,1.155471,3.457233,1168.9000,0.05,1412327736.0
32,2026-03-18,2026-04-21,720,21,1575,0,22.7116,3.627485,4.539853,498.1500,0.05,1182342352.0
32,2026-03-18,2026-04-21,722,21,1575,0,18.1412,1.741233,3.319554,1169.8000,0.05,1610844563.4
32,2026-03-18,2026-04-21,725,21,1575,0,22.4877,2.695477,3.865640,450.7500,0.05,872589558.4
32,2026-03-18,2026-04-21,750,21,1575,0,24.1843,3.221203,4.602737,4256.5000,0.05,1059396713.7
32,2026-03-18,2026-04-21,771,21,1575,0,17.3598,0.000000,3.253759,369.6500,0.05,6325278051.35
32,2026-03-18,2026-04-21,780,21,1575,0,23.1996,0.671883,4.230739,696.0000,0.05,972451663.0250001
32,2026-03-18,2026-04-21,798,21,1575,0,18.7879,2.295918,3.462456,1046.2500,0.05,1382484095.85
32,2026-03-18,2026-04-21,818,21,1575,0,15.8057,1.674087,3.169405,3661.3000,0.05,6272365283.65
32,2026-03-18,2026-04-21,823,21,1575,0,15.3439,0.000000,2.678786,2311.5000,0.05,1714562329.7
32,2026-03-18,2026-04-21,827,21,1575,0,17.1322,1.968281,3.372203,3139.9000,0.05,7443654072.15
32,2026-03-18,2026-04-21,838,21,1575,0,23.9115,0.000000,4.043727,66.1500,0.01,660012947.75
32,2026-03-18,2026-04-21,853,21,1575,0,23.5578,3.470853,4.225544,264.0500,0.05,1036011072.65
32,2026-03-18,2026-04-21,863,21,1575,0,15.4900,0.000000,2.854633,750.2000,0.05,1258769521.95
32,2026-03-18,2026-04-21,865,21,1575,0,16.1268,3.006550,3.036761,12735.0000,0.05,4795233883.5
32,2026-03-18,2026-04-21,878,21,1575,0,23.4274,1.434195,4.617786,2565.0000,0.05,4466702811.0
32,2026-03-18,2026-04-21,886,21,1575,0,19.8259,1.577493,3.843568,1615.5000,0.05,981334432.8
32,2026-03-18,2026-04-21,908,21,1575,0,23.1072,4.159258,3.961155,697.5500,0.05,842505565.925
32,2026-03-18,2026-04-21,910,21,1575,0,21.9637,2.989728,4.086989,2161.2000,0.05,1177052524.1
32,2026-03-18,2026-04-21,925,21,1575,0,22.0700,2.608645,3.782835,3338.0000,0.05,1566868287.6
32,2026-03-18,2026-04-21,935,21,1575,0,25.0617,3.993562,3.796267,864.0000,0.05,586804776.475
32,2026-03-18,2026-04-21,938,21,1575,0,23.4783,2.134065,3.781228,403.3500,0.05,2079561951.4
32,2026-03-18,2026-04-21,939,21,1575,0,22.0067,0.000000,3.764236,996.7000,0.05,1497308502.3
32,2026-03-18,2026-04-21,943,21,1575,0,20.7847,0.571745,3.778533,84.9200,0.01,1015758783.14
32,2026-03-18,2026-04-21,956,21,1575,0,16.4618,0.000000,3.083758,1209.3000,0.05,1327155104.4
32,2026-03-18,2026-04-21,970,21,1575,0,16.8870,2.807800,3.153755,77.0000,0.01,970492416.4200001
32,2026-03-18,2026-04-21,982,21,1575,0,19.1197,2.338409,3.685450,81.2700,0.01,1465136459.45
32,2026-03-18,2026-04-21,990,21,1575,0,16.5236,1.596987,3.177216,378.1000,0.05,3182276669.25
32,2026-03-18,2026-04-21,994,21,1575,0,21.0005,2.177013,4.028782,1516.0000,0.05,777596280.05
32,2026-03-18,2026-04-21,996,21,1575,0,19.9368,0.000000,3.569774,6818.5000,0.05,995908034.25
32,2026-03-18,2026-04-21,997,21,1575,0,20.8879,0.000000,3.397041,471.3000,0.05,926204327.95
32,2026-03-18,2026-04-21,1007,21,1575,0,18.2320,3.684507,3.394904,283.7500,0.05,2328239939.035
32,2026-03-18,2026-04-21,1028,21,1575,0,19.7930,2.778139,3.428663,34475.0000,0.05,838021260.0
32,2026-03-18,2026-04-21,1049,21,1575,0,21.3373,2.295727,4.283298,5290.0000,0.05,2411112045.45
32,2026-03-18,2026-04-21,1051,21,1575,0,20.9760,4.504654,3.776973,417.0500,0.05,2237705309.125
32,2026-03-18,2026-04-21,1055,21,1575,4,28.6451,4.370973,5.574303,495.4000,0.05,1262380439.5
32,2026-03-18,2026-04-21,1060,21,1575,0,22.3335,4.709620,4.103802,1588.2000,0.05,803782489.6
32,2026-03-18,2026-04-21,1061,21,1575,0,16.7247,0.000000,3.060595,1334.6000,0.05,779969800.8
32,2026-03-18,2026-04-21,1068,21,1575,0,17.1075,2.855240,3.153332,107.1000,0.01,1847730288.835
32,2026-03-18,2026-04-21,1070,21,1575,1,24.4019,1.183123,4.387910,808.3000,0.05,933051500.95
32,2026-03-18,2026-04-21,1076,21,1575,0,19.3735,0.000000,3.146467,7250.0000,0.05,1790075247.75
32,2026-03-18,2026-04-21,1080,21,1575,0,16.3806,2.020708,3.228292,299.0000,0.05,3163161964.6000004
32,2026-03-18,2026-04-21,1095,21,1575,0,24.9764,3.522904,4.557707,1278.0000,0.05,980123622.75
32,2026-03-18,2026-04-21,1113,21,1575,0,24.1364,4.724097,3.655406,2700.0000,0.05,656827180.2
32,2026-03-18,2026-04-21,1132,21,1575,0,20.0034,4.144847,3.859610,310.5000,0.05,1680199565.625
32,2026-03-18,2026-04-21,1135,21,1575,0,18.7481,3.507265,3.537406,338.5500,0.05,2484293532.45
32,2026-03-18,2026-04-21,1140,21,1575,0,12.4879,1.800385,2.830021,1353.3000,0.05,15256142950.8
32,2026-03-18,2026-04-21,1173,21,1575,0,20.8586,0.000000,4.011963,269.2000,0.05,1892679050.85
32,2026-03-18,2026-04-21,1179,21,1575,0,25.0169,3.443458,4.390188,157.9600,0.01,1865182033.7350001
32,2026-03-18,2026-04-21,1206,21,1575,0,18.8432,2.538087,3.077762,678.2000,0.05,795314721.075
32,2026-03-18,2026-04-21,1208,21,1575,0,15.8835,1.994951,3.038774,1901.7000,0.05,1634632135.1
32,2026-03-18,2026-04-21,1209,21,1575,0,16.1113,2.115893,3.366230,1053.9000,0.05,8891594131.5
32,2026-03-18,2026-04-21,1250,21,1575,3,17.0008,3.116169,2.987013,23885.0000,0.05,789033612.5
32,2026-03-18,2026-04-21,1261,21,1575,0,22.2769,0.000000,3.834777,3151.1000,0.05,1223346904.8
32,2026-03-18,2026-04-21,1283,21,1575,0,21.8684,0.000000,3.842813,13395.0000,0.05,1577672019.0
32,2026-03-18,2026-04-21,1305,21,1575,0,19.5957,1.119092,3.299739,2472.5000,0.05,1232637035.5
32,2026-03-18,2026-04-21,1334,21,1575,0,15.4475,1.101694,2.650924,1714.2000,0.05,3570242005.7
32,2026-03-18,2026-04-21,1341,21,1575,0,22.0237,0.000000,3.377162,3761.0000,0.05,759897037.1
32,2026-03-18,2026-04-21,1349,21,1575,0,20.6923,3.195940,3.975543,42.2400,0.01,3035096299.35
32,2026-03-18,2026-04-21,1366,21,1575,0,17.2740,2.114278,3.293312,1061.4000,0.05,1170963502.6
32,2026-03-18,2026-04-21,1367,21,1575,0,19.5785,0.000000,3.646790,4272.1000,0.05,927676822.5
32,2026-03-18,2026-04-21,1372,21,1575,0,19.4686,1.927456,3.556368,395.3500,0.05,1759650915.85
32,2026-03-18,2026-04-21,1373,21,1575,0,16.4032,1.282794,3.174850,196.7900,0.01,4045341544.7749996
32,2026-03-18,2026-04-21,1383,21,1575,0,14.3317,0.979320,3.218428,2470.8000,0.05,8547015526.25
32,2026-03-18,2026-04-21,1386,21,1575,0,17.2958,0.000000,3.266295,1397.6000,0.05,2563864675.4
32,2026-03-18,2026-04-21,1406,21,1575,0,23.5962,1.108199,3.772635,2612.2000,0.05,825217510.4
32,2026-03-18,2026-04-21,1415,21,1575,0,18.7036,0.000000,3.148621,4195.0000,0.05,2657220814.75
32,2026-03-18,2026-04-21,1420,21,1575,0,16.2641,2.736099,3.095387,4180.6000,0.05,932789031.425
32,2026-03-18,2026-04-21,1426,21,1575,0,22.1872,0.000000,3.921459,2521.2000,0.05,4008034326.35
32,2026-03-18,2026-04-21,1438,21,1575,0,17.1221,2.423352,3.355535,3548.8000,0.05,2200931292.3999996
32,2026-03-18,2026-04-21,1451,21,1575,0,15.6183,1.188018,3.092060,10927.0000,0.05,2725518669.0
32,2026-03-18,2026-04-21,1455,21,1575,0,21.0293,3.146304,3.990919,173.1900,0.01,1592772922.635
32,2026-03-18,2026-04-21,1461,21,1575,0,18.9956,1.601431,3.323547,626.4000,0.05,1435876295.45
32,2026-03-18,2026-04-21,1480,21,1575,0,19.9415,1.702706,3.494735,407.4500,0.05,2555785900.95
32,2026-03-18,2026-04-21,1481,21,1575,0,19.3155,0.000000,3.440877,361.7500,0.05,4673249382.825
32,2026-03-18,2026-04-21,1510,21,1575,0,23.2066,0.000000,3.716367,1326.2000,0.05,1428418055.15
32,2026-03-18,2026-04-21,1532,21,1575,0,13.9209,0.776513,3.004428,197.3000,0.01,2251233024.075
32,2026-03-18,2026-04-21,1539,21,1575,0,16.3931,3.381561,3.680271,18.6800,0.01,1686757806.1599998
32,2026-03-18,2026-04-21,9424,21,1575,0,19.1550,1.404426,3.560648,4368.3000,0.05,1575336504.75
32,2026-03-18,2026-04-21,9428,21,1575,0,27.1193,2.081392,4.807159,929.7500,0.05,996945035.4
32,2026-03-18,2026-04-21,9486,21,1575,1,20.9139,0.000000,3.958778,114.4100,0.01,1649733309.93
32,2026-03-18,2026-04-21,9621,21,1575,0,16.4370,1.879207,3.197598,237.9700,0.05,3574518387.725
32,2026-03-18,2026-04-21,9728,21,1575,0,21.7482,0.980132,3.661919,25470.0000,0.05,1921371901.5
32,2026-03-18,2026-04-21,9752,21,1575,0,21.1517,0.000000,3.776438,1060.7000,0.05,3840031460.6
32,2026-03-18,2026-04-21,9754,21,1575,0,17.1864,0.000000,3.512758,96.1500,0.01,1362370817.52
32,2026-03-18,2026-04-21,9873,21,1575,0,34.1737,4.054058,5.387654,779.1500,0.05,1030998226.0
32,2026-03-18,2026-04-21,9882,21,1575,0,19.6564,2.621439,3.711379,409.9000,0.05,2329491080.875
32,2026-03-18,2026-04-21,9891,21,1575,1,27.8138,0.000000,4.316807,1017.9000,0.05,1300383326.6999998
32,2026-03-18,2026-04-21,9894,21,1575,0,14.9879,1.130080,2.794356,381.4500,0.05,846785844.05
32,2026-03-18,2026-04-21,9936,21,1575,0,18.8326,1.648335,3.218654,2039.8000,0.05,914337230.1
32,2026-03-18,2026-04-21,9962,21,1575,0,26.1796,4.470735,4.508027,41.9700,0.01,973160695.085
32,2026-03-18,2026-04-21,9973,21,1575,0,23.4786,1.492368,4.251693,1216.8000,0.05,2967636867.575
32,2026-03-18,2026-04-21,9983,21,1575,0,24.1134,3.380336,4.388484,514.8000,0.05,811624834.2
32,2026-03-18,2026-04-21,10023,21,1575,0,26.0356,2.562306,4.595299,275.3000,0.05,3529568344.3999996
32,2026-03-18,2026-04-21,10038,21,1575,0,22.7886,2.761911,4.076380,435.3000,0.05,899087347.3
32,2026-03-18,2026-04-21,10052,21,1575,0,25.4280,1.709468,4.817982,3713.7000,0.05,3467175015.2
32,2026-03-18,2026-04-21,10071,21,1575,0,21.0739,2.314766,3.803027,247.3500,0.05,1133113155.75
32,2026-03-18,2026-04-21,10140,21,1575,0,20.8654,2.523393,3.040283,1807.6000,0.05,1459764001.7
32,2026-03-18,2026-04-21,10160,21,1575,0,20.4697,0.768791,3.850796,238.0100,0.05,8783005882.6
32,2026-03-18,2026-04-21,10188,21,1575,0,26.0394,2.532089,4.949486,788.0000,0.05,1308563140.7
32,2026-03-18,2026-04-21,10351,21,1575,0,23.1884,2.990360,3.901680,1006.4000,0.05,758304729.3
32,2026-03-18,2026-04-21,10361,21,1575,0,21.1607,0.770550,4.100067,264.1000,0.05,1233536612.3
32,2026-03-18,2026-04-21,10399,21,1575,0,17.4178,3.427740,3.149114,1262.8000,0.05,1111958392.4499998
32,2026-03-18,2026-04-21,10431,21,1575,0,24.4291,0.000000,4.000224,414.1500,0.05,1714086250.125
32,2026-03-18,2026-04-21,10587,21,1575,0,20.2023,2.942615,3.975484,118.0500,0.01,1119418609.065
32,2026-03-18,2026-04-21,10627,21,1575,0,21.1323,1.715846,3.922770,1065.2000,0.05,730321915.7
32,2026-03-18,2026-04-21,10687,21,1575,0,19.8809,1.184320,3.467166,91.3000,0.01,973192723.1800001
32,2026-03-18,2026-04-21,10691,21,1575,0,24.9260,4.169047,3.917214,112.2400,0.01,1449191075.96
32,2026-03-18,2026-04-21,10694,21,1575,0,21.6722,3.732611,4.070210,914.1500,0.05,1002417388.7
32,2026-03-18,2026-04-21,10840,21,1575,0,17.3772,3.497203,3.231991,466.5000,0.05,954301895.4
32,2026-03-18,2026-04-21,11084,21,1575,1,20.9952,2.198795,4.146174,964.2000,0.05,4295088226.25
32,2026-03-18,2026-04-21,11223,21,1575,0,23.4012,2.109907,4.223858,3150.7000,0.05,3733045790.4
32,2026-03-18,2026-04-21,11430,21,1575,0,33.2132,0.000000,3.854121,3787.3000,0.05,1216912112.8000002
32,2026-03-18,2026-04-21,11452,21,1575,0,22.4446,2.073634,3.813498,1481.4000,0.05,2228971237.8
32,2026-03-18,2026-04-21,11457,21,1575,0,27.6637,0.000000,5.032183,243.8800,0.05,2034295920.1
32,2026-03-18,2026-04-21,11480,21,1575,0,17.8395,1.897617,3.393478,963.5000,0.05,2531999256.65
32,2026-03-18,2026-04-21,11705,21,1575,2,24.4066,0.000000,4.454078,2391.4000,0.05,3677455286.5
32,2026-03-18,2026-04-21,11777,21,1575,0,21.0185,3.707471,4.355149,666.0500,0.05,1139590155.2
33,2026-04-22,2026-05-21,15,21,1575,0,24.8934,0.000000,3.460124,7146.5000,0.05,1349455441.9
33,2026-04-22,2026-05-21,17,21,1575,0,22.7082,0.000000,3.929016,350.8500,0.05,1295740343.425
33,2026-04-22,2026-05-21,24,21,1575,0,23.2161,2.465043,4.317140,2486.0000,0.05,2194858031.1
33,2026-04-22,2026-05-21,26,21,1575,0,29.7249,0.000000,4.908220,1335.4000,0.05,2087939196.025
33,2026-04-22,2026-05-21,27,21,1575,0,19.0327,0.000000,3.362777,1732.4000,0.05,2750106329.35
33,2026-04-22,2026-05-21,28,21,1575,0,25.6388,0.000000,4.233346,220.4400,0.01,2310166539.8
33,2026-04-22,2026-05-21,68,21,1575,2,28.9424,0.000000,4.296577,8105.0000,0.05,1994798774.0
33,2026-04-22,2026-05-21,70,21,1575,0,20.7274,0.000000,3.313893,442.2000,0.05,1035184056.775
33,2026-04-22,2026-05-21,87,21,1575,0,18.9426,0.000000,2.934379,1902.2000,0.05,971788027.35
33,2026-04-22,2026-05-21,90,21,1575,1,13.8715,0.000000,2.437895,7822.0000,0.05,2642119595.5
33,2026-04-22,2026-05-21,118,21,1575,0,20.0072,1.953465,3.395486,161.7300,0.01,1837355468.595
33,2026-04-22,2026-05-21,120,21,1575,0,15.1122,1.920741,3.035635,2532.6000,0.05,2435483622.7
33,2026-04-22,2026-05-21,125,21,1575,0,19.7228,0.000000,3.088903,1557.5000,0.05,822945597.75
33,2026-04-22,2026-05-21,133,21,1575,0,17.0591,1.097904,2.933647,1018.7000,0.05,1808269709.75
33,2026-04-22,2026-05-21,135,21,1575,0,16.0576,1.381993,2.933609,1484.5000,0.05,1159692460.0
33,2026-04-22,2026-05-21,143,21,1575,0,14.5178,0.000000,2.817830,1268.8000,0.05,7054583465.9
33,2026-04-22,2026-05-21,150,21,1575,0,17.5999,0.000000,2.811930,10228.0000,0.05,3027437120.25
33,2026-04-22,2026-05-21,153,21,1575,0,15.4783,1.065397,2.992256,1770.5000,0.05,2161162430.05
33,2026-04-22,2026-05-21,156,21,1575,0,17.5372,1.951295,3.434125,923.8000,0.05,6693818950.0
33,2026-04-22,2026-05-21,168,21,1575,0,23.9338,0.000000,3.885304,197.2500,0.01,1077344926.58
33,2026-04-22,2026-05-21,170,21,1575,0,17.7571,0.000000,3.023168,258.0500,0.05,2262893740.325
33,2026-04-22,2026-05-21,172,21,1575,0,18.4898,0.936641,3.414354,136.9200,0.01,1116830238.045
33,2026-04-22,2026-05-21,182,21,1575,0,21.4835,0.000000,3.433442,1381.0000,0.05,2352687283.1
33,2026-04-22,2026-05-21,185,21,1575,0,16.0095,0.159362,2.935392,433.9000,0.05,6034835037.9
33,2026-04-22,2026-05-21,196,21,1575,0,26.4082,0.000000,3.818041,1898.4000,0.05,1338864957.0
33,2026-04-22,2026-05-21,200,21,1575,0,13.7189,0.000000,2.358584,1835.8000,0.05,10760741098.15
33,2026-04-22,2026-05-21,201,21,1575,2,27.8864,2.194419,4.192582,391.1000,0.05,1926627067.25
33,2026-04-22,2026-05-21,206,21,1575,0,19.4513,0.000000,3.106794,382.5000,0.05,992901465.95
33,2026-04-22,2026-05-21,220,21,1575,0,19.1453,0.000000,2.744757,37035.0000,0.05,801587615.0
33,2026-04-22,2026-05-21,221,21,1575,0,18.5052,3.061214,2.938544,299.8000,0.05,2295115908.55
33,2026-04-22,2026-05-21,225,21,1575,0,15.3848,1.536535,2.481776,5660.0000,0.05,1570643767.0
33,2026-04-22,2026-05-21,228,21,1575,0,18.8356,0.000000,3.209331,3885.0000,0.05,11698790513.25
33,2026-04-22,2026-05-21,239,21,1575,0,23.1805,3.996975,3.322844,130.2100,0.01,3095908241.175
33,2026-04-22,2026-05-21,252,21,1575,0,16.3940,0.000000,3.016856,1251.4000,0.05,2902829877.55
33,2026-04-22,2026-05-21,267,21,1575,0,22.2111,2.407163,3.889457,832.3000,0.05,1628089704.475
33,2026-04-22,2026-05-21,273,21,1575,0,20.4212,2.750002,3.297730,1563.9000,0.05,2301558251.0
33,2026-04-22,2026-05-21,279,21,1575,0,19.1568,0.000000,2.953702,1329.0000,0.05,1903703412.85
33,2026-04-22,2026-05-21,283,21,1575,0,17.8969,0.000000,3.031690,463.7000,0.05,2265557323.4
33,2026-04-22,2026-05-21,284,21,1575,0,25.2599,0.000000,3.975384,1666.0000,0.05,1714401673.0
33,2026-04-22,2026-05-21,285,21,1575,0,16.9697,2.010809,2.855429,2156.3000,0.05,890328152.4000001
33,2026-04-22,2026-05-21,288,21,1575,0,16.4539,1.280517,2.848799,516.2000,0.05,668575544.225
33,2026-04-22,2026-05-21,306,21,1575,0,17.8711,1.894755,3.155954,5270.5000,0.05,1944645344.7
33,2026-04-22,2026-05-21,311,21,1575,0,16.0369,0.811511,2.863995,457.5000,0.05,932720948.6
33,2026-04-22,2026-05-21,345,21,1575,0,15.0051,0.000000,2.436500,6690.0000,0.05,2079102288.0
33,2026-04-22,2026-05-21,346,21,1575,0,24.0797,0.000000,3.847067,11105.0000,0.05,5350367787.0
33,2026-04-22,2026-05-21,347,21,1575,0,17.9336,0.000000,3.291577,589.2000,0.05,2083057535.875
33,2026-04-22,2026-05-21,356,21,1575,2,21.4324,2.538397,3.565527,1313.8000,0.05,1813505687.55
33,2026-04-22,2026-05-21,368,21,1575,0,16.1583,0.000000,2.707605,7135.5000,0.05,2878618343.75
33,2026-04-22,2026-05-21,409,21,1575,0,18.1567,1.732445,2.937379,290.2500,0.05,1677791016.37
33,2026-04-22,2026-05-21,423,21,1575,0,16.8149,1.907064,3.102874,953.5000,0.05,1482061521.75
33,2026-04-22,2026-05-21,430,21,1575,0,14.7424,1.507170,2.773010,163.8400,0.01,1737103329.42
33,2026-04-22,2026-05-21,465,21,1575,0,20.6673,0.000000,3.367770,2363.0000,0.05,1168714792.1
33,2026-04-22,2026-05-21,477,21,1575,0,28.8629,0.000000,4.174932,2295.6000,0.05,1005992657.05
33,2026-04-22,2026-05-21,479,21,1575,0,19.0780,2.413970,3.231712,1044.5000,0.05,1338570864.75
33,2026-04-22,2026-05-21,481,21,1575,0,22.2260,2.931555,3.952093,1809.5000,0.05,1514313290.8000002
33,2026-04-22,2026-05-21,496,21,1575,0,15.5225,2.003088,2.907600,2908.8000,0.05,1603769110.85
33,2026-04-22,2026-05-21,524,21,1575,0,21.1464,0.000000,3.101278,4393.2000,0.05,5231520866.0
33,2026-04-22,2026-05-21,529,21,1575,0,18.0606,0.000000,3.037325,1242.0000,0.05,1091389227.9
33,2026-04-22,2026-05-21,534,21,1575,0,14.2126,0.000000,2.475946,1195.3000,0.05,3826672606.6
33,2026-04-22,2026-05-21,536,21,1575,0,16.7396,0.000000,2.903626,2682.4000,0.05,2135158765.6
33,2026-04-22,2026-05-21,537,21,1575,0,13.1240,0.000000,2.628291,775.6500,0.05,19526416501.5
33,2026-04-22,2026-05-21,538,21,1575,0,15.4592,0.946945,2.769098,604.4500,0.05,1813921772.5500002
33,2026-04-22,2026-05-21,546,21,1575,0,19.7088,0.000000,2.894370,5067.0000,0.05,2861310939.0
33,2026-04-22,2026-05-21,556,21,1575,0,16.3578,0.000000,2.962898,1052.3000,0.05,3755440749.025
33,2026-04-22,2026-05-21,562,21,1575,0,21.8209,3.151185,3.521169,358.4000,0.05,1910381898.3000002
33,2026-04-22,2026-05-21,563,21,1575,0,17.8736,0.000000,2.729258,2290.5000,0.05,3485575337.7
33,2026-04-22,2026-05-21,564,21,1575,0,21.0999,4.797542,3.577066,628.1000,0.05,2307600558.775
33,2026-04-22,2026-05-21,590,21,1575,0,11.1120,1.676078,2.540933,1263.2000,0.05,15028514084.6
33,2026-04-22,2026-05-21,593,21,1575,0,15.9761,0.000000,2.151952,1803.0000,0.05,1047702679.35
33,2026-04-22,2026-05-21,609,21,1575,1,32.0783,0.000000,5.642218,11.2500,0.01,5112736410.995
33,2026-04-22,2026-05-21,611,21,1575,0,16.7198,0.000000,2.903136,68.7000,0.01,1690537211.5949998
33,2026-04-22,2026-05-21,612,21,1575,0,20.6427,4.109852,3.115657,126.5400,0.01,901901351.22
33,2026-04-22,2026-05-21,627,21,1575,0,17.6748,1.055280,2.969222,649.6500,0.05,1886290245.8
33,2026-04-22,2026-05-21,631,21,1575,0,23.8502,3.830777,3.420958,827.2500,0.05,1325613194.375
33,2026-04-22,2026-05-21,634,21,1575,0,18.0930,0.000000,2.977994,4334.9000,0.05,5091763593.25
33,2026-04-22,2026-05-21,647,21,1575,0,17.5742,2.484457,3.252230,901.1500,0.05,2946945911.325
33,2026-04-22,2026-05-21,653,21,1575,0,13.9698,1.594761,2.837787,1147.6000,0.05,12035122631.25
33,2026-04-22,2026-05-21,656,21,1575,0,25.0760,0.000000,4.146774,100.8800,0.01,918157460.41
33,2026-04-22,2026-05-21,663,21,1575,0,14.5247,1.577207,2.610204,142.2700,0.01,1729543448.92
33,2026-04-22,2026-05-21,672,21,1575,0,11.5648,0.000000,2.257927,299.5500,0.05,5148272648.9
33,2026-04-22,2026-05-21,698,21,1575,0,17.8516,3.695911,3.417327,1246.7000,0.05,1425230058.7
33,2026-04-22,2026-05-21,720,21,1575,0,21.5940,0.000000,3.731638,556.5500,0.05,1173858760.875
33,2026-04-22,2026-05-21,722,21,1575,0,16.2000,1.809031,3.051332,1273.9000,0.05,1636892012.4
33,2026-04-22,2026-05-21,725,21,1575,0,22.8737,4.862212,3.565451,472.7500,0.05,874199180.275
33,2026-04-22,2026-05-21,750,21,1575,0,24.4738,3.716153,4.059417,5016.5000,0.05,1055445085.6
33,2026-04-22,2026-05-21,771,21,1575,0,15.6032,0.000000,2.934813,379.3500,0.05,6290186110.95
33,2026-04-22,2026-05-21,780,21,1575,0,29.0186,0.000000,4.108746,732.2000,0.05,963806029.6500001
33,2026-04-22,2026-05-21,798,21,1575,0,19.6926,0.000000,3.201281,1208.8000,0.05,1453904187.75
33,2026-04-22,2026-05-21,818,21,1575,0,12.7055,0.000000,2.556586,3984.0000,0.05,6467760250.2
33,2026-04-22,2026-05-21,823,21,1575,0,17.9111,0.000000,3.021993,2297.0000,0.05,1756239986.9
33,2026-04-22,2026-05-21,827,21,1575,0,17.8107,0.000000,3.097980,3129.6000,0.05,7541125548.2
33,2026-04-22,2026-05-21,838,21,1575,0,20.2125,2.430438,3.520048,79.3600,0.01,784247396.64
33,2026-04-22,2026-05-21,853,21,1575,0,22.0591,0.999252,3.714604,305.2000,0.05,1004012934.7
33,2026-04-22,2026-05-21,863,21,1575,0,17.4649,1.697857,2.641933,826.9500,0.05,1294720902.525
33,2026-04-22,2026-05-21,865,21,1575,0,14.9128,0.000000,2.765004,13217.0000,0.05,5108273453.0
33,2026-04-22,2026-05-21,878,21,1575,0,22.0645,0.000000,3.532288,3022.0000,0.05,5105731116.2
33,2026-04-22,2026-05-21,886,21,1575,0,18.8967,3.715251,3.363203,1617.0000,0.05,1082504765.7
33,2026-04-22,2026-05-21,908,21,1575,0,23.0857,0.000000,3.543659,841.5000,0.05,829027908.45
33,2026-04-22,2026-05-21,910,21,1575,0,22.2547,2.872839,3.452278,2162.5000,0.05,1181038887.9
33,2026-04-22,2026-05-21,925,21,1575,0,19.3046,0.000000,3.193970,3474.0000,0.05,1642795385.75
33,2026-04-22,2026-05-21,938,21,1575,0,21.8671,0.000000,3.390037,408.5000,0.05,2178745192.8
33,2026-04-22,2026-05-21,939,21,1575,0,18.8788,3.555174,3.347802,971.6500,0.05,1453976427.6
33,2026-04-22,2026-05-21,943,21,1575,0,20.7993,0.716955,3.421909,93.9500,0.01,1011557273.24
33,2026-04-22,2026-05-21,956,21,1575,0,13.4881,1.560951,2.620826,1454.3000,0.05,1344417424.8
33,2026-04-22,2026-05-21,970,21,1575,0,15.5866,0.000000,2.846540,81.1800,0.01,952306844.0250001
33,2026-04-22,2026-05-21,982,21,1575,0,17.5455,2.743541,3.218259,89.2600,0.01,1525467694.865
33,2026-04-22,2026-05-21,990,21,1575,0,14.2907,0.000000,2.743698,398.0500,0.05,3298471435.8
33,2026-04-22,2026-05-21,994,21,1575,0,17.0541,2.188135,3.472803,1667.9000,0.05,789390524.85
33,2026-04-22,2026-05-21,996,21,1575,0,21.6288,1.599818,3.326600,9310.5000,0.05,995908034.25
33,2026-04-22,2026-05-21,997,21,1575,0,19.3163,0.000000,3.402218,488.2500,0.05,975045583.95
33,2026-04-22,2026-05-21,1007,21,1575,0,14.8923,1.099083,2.807509,294.5500,0.05,2370430194.17
33,2026-04-22,2026-05-21,1028,21,1575,0,18.5693,4.708790,3.031117,37270.0000,0.05,839027990.0
33,2026-04-22,2026-05-21,1049,21,1575,0,19.1541,0.000000,3.519486,4882.1000,0.05,2445471390.75
33,2026-04-22,2026-05-21,1050,21,1575,0,16.5923,2.537539,3.031013,275.9200,0.05,600717826.21
33,2026-04-22,2026-05-21,1051,21,1575,0,18.1150,1.262673,3.317208,452.9000,0.05,2265832765.25
33,2026-04-22,2026-05-21,1055,21,1575,0,25.3935,1.485336,4.036747,530.0000,0.05,1331197750.1
33,2026-04-22,2026-05-21,1060,21,1575,0,19.8536,0.000000,3.392706,1780.7000,0.05,817742382.85
33,2026-04-22,2026-05-21,1061,21,1575,0,14.7727,2.978198,2.941837,1437.7000,0.05,797336293.65
33,2026-04-22,2026-05-21,1068,21,1575,0,17.8937,0.255845,3.001766,105.3800,0.01,1893393806.655
33,2026-04-22,2026-05-21,1070,21,1575,0,18.8097,0.630063,3.531351,1055.0500,0.05,922003898.325
33,2026-04-22,2026-05-21,1076,21,1575,0,17.7682,0.000000,2.983575,8930.0000,0.05,1869587366.75
33,2026-04-22,2026-05-21,1080,21,1575,0,14.4744,1.586111,2.804467,314.4500,0.05,3155414132.675
33,2026-04-22,2026-05-21,1095,21,1575,0,20.1283,0.637344,3.673633,1403.4000,0.05,1037099118.65
33,2026-04-22,2026-05-21,1113,21,1575,0,23.4030,3.932294,3.761541,3431.2000,0.05,728519922.6
33,2026-04-22,2026-05-21,1132,21,1575,0,23.1572,0.000000,3.672653,330.4500,0.05,1757169839.85
33,2026-04-22,2026-05-21,1135,21,1575,0,16.8763,1.226172,3.016473,354.5500,0.05,2329321176.275
33,2026-04-22,2026-05-21,1140,21,1575,0,13.0563,1.149137,2.595214,1365.8000,0.05,15499344538.349998
33,2026-04-22,2026-05-21,1173,21,1575,0,18.8517,0.000000,3.226426,298.7500,0.05,1813455352.775
33,2026-04-22,2026-05-21,1179,21,1575,0,23.9137,1.404747,4.191984,186.4400,0.01,1922527579.185
33,2026-04-22,2026-05-21,1206,21,1575,0,16.5898,3.013378,2.944595,643.1000,0.05,785967793.8
33,2026-04-22,2026-05-21,1208,21,1575,0,14.6999,0.814758,2.814799,1846.7000,0.05,1659275440.9
33,2026-04-22,2026-05-21,1209,21,1575,0,16.8076,1.589435,2.961735,1066.7000,0.05,9378976017.95
33,2026-04-22,2026-05-21,1250,21,1575,2,17.0552,3.783857,2.888543,24990.0000,0.05,766149980.0
33,2026-04-22,2026-05-21,1261,21,1575,0,22.5635,2.581385,3.978478,3798.7000,0.05,1174117423.65
33,2026-04-22,2026-05-21,1283,21,1575,0,23.1001,2.581106,3.583165,15785.0000,0.05,1703319800.5
33,2026-04-22,2026-05-21,1305,21,1575,0,17.5207,0.000000,3.048628,2618.0000,0.05,1225524768.1
33,2026-04-22,2026-05-21,1334,21,1575,0,15.5211,0.000000,2.386859,1836.4000,0.05,3609430851.8500004
33,2026-04-22,2026-05-21,1341,21,1575,0,18.5911,2.926039,2.976138,3637.8000,0.05,793566928.3
33,2026-04-22,2026-05-21,1349,21,1575,0,20.4104,1.874638,3.503825,53.8900,0.01,3085237620.02
33,2026-04-22,2026-05-21,1366,21,1575,0,17.4439,2.700595,3.245478,1179.6000,0.05,1196009972.4
33,2026-04-22,2026-05-21,1367,21,1575,0,16.9942,1.825547,2.874875,4190.3000,0.05,913287820.0
33,2026-04-22,2026-05-21,1372,21,1575,0,16.7745,0.000000,3.317770,434.1000,0.05,1874659347.6
33,2026-04-22,2026-05-21,1373,21,1575,0,15.5734,0.854030,2.980756,213.0600,0.01,4150586806.38
33,2026-04-22,2026-05-21,1383,21,1575,0,14.1339,0.000000,2.599076,2405.8000,0.05,8540812160.25
33,2026-04-22,2026-05-21,1386,21,1575,0,20.7512,0.000000,3.001272,1404.4000,0.05,2563864675.4
33,2026-04-22,2026-05-21,1406,21,1575,0,25.9247,0.000000,3.778130,2967.0000,0.05,786405990.25
33,2026-04-22,2026-05-21,1415,21,1575,0,18.3006,0.000000,2.937097,4310.2000,0.05,2775394990.4
33,2026-04-22,2026-05-21,1420,21,1575,0,15.6964,2.670994,2.938131,4343.4000,0.05,1015574086.95
33,2026-04-22,2026-05-21,1426,21,1575,0,18.3069,0.000000,3.222481,2777.0000,0.05,3870317693.5
33,2026-04-22,2026-05-21,1438,21,1575,0,22.0684,2.047842,3.373555,3507.3000,0.05,2275192008.05
33,2026-04-22,2026-05-21,1451,21,1575,0,14.9218,1.268701,2.691638,11567.0000,0.05,2718650377.5
33,2026-04-22,2026-05-21,1455,21,1575,0,21.4230,2.676133,3.489724,160.0300,0.01,1708365300.35
33,2026-04-22,2026-05-21,1461,21,1575,0,17.8162,0.000000,3.000405,641.4000,0.05,1435876295.45
33,2026-04-22,2026-05-21,1480,21,1575,0,22.4067,1.526189,3.429880,507.0000,0.05,2514161798.1
33,2026-04-22,2026-05-21,1481,21,1572,6,40.7922,5.968782,4.084139,328.6500,0.05,5150924374.75
33,2026-04-22,2026-05-21,1510,21,1575,0,21.7695,1.905013,3.786471,1362.6000,0.05,1419531008.55
33,2026-04-22,2026-05-21,1532,21,1575,0,11.5340,0.000000,2.258702,198.7000,0.01,2252789601.06
33,2026-04-22,2026-05-21,1539,21,1575,0,20.5461,0.000000,3.537992,21.6100,0.01,1723778107.355
33,2026-04-22,2026-05-21,9424,21,1575,0,15.6474,0.000000,2.578708,4391.0000,0.05,1582572311.3
33,2026-04-22,2026-05-21,9428,21,1575,0,22.4930,5.010179,3.733960,1006.0000,0.05,1077105625.35
33,2026-04-22,2026-05-21,9486,21,1575,0,21.8696,0.000000,3.894399,127.3000,0.01,1699228313.425
33,2026-04-22,2026-05-21,9621,21,1575,0,17.5318,0.000000,2.966253,244.6000,0.05,3554868125.5
33,2026-04-22,2026-05-21,9728,21,1575,0,22.5906,0.000000,3.395748,32940.0000,0.05,2305815716.0
33,2026-04-22,2026-05-21,9752,21,1575,0,23.5692,1.460515,3.959955,1136.0500,0.05,3551925933.55
33,2026-04-22,2026-05-21,9754,21,1575,0,16.1662,0.000000,2.895053,103.9200,0.01,1334973351.62
33,2026-04-22,2026-05-21,9873,21,1575,0,30.3188,0.000000,4.876135,923.0000,0.05,1146173606.4
33,2026-04-22,2026-05-21,9882,21,1575,0,20.2516,3.306719,3.546214,395.2000,0.05,2276097525.375
33,2026-04-22,2026-05-21,9891,21,1575,0,32.0568,0.000000,5.335747,1350.3000,0.05,1327438542.9
33,2026-04-22,2026-05-21,9894,21,1575,2,10.9020,0.693735,2.225188,392.8000,0.05,850528079.875
33,2026-04-22,2026-05-21,9936,21,1575,0,21.6339,2.637666,3.559911,2363.7000,0.05,914337230.1
33,2026-04-22,2026-05-21,9962,21,1575,0,25.4435,0.000000,3.684171,42.0700,0.01,1007587986.65
33,2026-04-22,2026-05-21,9973,21,1575,0,23.4292,0.000000,4.126733,1277.9000,0.05,2950266116.4
33,2026-04-22,2026-05-21,9983,21,1575,0,22.4859,2.158111,3.934383,582.5000,0.05,839858595.35
33,2026-04-22,2026-05-21,10023,21,1575,0,24.9741,0.000000,4.149883,273.3000,0.05,3635271032.375
33,2026-04-22,2026-05-21,10038,21,1575,0,20.1141,0.000000,3.598704,464.4000,0.05,917930176.275
33,2026-04-22,2026-05-21,10052,21,1575,2,31.6652,0.969409,4.713590,4160.0000,0.05,3771723924.75
33,2026-04-22,2026-05-21,10071,21,1575,0,19.0015,2.931811,3.440125,269.1000,0.05,1133113155.75
33,2026-04-22,2026-05-21,10140,21,1575,0,20.0731,0.000000,3.358771,1835.0000,0.05,1470479309.25
33,2026-04-22,2026-05-21,10160,21,1575,0,20.9019,0.000000,3.302869,247.8800,0.05,9285734638.400002
33,2026-04-22,2026-05-21,10188,21,1575,0,23.7201,0.000000,4.019892,886.9500,0.05,1327097731.25
33,2026-04-22,2026-05-21,10351,21,1575,0,19.6950,1.098230,3.151172,1082.3000,0.05,748638331.325
33,2026-04-22,2026-05-21,10361,21,1575,0,21.3356,0.000000,3.625800,286.6000,0.05,1360205118.875
33,2026-04-22,2026-05-21,10399,21,1575,0,15.6388,2.502059,2.825789,1311.0000,0.05,1169296069.0
33,2026-04-22,2026-05-21,10431,21,1575,0,22.6993,3.807480,3.776557,407.0000,0.05,1611231203.5
33,2026-04-22,2026-05-21,10587,21,1575,0,19.8455,0.000000,3.134864,134.4500,0.01,1062607661.55
33,2026-04-22,2026-05-21,10627,21,1575,0,23.9883,1.463632,3.822574,1124.0000,0.05,789416108.55
33,2026-04-22,2026-05-21,10687,21,1575,0,17.3016,2.327553,3.307764,96.6400,0.01,1012510939.095
33,2026-04-22,2026-05-21,10691,21,1575,0,24.2734,3.159432,3.564819,123.2300,0.01,1457040924.38
33,2026-04-22,2026-05-21,10694,21,1575,0,22.9614,1.086292,3.674840,896.7000,0.05,991792178.3
33,2026-04-22,2026-05-21,10840,21,1575,0,16.0447,1.472157,2.961936,459.9500,0.05,907001846.7
33,2026-04-22,2026-05-21,11084,21,1575,0,19.7141,3.698790,3.353519,959.5000,0.05,4508441374.5
33,2026-04-22,2026-05-21,11223,21,1575,0,17.4896,2.675933,3.408684,3183.9000,0.05,4325031796.1
33,2026-04-22,2026-05-21,11430,21,1575,0,30.2339,2.052491,4.295298,4518.1000,0.05,1349895063.5
33,2026-04-22,2026-05-21,11452,21,1575,0,22.5646,0.000000,3.646344,1674.0000,0.05,2156555149.0
33,2026-04-22,2026-05-21,11457,21,1575,0,23.4413,0.000000,4.123365,317.1000,0.05,1990937770.45
33,2026-04-22,2026-05-21,11480,21,1575,0,16.9061,1.504321,2.999649,1016.4000,0.05,2526424897.85
33,2026-04-22,2026-05-21,11705,21,1575,0,21.5880,0.000000,3.759537,2634.6000,0.05,3611427046.8
33,2026-04-22,2026-05-21,11761,21,1575,0,17.9516,1.317160,3.263239,352.4500,0.05,3447258861.7749996
33,2026-04-22,2026-05-21,11777,21,1575,0,22.1461,2.902283,3.821317,775.6000,0.05,1058247989.8
34,2026-05-22,2026-06-22,15,21,1575,0,18.3429,0.000000,2.955744,7049.0000,0.05,1441533256.25
34,2026-05-22,2026-06-22,17,21,1575,0,18.3093,2.050611,3.197370,358.7500,0.05,1368944323.475
34,2026-05-22,2026-06-22,24,21,1575,0,19.0170,0.000000,3.236823,2953.2000,0.05,2370174545.55
34,2026-05-22,2026-06-22,26,21,1575,0,22.4670,0.000000,3.603410,1477.7000,0.05,2087939196.025
34,2026-05-22,2026-06-22,27,21,1575,0,14.0793,0.000000,2.827509,1812.2000,0.05,2799208867.0
34,2026-05-22,2026-06-22,28,21,1575,0,23.6028,0.000000,3.948291,230.4300,0.05,2640849298.71
34,2026-05-22,2026-06-22,68,21,1575,0,24.6145,2.579154,4.096344,7630.0000,0.05,2021798256.5
34,2026-05-22,2026-06-22,70,21,1575,0,16.0169,1.962168,3.013467,427.1500,0.05,1023884133.7
34,2026-05-22,2026-06-22,87,21,1575,0,18.0829,1.053543,3.074962,1835.9000,0.05,971788027.35
34,2026-05-22,2026-06-22,90,21,1575,0,12.1562,1.260535,2.156337,8403.5000,0.05,2695523215.5
34,2026-05-22,2026-06-22,118,21,1575,1,18.3762,2.235719,3.160790,155.2000,0.01,2106684884.6399999
34,2026-05-22,2026-06-22,120,21,1575,0,16.4333,3.395224,2.672798,2685.5000,0.05,2400283422.3
34,2026-05-22,2026-06-22,125,21,1575,0,17.8995,1.952996,2.798165,1543.8000,0.05,825218742.55
34,2026-05-22,2026-06-22,133,21,1575,0,15.8353,0.000000,2.818904,984.7000,0.05,1789656347.55
34,2026-05-22,2026-06-22,135,21,1575,0,17.7460,2.902043,2.751532,1453.3000,0.05,1223049417.6
34,2026-05-22,2026-06-22,143,21,1575,0,13.3988,1.614948,2.681108,1304.4000,0.05,7263396677.25
34,2026-05-22,2026-06-22,150,21,1575,0,14.1065,0.000000,2.415212,10270.0000,0.05,3018910629.25
34,2026-05-22,2026-06-22,153,21,1575,0,13.3487,1.441060,2.746428,1757.5000,0.05,2026465414.4499998
34,2026-05-22,2026-06-22,156,21,1575,0,15.7568,2.230361,2.885520,918.0000,0.05,6502678354.5
34,2026-05-22,2026-06-22,168,21,1575,0,20.6460,0.000000,3.168258,205.8600,0.01,1118769000.81
34,2026-05-22,2026-06-22,170,21,1575,0,15.3805,1.271445,2.888448,264.1000,0.05,2235286260.1949997
34,2026-05-22,2026-06-22,172,21,1575,0,16.8031,0.000000,2.963667,142.0800,0.01,1168635895.31
34,2026-05-22,2026-06-22,182,21,1575,0,21.1917,2.480176,3.481430,1218.5000,0.05,2083137357.0
34,2026-05-22,2026-06-22,185,21,1575,0,12.6135,0.933036,2.310071,411.3000,0.05,5713459389.6
34,2026-05-22,2026-06-22,196,21,1575,0,18.2940,0.000000,3.064480,1937.9000,0.05,1357365956.25
34,2026-05-22,2026-06-22,200,21,1575,0,11.3984,0.000000,2.126462,1830.0000,0.05,11052386461.2
34,2026-05-22,2026-06-22,201,21,1575,0,21.6433,0.000000,3.438959,404.1000,0.05,2023287192.5
34,2026-05-22,2026-06-22,206,21,1575,0,17.4066,1.548345,2.736049,417.5500,0.05,1026473201.2750001
34,2026-05-22,2026-06-22,217,21,1575,0,21.1667,3.196394,3.206609,1618.8000,0.05,788878179.8
34,2026-05-22,2026-06-22,220,21,1575,0,19.0348,0.000000,2.803010,37585.0000,0.05,857596782.5
34,2026-05-22,2026-06-22,221,21,1575,0,15.1732,1.411371,2.593674,299.0000,0.05,2433791894.1
34,2026-05-22,2026-06-22,225,21,1575,0,11.4762,2.467649,2.085109,5200.0000,0.05,1645704210.5
34,2026-05-22,2026-06-22,228,21,1575,0,21.4831,0.000000,3.502958,4026.9000,0.05,11413890679.900002
34,2026-05-22,2026-06-22,239,21,1575,0,15.5792,0.959164,2.908339,129.7900,0.01,3055358261.6400003
34,2026-05-22,2026-06-22,252,21,1575,0,18.3480,0.765898,2.930080,1223.1000,0.05,2698945813.8
34,2026-05-22,2026-06-22,267,21,1575,0,19.3126,0.000000,3.250450,919.5500,0.05,1675717285.125
34,2026-05-22,2026-06-22,273,21,1575,0,18.7440,2.646325,3.058931,1532.5000,0.05,2287711632.25
34,2026-05-22,2026-06-22,279,21,1575,0,12.8696,2.582867,2.350218,1388.3000,0.05,1837052949.5
34,2026-05-22,2026-06-22,283,21,1575,0,18.3772,0.000000,2.988309,458.5000,0.05,2361164877.475
34,2026-05-22,2026-06-22,284,21,1575,0,21.6967,0.000000,3.224944,1456.7000,0.05,1714401673.0
34,2026-05-22,2026-06-22,306,21,1575,2,22.0201,1.137804,3.271049,5710.5000,0.05,2033572490.9
34,2026-05-22,2026-06-22,311,21,1575,0,14.0882,1.966149,2.324315,428.0000,0.05,919330779.2
34,2026-05-22,2026-06-22,345,21,1575,0,15.0600,1.656765,2.523352,6678.0000,0.05,1993013790.25
34,2026-05-22,2026-06-22,346,21,1575,0,19.7529,0.000000,3.241006,11680.0000,0.05,5448978337.5
34,2026-05-22,2026-06-22,347,21,1575,0,17.3471,0.000000,3.259206,590.5000,0.05,2006166325.375
34,2026-05-22,2026-06-22,356,21,1575,0,12.9997,2.186221,2.397007,1278.2000,0.05,1850087653.1
34,2026-05-22,2026-06-22,368,21,1575,0,13.9326,0.000000,2.553880,7253.0000,0.05,2980855751.25
34,2026-05-22,2026-06-22,409,21,1575,0,16.1823,2.741153,3.027320,305.6500,0.05,1763543396.45
34,2026-05-22,2026-06-22,423,21,1575,0,17.1982,1.911926,2.948143,962.5000,0.05,1531761967.025
34,2026-05-22,2026-06-22,430,21,1575,0,16.7518,1.132398,2.728698,168.0300,0.01,1685985873.595
34,2026-05-22,2026-06-22,465,21,1575,0,21.7599,0.000000,3.201895,2184.1000,0.05,1284106063.5
34,2026-05-22,2026-06-22,477,21,1575,0,16.6094,2.378340,2.989778,2260.8000,0.05,1174604393.45
34,2026-05-22,2026-06-22,479,21,1575,0,14.7918,2.229390,2.626422,1016.9000,0.05,1364841669.925
34,2026-05-22,2026-06-22,481,21,1575,0,18.7340,0.000000,3.199170,1749.7000,0.05,1443114444.7
34,2026-05-22,2026-06-22,496,21,1575,0,13.0216,1.415733,2.424665,3126.5000,0.05,1670272281.25
34,2026-05-22,2026-06-22,524,21,1575,0,16.5015,1.485301,2.758681,4275.3000,0.05,4841341183.200001
34,2026-05-22,2026-06-22,529,21,1575,0,14.6619,1.577939,2.377817,1177.6000,0.05,1069160080.8
34,2026-05-22,2026-06-22,534,21,1575,0,13.4657,1.663678,2.757015,1159.2000,0.05,3851133627.95
34,2026-05-22,2026-06-22,536,21,1575,0,18.2267,0.000000,2.787199,2617.0000,0.05,2190786122.5
34,2026-05-22,2026-06-22,537,21,1575,0,12.7427,1.093378,2.522736,759.0000,0.05,19930396900.975
34,2026-05-22,2026-06-22,538,21,1575,0,14.0648,0.000000,2.371229,580.6500,0.05,1848462188.1
34,2026-05-22,2026-06-22,546,21,1575,0,14.4900,2.077297,2.660301,4960.5000,0.05,2815174520.75
34,2026-05-22,2026-06-22,556,21,1575,0,16.8817,0.000000,3.028074,1072.1000,0.05,3955616900.45
34,2026-05-22,2026-06-22,562,21,1575,2,16.4499,1.604237,3.052036,370.6000,0.05,1990391089.125
34,2026-05-22,2026-06-22,563,21,1575,0,13.2589,1.616371,2.483419,2177.0000,0.05,3371496306.6
34,2026-05-22,2026-06-22,564,21,1575,0,18.4557,2.019013,2.875140,570.5000,0.05,2828762498.95
34,2026-05-22,2026-06-22,590,21,1575,0,12.2164,1.500357,2.474712,1283.0000,0.05,15770596715.65
34,2026-05-22,2026-06-22,593,21,1575,0,16.2290,0.774350,2.626415,1771.7000,0.05,1044594335.85
34,2026-05-22,2026-06-22,609,21,1575,0,21.6005,0.000000,4.254431,14.5400,0.01,5620250878.04
34,2026-05-22,2026-06-22,611,21,1575,0,16.8617,1.556467,3.065256,72.4400,0.01,1634628167.325
34,2026-05-22,2026-06-22,612,21,1575,0,14.5618,1.233121,2.676283,124.0500,0.01,855225696.4649999
34,2026-05-22,2026-06-22,627,21,1575,0,15.2622,0.358399,2.818499,662.0000,0.05,1793470476.4
34,2026-05-22,2026-06-22,631,21,1575,0,17.7844,1.946245,3.100861,828.9000,0.05,1406624745.0
34,2026-05-22,2026-06-22,634,21,1575,0,16.3809,2.371680,2.862086,4513.4000,0.05,5034725141.05
34,2026-05-22,2026-06-22,647,21,1575,0,15.3635,2.288526,3.136929,916.2500,0.05,2636015515.7
34,2026-05-22,2026-06-22,653,21,1575,0,15.6642,0.576987,2.700034,1150.3000,0.05,12126072514.5
34,2026-05-22,2026-06-22,656,21,1575,0,26.8395,0.000000,3.973004,89.2400,0.01,929241747.025
34,2026-05-22,2026-06-22,663,21,1575,0,13.0157,2.082242,2.545287,140.0300,0.01,1729543448.92
34,2026-05-22,2026-06-22,672,21,1575,0,9.7849,1.600346,2.206909,287.6500,0.05,5130098108.1
34,2026-05-22,2026-06-22,698,21,1575,0,15.7269,1.854365,2.822657,1168.6000,0.05,1403021311.5
34,2026-05-22,2026-06-22,720,21,1575,0,19.6674,0.000000,3.248149,573.9000,0.05,1197085647.8
34,2026-05-22,2026-06-22,722,21,1575,0,13.0626,2.177895,2.746188,1289.5000,0.05,1719368906.85
34,2026-05-22,2026-06-22,725,21,1575,0,18.3472,3.018438,3.247876,425.8500,0.05,852493437.4
34,2026-05-22,2026-06-22,750,21,1575,0,19.7011,1.902509,3.186368,5311.8000,0.05,1089761373.9
34,2026-05-22,2026-06-22,771,21,1575,0,13.5901,1.996379,2.909376,389.1500,0.05,6246842526.45
34,2026-05-22,2026-06-22,780,21,1575,0,20.2542,0.000000,3.503524,760.7500,0.05,950645962.675
34,2026-05-22,2026-06-22,798,21,1575,0,17.0315,0.000000,2.505553,1389.1000,0.05,1532424186.15
34,2026-05-22,2026-06-22,818,21,1575,0,12.2947,0.637678,2.407868,4020.3000,0.05,6838214935.8
34,2026-05-22,2026-06-22,823,21,1575,0,12.5049,2.086751,2.251582,2271.0000,0.05,1824539628.85
34,2026-05-22,2026-06-22,827,21,1575,0,15.0497,0.000000,2.678487,3078.0000,0.05,7560259827.65
34,2026-05-22,2026-06-22,838,21,1575,0,18.5140,2.161982,3.473761,80.9500,0.01,886506360.27
34,2026-05-22,2026-06-22,853,21,1575,0,20.2970,0.000000,3.238794,318.1000,0.05,1013584947.85
34,2026-05-22,2026-06-22,863,21,1575,0,13.9419,1.295894,2.410264,815.5000,0.05,1249653173.275
34,2026-05-22,2026-06-22,865,21,1575,0,14.0735,1.643865,2.370412,13179.0000,0.05,5108273453.0
34,2026-05-22,2026-06-22,878,21,1575,0,22.5473,0.000000,3.792723,2854.9000,0.05,5703766628.5
34,2026-05-22,2026-06-22,886,21,1575,0,19.4676,1.557396,3.039221,1623.5000,0.05,1047452433.55
34,2026-05-22,2026-06-22,910,21,1575,0,18.9976,3.069342,3.425927,2245.7000,0.05,1168246405.2
34,2026-05-22,2026-06-22,925,21,1575,0,18.7928,0.963687,2.835108,3178.1000,0.05,1677320881.35
34,2026-05-22,2026-06-22,938,21,1575,0,21.1599,0.000000,3.263765,384.8000,0.05,2400397383.55
34,2026-05-22,2026-06-22,939,21,1575,0,24.4015,0.000000,3.806530,993.4500,0.05,1489180897.1999998
34,2026-05-22,2026-06-22,943,21,1575,0,25.9768,0.000000,3.592003,104.1700,0.01,982378433.955
34,2026-05-22,2026-06-22,956,21,1575,0,15.7666,0.000000,2.396027,1406.7000,0.05,1356064375.45
34,2026-05-22,2026-06-22,970,21,1575,0,16.5769,2.006708,2.777774,75.2000,0.01,923414241.04
34,2026-05-22,2026-06-22,982,21,1575,0,18.5398,1.405906,3.270561,89.7800,0.01,1610045533.7199998
34,2026-05-22,2026-06-22,990,21,1575,0,14.4357,0.969788,2.626192,365.2500,0.05,3164693672.9
34,2026-05-22,2026-06-22,994,21,1575,0,19.0174,1.783685,3.044819,1669.5000,0.05,756517654.95
34,2026-05-22,2026-06-22,996,21,1575,0,20.4758,0.000000,3.387494,9702.5000,0.05,1032335536.0
34,2026-05-22,2026-06-22,997,21,1575,0,18.1668,0.000000,2.722338,479.7500,0.05,1017107129.675
34,2026-05-22,2026-06-22,1007,21,1575,0,14.5892,1.478351,2.462089,263.7500,0.05,2516712340.365
34,2026-05-22,2026-06-22,1049,21,1575,0,18.9638,0.701612,3.429944,5036.5000,0.05,2475746005.75
34,2026-05-22,2026-06-22,1051,21,1575,0,17.6888,1.952277,2.949492,430.0500,0.05,2204227656.1000004
34,2026-05-22,2026-06-22,1055,21,1575,0,27.1010,0.000000,4.149658,477.3000,0.05,1270564777.025
34,2026-05-22,2026-06-22,1061,21,1575,0,14.3694,1.952721,2.522787,1481.5000,0.05,799780018.5
34,2026-05-22,2026-06-22,1068,21,1575,0,13.9550,0.000000,2.686612,103.7500,0.01,1860265197.12
34,2026-05-22,2026-06-22,1070,21,1575,0,18.8489,0.000000,3.041541,1003.4000,0.05,919009316.7
34,2026-05-22,2026-06-22,1076,21,1575,0,15.2861,0.000000,2.498208,9592.5000,0.05,2012379552.0
34,2026-05-22,2026-06-22,1080,21,1575,0,13.2928,1.489082,2.427045,287.4000,0.05,3094727551.7
34,2026-05-22,2026-06-22,1095,21,1575,0,22.4299,0.000000,3.830852,1390.2000,0.05,1020954903.2
34,2026-05-22,2026-06-22,1113,21,1575,0,18.1041,0.000000,2.617370,3534.1000,0.05,794051736.2
34,2026-05-22,2026-06-22,1132,21,1575,0,20.1290,1.688617,3.554098,352.6500,0.05,1757169839.85
34,2026-05-22,2026-06-22,1135,21,1575,0,15.1325,1.422235,2.640664,342.9500,0.05,2260327681.75
34,2026-05-22,2026-06-22,1140,21,1575,0,12.3767,1.536061,2.331153,1321.4000,0.05,15686202679.3
34,2026-05-22,2026-06-22,1173,21,1575,0,18.1936,1.876117,3.066804,241.7400,0.05,1772294895.6
34,2026-05-22,2026-06-22,1179,21,1575,0,20.2856,0.000000,3.348643,186.0200,0.01,2203689656.645
34,2026-05-22,2026-06-22,1206,21,1575,0,13.8766,1.699379,2.535466,610.8500,0.05,785967793.8
34,2026-05-22,2026-06-22,1208,21,1575,0,13.9812,1.205927,2.377474,1789.6000,0.05,1660334047.3
34,2026-05-22,2026-06-22,1209,21,1575,0,12.1145,1.030055,2.424454,984.5000,0.05,10232908751.425
34,2026-05-22,2026-06-22,1261,21,1575,0,23.8823,1.705685,3.627202,3690.0000,0.05,1139430891.95
34,2026-05-22,2026-06-22,1283,21,1575,0,19.6616,2.602699,2.999050,18221.0000,0.05,1792432860.0
34,2026-05-22,2026-06-22,1305,21,1575,0,15.4411,0.000000,2.542949,2710.0000,0.05,1187994255.9
34,2026-05-22,2026-06-22,1334,21,1575,0,12.8725,1.516373,2.371991,1804.4000,0.05,3699696117.8
34,2026-05-22,2026-06-22,1341,21,1575,0,16.6050,2.775480,2.816671,3553.4000,0.05,768379172.1
34,2026-05-22,2026-06-22,1349,21,1575,0,24.1868,0.000000,3.384375,55.0700,0.01,3088101894.19
34,2026-05-22,2026-06-22,1366,21,1575,0,14.0097,1.289596,2.584037,1130.3000,0.05,1223186085.25
34,2026-05-22,2026-06-22,1367,21,1575,0,15.4334,0.000000,2.684400,4260.9000,0.05,901486762.8
34,2026-05-22,2026-06-22,1372,21,1575,0,13.8066,0.633296,2.680580,406.3500,0.05,1827189952.1
34,2026-05-22,2026-06-22,1373,21,1575,0,14.3707,0.000000,2.514694,203.8300,0.01,4254409406.04
34,2026-05-22,2026-06-22,1383,21,1575,0,13.8111,0.000000,2.396486,2213.2000,0.05,8578132391.15
34,2026-05-22,2026-06-22,1386,21,1575,0,16.4343,0.000000,2.894926,1427.2000,0.05,2542297794.2
34,2026-05-22,2026-06-22,1406,21,1575,0,20.5362,0.000000,2.907134,3122.6000,0.05,771911415.45
34,2026-05-22,2026-06-22,1415,21,1575,0,14.5685,0.940587,2.633706,4137.3000,0.05,2916469918.3
34,2026-05-22,2026-06-22,1420,21,1575,0,16.4544,0.120478,2.817181,4455.3000,0.05,1070192065.65
34,2026-05-22,2026-06-22,1438,21,1575,0,16.7055,2.603095,3.199297,3401.9000,0.05,2328856988.85
34,2026-05-22,2026-06-22,1451,21,1575,0,12.4729,2.408261,2.350258,11116.0000,0.05,2751551665.0
34,2026-05-22,2026-06-22,1455,21,1575,0,17.7185,0.795441,3.120384,163.0900,0.01,1754688365.3899999
34,2026-05-22,2026-06-22,1461,21,1575,0,15.0454,2.213134,2.576570,628.4000,0.05,1368664543.1750002
34,2026-05-22,2026-06-22,1480,21,1575,0,18.5982,2.443937,3.152296,531.8000,0.05,2453891443.1499996
34,2026-05-22,2026-06-22,1481,21,1575,0,20.7800,0.000000,3.423019,309.5500,0.05,5858550949.95
34,2026-05-22,2026-06-22,1510,21,1575,0,19.8405,0.000000,3.341288,1289.0000,0.05,1329234035.0
34,2026-05-22,2026-06-22,1532,21,1575,0,14.0730,0.000000,2.570391,185.4400,0.01,2292412758.9700003
34,2026-05-22,2026-06-22,1539,21,1575,0,19.9066,0.000000,3.382369,23.0300,0.01,1739690335.58
34,2026-05-22,2026-06-22,9424,21,1575,0,16.1922,0.000000,2.591681,4116.0000,0.05,1533717693.55
34,2026-05-22,2026-06-22,9428,21,1575,0,23.2150,0.000000,3.535844,1059.5000,0.05,1065191275.4000001
34,2026-05-22,2026-06-22,9486,21,1575,0,21.1376,0.000000,3.411111,143.0900,0.01,1744105121.52
34,2026-05-22,2026-06-22,9621,21,1575,0,13.8620,0.897277,2.572157,239.1100,0.05,3533363266.8
34,2026-05-22,2026-06-22,9728,21,1575,0,25.9345,2.076078,3.729417,35525.0000,0.05,2611264596.0
34,2026-05-22,2026-06-22,9752,21,1575,0,23.4490,0.000000,3.613030,1092.1000,0.05,3343318291.825
34,2026-05-22,2026-06-22,9754,21,1575,0,12.9436,1.095733,2.489232,97.6000,0.01,1225564461.175
34,2026-05-22,2026-06-22,9873,21,1575,0,31.0724,0.000000,4.780587,988.5500,0.05,1249401946.475
34,2026-05-22,2026-06-22,9882,21,1575,0,16.9919,2.356850,2.964919,411.0000,0.05,2300976229.975
34,2026-05-22,2026-06-22,9891,21,1575,0,26.9463,0.000000,4.279442,1507.0000,0.05,1365472708.5
34,2026-05-22,2026-06-22,9936,21,1575,0,17.1097,1.665003,2.620320,2386.6000,0.05,935017209.7
34,2026-05-22,2026-06-22,9962,21,1575,0,17.5183,2.338783,3.185232,40.2700,0.01,1028782473.135
34,2026-05-22,2026-06-22,9973,21,1575,0,20.8822,1.567985,3.709369,1428.5000,0.05,2877914349.7
34,2026-05-22,2026-06-22,9983,21,1575,0,18.8190,0.000000,2.955448,601.0000,0.05,884325155.675
34,2026-05-22,2026-06-22,10023,21,1575,0,22.4505,1.923340,4.078153,253.1000,0.05,3486071633.225
34,2026-05-22,2026-06-22,10038,21,1575,1,18.3701,0.870478,2.867931,449.1500,0.05,942997963.45
34,2026-05-22,2026-06-22,10052,21,1575,0,20.6956,1.994363,3.796772,3178.2000,0.05,4083258720.75
34,2026-05-22,2026-06-22,10071,21,1575,0,21.6269,1.993359,3.416293,268.1500,0.05,1081520192.995
34,2026-05-22,2026-06-22,10140,21,1575,0,20.9959,0.000000,2.931844,1916.0000,0.05,1514318130.2
34,2026-05-22,2026-06-22,10160,21,1575,0,19.4926,0.000000,3.318330,251.4000,0.05,9046999807.475
34,2026-05-22,2026-06-22,10188,21,1575,0,21.9638,0.000000,3.537978,903.0000,0.05,1330719686.5
34,2026-05-22,2026-06-22,10351,21,1575,0,19.3303,3.209130,3.170674,1111.4000,0.05,758304729.3
34,2026-05-22,2026-06-22,10361,21,1575,0,18.2151,0.000000,3.356080,275.0000,0.05,1361649231.52
34,2026-05-22,2026-06-22,10399,21,1575,0,13.9474,1.809963,2.268637,1273.4000,0.05,1169296069.0
34,2026-05-22,2026-06-22,10431,21,1575,1,23.1336,0.000000,3.747480,356.7500,0.05,1528117831.075
34,2026-05-22,2026-06-22,10587,21,1575,0,16.9272,1.658381,2.976189,125.8200,0.01,974649327.45
34,2026-05-22,2026-06-22,10627,21,1575,0,20.3106,1.724037,3.266450,1093.8000,0.05,849907711.9
34,2026-05-22,2026-06-22,10687,21,1575,0,19.8102,0.000000,3.128718,101.9200,0.01,1046321167.1500001
34,2026-05-22,2026-06-22,10691,21,1575,0,18.4519,1.545562,3.260372,118.9400,0.01,1371249184.525
34,2026-05-22,2026-06-22,10694,21,1575,0,19.9351,1.117386,3.400890,847.8500,0.05,921062734.4
34,2026-05-22,2026-06-22,10840,21,1575,0,16.7797,0.000000,3.128246,426.4500,0.05,855837157.425
34,2026-05-22,2026-06-22,11084,21,1575,0,16.6685,1.296358,2.986307,940.7000,0.05,4591208494.924999
34,2026-05-22,2026-06-22,11223,21,1575,0,16.7672,0.000000,2.763137,3062.7000,0.05,4205854216.8
34,2026-05-22,2026-06-22,11430,21,1575,0,33.7652,3.657285,4.136197,4904.0000,0.05,1583004835.05
34,2026-05-22,2026-06-22,11452,21,1575,0,22.2061,3.088947,3.576214,1612.4000,0.05,2228971237.8
34,2026-05-22,2026-06-22,11457,21,1575,0,23.4322,0.000000,3.978247,340.9000,0.05,1974797578.15
34,2026-05-22,2026-06-22,11480,21,1575,0,17.8159,0.000000,2.869622,1006.7000,0.05,2467314359.25
34,2026-05-22,2026-06-22,11705,21,1575,0,17.3979,1.846117,3.117116,2453.3000,0.05,3420410799.05
34,2026-05-22,2026-06-22,11761,21,1575,0,20.3134,0.000000,3.055155,386.6000,0.05,3442072627.75
34,2026-05-22,2026-06-22,11777,21,1575,0,19.2598,0.000000,3.522592,769.8000,0.05,1038353108.05
35,2026-06-23,2026-07-22,15,21,1575,0,24.8287,0.000000,3.004225,7010.5000,0.05,1577880037.5
35,2026-06-23,2026-07-22,17,21,1575,0,16.4997,1.934298,3.028283,399.7500,0.05,1335216104.6
35,2026-06-23,2026-07-22,24,21,1575,0,17.5834,0.000000,3.000992,3154.5000,0.05,2541548857.6
35,2026-06-23,2026-07-22,26,21,1575,0,21.5662,0.000000,3.614007,1533.0000,0.05,2144718553.6
35,2026-06-23,2026-07-22,27,21,1575,0,14.0702,0.000000,2.693084,1831.0000,0.05,2892813224.4
35,2026-06-23,2026-07-22,28,21,1575,0,19.7059,0.000000,3.475067,221.1400,0.01,3263745128.95
35,2026-06-23,2026-07-22,68,21,1575,0,18.9686,0.000000,2.967115,7671.5000,0.05,2179532079.0
35,2026-06-23,2026-07-22,70,21,1575,0,16.0779,1.682878,2.783791,432.3500,0.05,1067745469.9
35,2026-06-23,2026-07-22,87,21,1575,0,14.7772,2.952618,2.580934,1810.8000,0.05,1002274312.0
35,2026-06-23,2026-07-22,90,21,1575,0,10.8614,1.829419,1.970543,8832.0000,0.05,2716491654.0
35,2026-06-23,2026-07-22,118,21,1575,0,18.0560,0.000000,2.582244,157.1200,0.01,2399028598.05
35,2026-06-23,2026-07-22,120,21,1575,0,12.3721,1.887065,2.256068,2682.8000,0.05,2437875615.6
35,2026-06-23,2026-07-22,125,21,1575,0,17.2679,0.000000,3.153019,1364.1000,0.05,804105033.6
35,2026-06-23,2026-07-22,133,21,1575,0,16.0540,2.356536,2.800030,1043.1000,0.05,1749214679.55
35,2026-06-23,2026-07-22,135,21,1575,0,15.8571,2.945160,2.713160,1559.1000,0.05,1258120886.4
35,2026-06-23,2026-07-22,143,21,1575,0,14.4519,0.000000,2.666991,1333.0000,0.05,7434242477.4
35,2026-06-23,2026-07-22,150,21,1575,0,15.2495,0.310073,2.588465,10145.5000,0.05,3016236970.5
35,2026-06-23,2026-07-22,153,21,1575,0,14.4802,1.136054,2.843219,1861.2000,0.05,1919857244.0
35,2026-06-23,2026-07-22,156,21,1575,0,14.9509,1.648027,2.709423,1019.7000,0.05,6487314009.0
35,2026-06-23,2026-07-22,168,21,1575,2,25.2383,3.184182,3.460789,206.5900,0.01,1180901312.36
35,2026-06-23,2026-07-22,170,21,1575,0,16.1535,2.023694,2.678944,250.5000,0.05,2312988064.65
35,2026-06-23,2026-07-22,172,21,1575,0,17.1793,0.000000,2.803112,143.4500,0.01,1159166531.76
35,2026-06-23,2026-07-22,182,21,1575,0,20.0684,0.000000,3.389496,1349.9000,0.05,1853487328.0
35,2026-06-23,2026-07-22,185,21,1575,0,11.8107,1.227664,2.158948,411.1000,0.05,5272119630.0
35,2026-06-23,2026-07-22,196,21,1575,0,19.7216,0.000000,2.927353,2133.5000,0.05,1428841230.0
35,2026-06-23,2026-07-22,200,21,1575,0,11.4094,1.565003,2.182360,1914.3000,0.05,11189487502.5
35,2026-06-23,2026-07-22,201,21,1575,0,25.6257,0.624524,3.873609,405.5000,0.05,2216987936.45
35,2026-06-23,2026-07-22,206,21,1575,0,19.0470,1.704178,3.118852,422.5000,0.05,1037243437.7
35,2026-06-23,2026-07-22,217,21,1575,0,17.9231,1.236753,3.043704,1651.6000,0.05,744022189.8
35,2026-06-23,2026-07-22,220,21,1575,1,13.8619,2.189365,2.220608,41160.0000,0.05,924585360.0
35,2026-06-23,2026-07-22,221,21,1575,0,14.8683,0.000000,2.319456,309.7000,0.05,2532054167.75
35,2026-06-23,2026-07-22,225,21,1575,0,12.7412,2.060813,2.232751,5348.0000,0.05,1644145750.5
35,2026-06-23,2026-07-22,228,21,1575,0,18.1116,0.000000,3.204378,3796.4000,0.05,11200626497.4
35,2026-06-23,2026-07-22,239,21,1575,0,15.3929,0.000000,2.653459,126.7400,0.01,3100440491.15
35,2026-06-23,2026-07-22,252,21,1575,0,15.9979,0.000000,2.867758,1354.4000,0.05,2511874390.0
35,2026-06-23,2026-07-22,267,21,1575,0,18.1277,0.000000,3.227818,918.8000,0.05,1854046060.8
35,2026-06-23,2026-07-22,273,21,1575,0,15.8416,1.696576,2.794536,1796.6000,0.05,2271711813.9
35,2026-06-23,2026-07-22,279,21,1575,0,12.9998,1.086437,2.298105,1446.1000,0.05,1857450939.6
35,2026-06-23,2026-07-22,283,21,1575,0,11.3010,1.197834,2.117824,431.6500,0.05,2431899559.05
35,2026-06-23,2026-07-22,284,21,1575,0,17.4671,1.859316,3.172590,1425.1000,0.05,1606922510.1
35,2026-06-23,2026-07-22,306,21,1575,0,15.7110,1.534746,2.780855,5569.5000,0.05,2104238393.4
35,2026-06-23,2026-07-22,311,21,1575,0,14.7630,0.000000,2.555826,433.0500,0.05,883606402.25
35,2026-06-23,2026-07-22,345,21,1575,0,13.5217,1.774577,2.328221,6811.5000,0.05,1982527218.0
35,2026-06-23,2026-07-22,346,21,1575,0,20.8624,0.000000,3.401940,13254.0000,0.05,5538092584.0
35,2026-06-23,2026-07-22,347,21,1575,0,18.6351,0.000000,3.138754,655.7500,0.05,1943921070.0
35,2026-06-23,2026-07-22,356,21,1575,0,17.3763,3.151726,3.074854,1308.1000,0.05,1821349643.4
35,2026-06-23,2026-07-22,368,21,1575,0,14.4558,0.000000,2.462537,7421.0000,0.05,3108783489.0
35,2026-06-23,2026-07-22,409,21,1575,0,15.5050,0.000000,2.686854,329.4000,0.05,1791568579.88
35,2026-06-23,2026-07-22,423,21,1575,0,14.9207,2.133359,2.502196,961.8000,0.05,1536200417.8
35,2026-06-23,2026-07-22,430,21,1575,0,13.3936,2.470137,2.585399,173.6800,0.01,1584457378.29
35,2026-06-23,2026-07-22,465,21,1575,0,15.7267,0.000000,2.673007,2235.5000,0.05,1226462750.4
35,2026-06-23,2026-07-22,477,21,1575,0,15.3182,0.000000,2.590455,2133.7000,0.05,1205239212.0
35,2026-06-23,2026-07-22,479,21,1575,0,15.0065,0.649100,2.569119,1061.7000,0.05,1368628243.2
35,2026-06-23,2026-07-22,481,21,1575,0,18.3070,1.497745,3.504197,2036.9000,0.05,1354140884.0
35,2026-06-23,2026-07-22,496,21,1575,0,13.1992,1.949850,2.376818,3145.3000,0.05,1690046838.2
35,2026-06-23,2026-07-22,524,21,1575,0,14.8792,0.477800,2.496551,4441.1000,0.05,4539548669.7
35,2026-06-23,2026-07-22,529,21,1575,0,17.7120,0.000000,2.820759,1185.6000,0.05,1040124976.0
35,2026-06-23,2026-07-22,534,21,1575,0,16.8924,1.141718,3.122946,1157.0000,0.05,3813799007.2
35,2026-06-23,2026-07-22,536,21,1575,0,18.2747,0.000000,2.657318,2684.9000,0.05,2256036839.0
35,2026-06-23,2026-07-22,537,21,1575,0,10.8314,0.000000,2.223485,803.2500,0.05,21164540564.0
35,2026-06-23,2026-07-22,538,21,1575,0,13.8914,0.000000,2.429242,569.0500,0.05,1821393737.7
35,2026-06-23,2026-07-22,546,21,1575,0,14.1929,0.967738,2.527651,4915.4000,0.05,2837828421.4
35,2026-06-23,2026-07-22,556,21,1575,0,13.8769,2.024012,2.591409,962.8500,0.05,4274238741.0
35,2026-06-23,2026-07-22,562,21,1575,0,15.8602,1.457030,2.699198,378.2500,0.05,2019829138.0
35,2026-06-23,2026-07-22,563,21,1575,0,11.8970,0.055943,2.407972,2153.6000,0.05,3311638232.4
35,2026-06-23,2026-07-22,564,21,1575,0,14.5209,2.418945,2.620327,531.0500,0.05,2644013472.0
35,2026-06-23,2026-07-22,590,21,1575,0,11.0768,0.000000,2.320099,1404.5000,0.05,16612683000.0
35,2026-06-23,2026-07-22,593,21,1575,2,19.0095,0.546452,2.898938,1773.0000,0.05,987721742.7
35,2026-06-23,2026-07-22,609,21,1575,0,20.3599,4.371417,4.049485,14.0800,0.01,6171984204.0
35,2026-06-23,2026-07-22,611,21,1575,0,14.0115,0.721182,2.811894,79.6100,0.01,1676519466.72
35,2026-06-23,2026-07-22,627,21,1575,0,15.2040,2.225113,2.604665,728.4000,0.05,1763690124.0
35,2026-06-23,2026-07-22,631,21,1575,0,19.1172,0.000000,3.062995,826.6000,0.05,1447618878.75
35,2026-06-23,2026-07-22,634,21,1575,0,15.0718,2.257199,2.694520,5278.0000,0.05,4845361925.0
35,2026-06-23,2026-07-22,647,21,1575,0,17.3887,2.120180,3.107069,1007.4500,0.05,2533714022.4
35,2026-06-23,2026-07-22,653,21,1575,0,16.0560,1.919492,3.154748,1058.7000,0.05,12162205260.4
35,2026-06-23,2026-07-22,656,21,1575,0,16.9550,1.991907,2.941108,84.9600,0.01,927561438.25
35,2026-06-23,2026-07-22,663,21,1575,0,13.0242,0.000000,2.210464,141.3400,0.01,1738644668.64
35,2026-06-23,2026-07-22,672,21,1575,0,8.9560,1.481098,2.147241,283.7000,0.05,4964726865.0
35,2026-06-23,2026-07-22,698,21,1575,0,15.8556,2.132702,2.884552,1043.9000,0.05,1399287372.0
35,2026-06-23,2026-07-22,720,21,1575,0,17.6878,2.300888,3.236912,558.5000,0.05,1260329739.0
35,2026-06-23,2026-07-22,722,21,1575,0,13.0536,2.768362,2.615493,1235.5000,0.05,1692148726.8
35,2026-06-23,2026-07-22,725,21,1575,0,18.3018,0.000000,2.736157,427.2500,0.05,861016416.05
35,2026-06-23,2026-07-22,750,21,1575,0,22.1982,0.000000,3.428203,5129.5000,0.05,1144353527.6
35,2026-06-23,2026-07-22,771,21,1575,0,13.4746,0.986169,2.715046,383.0500,0.05,6026663987.4
35,2026-06-23,2026-07-22,780,21,1575,4,26.1925,3.943266,3.951906,561.2000,0.05,926276738.0
35,2026-06-23,2026-07-22,798,21,1575,0,17.9178,0.000000,2.710653,1524.8000,0.05,1664975678.55
35,2026-06-23,2026-07-22,818,21,1575,0,10.9929,1.111784,2.119311,3970.5000,0.05,6915804800.4
35,2026-06-23,2026-07-22,823,21,1575,0,13.1038,0.930604,2.231603,2470.0000,0.05,1807060139.5
35,2026-06-23,2026-07-22,827,21,1575,0,13.0393,1.728795,2.555412,3137.2000,0.05,7715839118.4
35,2026-06-23,2026-07-22,838,21,1575,0,22.4655,3.146163,3.614050,83.5200,0.01,943040880.32
35,2026-06-23,2026-07-22,853,21,1575,0,20.7617,1.745040,3.502333,328.9500,0.05,963648265.35
35,2026-06-23,2026-07-22,863,21,1575,0,12.9917,1.609032,2.497467,845.3000,0.05,1263938814.5
35,2026-06-23,2026-07-22,865,21,1575,0,14.2009,0.000000,2.489588,13774.0000,0.05,5249987619.0
35,2026-06-23,2026-07-22,878,21,1575,0,20.9500,0.273980,3.740911,2825.7000,0.05,6009864710.4
35,2026-06-23,2026-07-22,886,21,1575,0,18.0457,1.907666,2.957660,1594.1000,0.05,1012430904.0
35,2026-06-23,2026-07-22,910,21,1575,0,19.6142,0.987811,3.380661,2274.7000,0.05,1149937774.6
35,2026-06-23,2026-07-22,925,21,1575,0,16.9458,1.642889,2.920310,3051.3000,0.05,1689214867.4
35,2026-06-23,2026-07-22,935,21,1575,0,20.8347,2.463623,3.518376,1186.2000,0.05,671614826.05
35,2026-06-23,2026-07-22,938,21,1575,0,18.1445,2.005991,2.847778,346.7500,0.05,2792358479.75
35,2026-06-23,2026-07-22,939,21,1575,0,21.7618,2.477807,3.775444,1180.9000,0.05,1491983481.6
35,2026-06-23,2026-07-22,943,21,1575,0,17.5359,0.000000,2.833316,99.3300,0.01,988380487.35
35,2026-06-23,2026-07-22,956,21,1575,0,14.7660,1.436070,2.478544,1442.3000,0.05,1362787218.0
35,2026-06-23,2026-07-22,970,21,1575,0,14.9173,0.329277,2.460797,79.5000,0.01,931397030.13
35,2026-06-23,2026-07-22,982,21,1575,0,14.1759,2.260574,2.571769,84.6700,0.01,1650968452.98
35,2026-06-23,2026-07-22,990,21,1575,0,12.2857,1.962009,2.566980,351.0000,0.05,3287806476.0
35,2026-06-23,2026-07-22,996,21,1575,0,23.5469,0.000000,3.808850,11152.0000,0.05,1061242728.0
35,2026-06-23,2026-07-22,997,21,1575,0,15.9345,2.225776,2.524871,424.5000,0.05,1053846265.95
35,2026-06-23,2026-07-22,1007,21,1575,0,13.9422,0.000000,2.109329,244.5000,0.05,2607797952.6
35,2026-06-23,2026-07-22,1049,21,1575,1,20.1518,3.184310,3.676453,4881.0000,0.05,2479340123.1
35,2026-06-23,2026-07-22,1050,21,1575,1,13.4502,2.377262,2.560574,277.7000,0.05,602099129.52
35,2026-06-23,2026-07-22,1051,21,1575,0,14.3344,0.637018,2.567034,414.2000,0.05,2270971057.5
35,2026-06-23,2026-07-22,1055,21,1575,0,21.8685,0.000000,3.618278,577.3500,0.05,1297864248.5
35,2026-06-23,2026-07-22,1061,21,1575,0,13.3551,1.684748,2.099401,1586.9000,0.05,828697072.1
35,2026-06-23,2026-07-22,1068,21,1575,0,13.9887,0.000000,2.496527,106.0600,0.01,1818964227.08
35,2026-06-23,2026-07-22,1070,21,1575,0,20.4069,1.182660,3.314699,1083.4000,0.05,894977008.0
35,2026-06-23,2026-07-22,1076,21,1575,0,18.8822,0.000000,2.890133,9459.0000,0.05,2119508480.0
35,2026-06-23,2026-07-22,1080,21,1575,0,11.2724,1.963015,2.210565,285.8000,0.05,3049939497.2
35,2026-06-23,2026-07-22,1095,21,1575,0,21.1916,2.284218,4.118496,1669.6000,0.05,1014323504.4
35,2026-06-23,2026-07-22,1113,21,1575,0,16.5291,2.643431,2.613023,4065.3000,0.05,805263828.5
35,2026-06-23,2026-07-22,1132,21,1575,0,18.3723,0.000000,3.425367,367.3500,0.05,1741752187.2
35,2026-06-23,2026-07-22,1135,21,1575,0,13.7856,1.330622,2.530659,360.3500,0.05,2175174046.5
35,2026-06-23,2026-07-22,1140,21,1575,0,10.7982,0.000000,2.175488,1304.4000,0.05,16567384818.0
35,2026-06-23,2026-07-22,1173,21,1575,0,12.8809,0.000000,2.486059,232.0400,0.05,1722826598.85
35,2026-06-23,2026-07-22,1179,21,1575,0,18.2912,1.473795,2.926579,166.8000,0.01,2453269468.44
35,2026-06-23,2026-07-22,1206,21,1575,0,18.9349,0.000000,2.914177,609.3000,0.05,751345462.4
35,2026-06-23,2026-07-22,1208,21,1575,0,13.5294,0.000000,2.354593,1808.4000,0.05,1633392583.8
35,2026-06-23,2026-07-22,1209,21,1575,0,12.6463,0.000000,2.532933,1037.5500,0.05,11179274868.0
35,2026-06-23,2026-07-22,1261,21,1575,0,23.5962,0.000000,3.054285,3585.8000,0.05,1156623052.2
35,2026-06-23,2026-07-22,1283,21,1575,0,21.0116,0.000000,3.185597,18312.0000,0.05,1786256827.0
35,2026-06-23,2026-07-22,1305,21,1575,0,18.8192,1.199655,3.037079,2780.0000,0.05,1182325127.7
35,2026-06-23,2026-07-22,1334,21,1575,0,11.6622,0.000000,2.398242,1913.3000,0.05,3644663211.0
35,2026-06-23,2026-07-22,1341,21,1575,0,17.7980,2.662990,2.794984,3330.0000,0.05,723024394.4
35,2026-06-23,2026-07-22,1349,21,1575,0,16.6295,0.000000,2.724054,54.2000,0.01,3084972912.08
35,2026-06-23,2026-07-22,1366,21,1575,0,14.6693,1.940023,2.657729,1099.0000,0.05,1268745441.6
35,2026-06-23,2026-07-22,1367,21,1575,0,15.8320,0.000000,3.102748,3676.1000,0.05,893731866.0
35,2026-06-23,2026-07-22,1372,21,1575,0,11.2224,1.793935,2.360808,379.4000,0.05,1815540391.0
35,2026-06-23,2026-07-22,1373,21,1575,0,13.4341,0.225115,2.391852,188.2400,0.01,4600119995.44
35,2026-06-23,2026-07-22,1383,21,1575,0,16.1418,0.000000,3.097502,2098.5000,0.05,8610383496.0
35,2026-06-23,2026-07-22,1386,21,1575,0,17.8839,0.000000,3.261832,1437.0000,0.05,2600652310.8
35,2026-06-23,2026-07-22,1406,21,1575,0,20.3893,1.340910,3.170496,2954.0000,0.05,818734229.2
35,2026-06-23,2026-07-22,1415,21,1575,0,12.6812,1.726560,2.565293,4579.1000,0.05,2959496503.1
35,2026-06-23,2026-07-22,1420,21,1575,0,19.3739,0.000000,2.952921,4852.8000,0.05,1140741011.6
35,2026-06-23,2026-07-22,1426,21,1575,0,17.2043,0.315459,3.179345,2931.2000,0.05,3552335890.4
35,2026-06-23,2026-07-22,1438,21,1575,0,17.3452,0.000000,2.800620,3605.2000,0.05,2556847297.6
35,2026-06-23,2026-07-22,1451,21,1575,0,12.5457,1.744963,2.352859,11368.0000,0.05,2766160715.0
35,2026-06-23,2026-07-22,1455,21,1575,0,21.0895,3.466805,3.407897,169.0100,0.01,1831726499.88
35,2026-06-23,2026-07-22,1461,21,1575,0,17.4099,2.190114,2.642917,598.0000,0.05,1372514305.0
35,2026-06-23,2026-07-22,1480,21,1575,0,16.0903,0.000000,2.587717,481.5500,0.05,2401138504.8
35,2026-06-23,2026-07-22,1481,21,1575,0,17.4523,2.662134,2.992183,274.0500,0.05,6572361794.4
35,2026-06-23,2026-07-22,1510,21,1575,0,16.6652,0.000000,2.531955,1306.5000,0.05,1302029972.4
35,2026-06-23,2026-07-22,1532,21,1575,0,12.4283,0.470593,2.365035,175.0000,0.01,2464561036.39
35,2026-06-23,2026-07-22,1539,21,1575,0,14.9876,3.152170,3.121680,23.9300,0.01,1762332340.7
35,2026-06-23,2026-07-22,9424,21,1575,0,14.8449,3.244639,2.553359,4040.9000,0.05,1556793540.0
35,2026-06-23,2026-07-22,9428,21,1575,0,21.4148,0.000000,3.583631,1056.8000,0.05,1089155745.4
35,2026-06-23,2026-07-22,9486,21,1575,0,19.7518,1.876429,3.000015,144.2400,0.01,1827352653.0
35,2026-06-23,2026-07-22,9621,21,1575,0,14.0599,0.000000,2.499320,238.8000,0.05,3360604045.5
35,2026-06-23,2026-07-22,9728,21,1575,0,24.1865,3.553627,3.798172,32540.0000,0.05,2819593600.0
35,2026-06-23,2026-07-22,9752,21,1575,0,24.0276,0.000000,3.734955,1243.5000,0.05,3073343070.7
35,2026-06-23,2026-07-22,9754,21,1575,0,10.1182,1.479025,2.152420,89.7200,0.01,1116137002.11
35,2026-06-23,2026-07-22,9873,21,1575,0,31.0918,0.000000,5.208346,1168.0000,0.05,1568224021.0
35,2026-06-23,2026-07-22,9882,21,1575,0,17.6861,0.000000,2.831480,383.4500,0.05,2309917855.4
35,2026-06-23,2026-07-22,9891,21,1575,0,24.8245,0.000000,3.794840,1648.4000,0.05,1466439486.4
35,2026-06-23,2026-07-22,9894,21,1575,0,14.4748,1.568849,2.460764,433.2000,0.05,873394658.8
35,2026-06-23,2026-07-22,9936,21,1575,0,17.7670,2.348810,2.606954,2524.3000,0.05,944711474.5
35,2026-06-23,2026-07-22,9962,21,1575,0,21.5986,0.000000,3.703954,41.1200,0.01,982119425.32
35,2026-06-23,2026-07-22,9973,21,1575,0,19.8881,0.000000,3.629717,1495.9000,0.05,2991487018.2
35,2026-06-23,2026-07-22,9983,21,1575,0,20.3498,2.785477,3.186557,665.4500,0.05,921906615.0
35,2026-06-23,2026-07-22,10023,21,1575,0,25.5251,3.415860,4.134830,260.2000,0.05,3296201652.85
35,2026-06-23,2026-07-22,10038,21,1575,0,21.6000,0.000000,3.790699,497.4500,0.05,951963520.9
35,2026-06-23,2026-07-22,10052,21,1575,0,21.4457,0.392442,3.991607,3301.0000,0.05,4086920274.0
35,2026-06-23,2026-07-22,10071,21,1575,0,16.1594,2.540069,2.986151,320.7000,0.05,1108927823.7
35,2026-06-23,2026-07-22,10140,21,1575,0,16.9193,0.428463,2.817270,1967.6000,0.05,1514571171.4
35,2026-06-23,2026-07-22,10160,21,1575,0,24.7681,5.840320,3.418089,285.0000,0.05,8567995307.93
35,2026-06-23,2026-07-22,10188,21,1575,0,23.7284,1.749374,4.246913,1125.1000,0.05,1309522795.0
35,2026-06-23,2026-07-22,10351,21,1575,0,20.2640,2.179205,3.637013,1103.7000,0.05,772267884.8
35,2026-06-23,2026-07-22,10361,21,1575,0,20.4250,0.000000,3.801602,312.4000,0.05,1388356354.35
35,2026-06-23,2026-07-22,10399,21,1575,0,14.0614,1.794593,2.632192,1382.4000,0.05,1136187948.0
35,2026-06-23,2026-07-22,10431,21,1575,4,33.5645,5.043985,5.157313,390.3500,0.05,1628578948.75
35,2026-06-23,2026-07-22,10587,21,1575,0,12.4974,1.743317,2.675377,125.3200,0.01,883635279.44
35,2026-06-23,2026-07-22,10627,21,1575,0,20.7025,0.000000,3.260107,1137.5000,0.05,861335090.0
35,2026-06-23,2026-07-22,10687,21,1575,0,16.2536,1.746940,2.657478,111.9900,0.01,1124775457.05
35,2026-06-23,2026-07-22,10691,21,1575,0,17.1212,1.842082,2.952787,117.0000,0.01,1341403740.0
35,2026-06-23,2026-07-22,10694,21,1575,0,20.1128,0.000000,3.261597,882.9500,0.05,881640632.4
35,2026-06-23,2026-07-22,10840,21,1575,1,24.6305,0.000000,3.327555,411.1000,0.05,833723882.4
35,2026-06-23,2026-07-22,11084,21,1575,0,16.4255,0.516560,2.790894,1042.1000,0.05,4702109681.9
35,2026-06-23,2026-07-22,11223,21,1575,0,15.7611,0.000000,2.579071,2865.2000,0.05,4058845679.2
35,2026-06-23,2026-07-22,11430,21,1575,0,29.5862,1.032273,4.174427,4587.7000,0.05,1780098623.6
35,2026-06-23,2026-07-22,11452,21,1575,0,20.4308,2.170390,3.276518,1586.6000,0.05,2213375577.6
35,2026-06-23,2026-07-22,11457,21,1575,0,22.5285,0.000000,3.664952,338.4000,0.05,1970032930.0
35,2026-06-23,2026-07-22,11480,21,1575,0,16.6950,1.694361,2.842252,1105.5000,0.05,2535256438.0
35,2026-06-23,2026-07-22,11705,21,1575,0,16.6086,1.904438,2.828629,2462.0000,0.05,2918925451.5
35,2026-06-23,2026-07-22,11761,21,1575,0,14.8895,0.000000,2.396704,339.3500,0.05,3479705437.75
35,2026-06-23,2026-07-22,11777,21,1575,0,17.2886,1.282921,3.324221,782.7500,0.05,957125894.0
36,2026-07-23,2026-08-20,15,21,1533,0,19.6977,3.072173,3.277759,7588.0000,0.05,1591847914.5
36,2026-07-23,2026-08-20,17,21,1533,0,15.3161,0.000000,2.974329,403.8000,0.05,1366097005.0500002
36,2026-07-23,2026-08-20,24,21,1533,0,14.5390,1.419344,2.436239,3020.4000,0.05,3031280601.05
36,2026-07-23,2026-08-20,26,21,1533,0,19.4559,2.968999,3.273202,1370.5000,0.05,2509274489.75
36,2026-07-23,2026-08-20,27,21,1533,0,13.2424,1.569220,2.415764,1690.0000,0.05,2967180926.7
36,2026-07-23,2026-08-20,28,21,1533,0,15.1155,0.000000,2.797346,209.0700,0.01,4080197294.49
36,2026-07-23,2026-08-20,68,21,1533,0,18.5014,2.103681,3.130835,7309.0000,0.05,2106926900.0
36,2026-07-23,2026-08-20,70,21,1533,0,14.9872,2.576882,2.801813,429.2500,0.05,1031083362.15
36,2026-07-23,2026-08-20,87,21,1533,0,17.5315,1.400706,3.129813,1958.2000,0.05,997035682.35
36,2026-07-23,2026-08-20,90,21,1533,0,11.7523,0.000000,2.095516,8866.0000,0.05,2668708716.0
36,2026-07-23,2026-08-20,118,21,1533,0,18.1782,1.052071,2.995620,174.3000,0.01,2642074218.0299997
36,2026-07-23,2026-08-20,120,21,1533,0,14.0918,0.000000,2.370553,2727.5000,0.05,2479417425.9
36,2026-07-23,2026-08-20,125,21,1533,0,16.2723,0.000000,3.224906,1456.6000,0.05,816317295.5
36,2026-07-23,2026-08-20,133,21,1533,0,15.3507,2.889819,2.880782,1057.7000,0.05,1724509538.15
36,2026-07-23,2026-08-20,135,21,1533,0,16.9965,1.788756,2.685879,1604.6000,0.05,1348838535.65
36,2026-07-23,2026-08-20,143,21,1533,0,10.0177,1.326083,2.011905,1230.6000,0.05,7553582316.25
36,2026-07-23,2026-08-20,150,21,1533,0,10.5348,1.617258,2.203124,11640.0000,0.05,3194150790.0
36,2026-07-23,2026-08-20,153,21,1533,0,13.0242,2.314003,2.701572,2012.7000,0.05,1897083731.75
36,2026-07-23,2026-08-20,156,21,1533,0,14.4094,2.209783,2.781468,1088.3000,0.05,6776625585.049999
36,2026-07-23,2026-08-20,168,21,1533,0,16.1540,0.000000,2.862812,173.8000,0.01,1216273175.44
36,2026-07-23,2026-08-20,170,21,1533,0,11.8565,2.263507,2.289627,246.0400,0.05,2508556947.175
36,2026-07-23,2026-08-20,172,21,1533,0,13.0241,0.000000,2.354399,141.8400,0.01,1229289127.4450002
36,2026-07-23,2026-08-20,182,21,1533,0,21.1523,4.351353,3.641720,1277.6000,0.05,1711318071.8000002
36,2026-07-23,2026-08-20,185,21,1533,0,11.3025,0.000000,2.019267,402.3000,0.05,5055230646.9
36,2026-07-23,2026-08-20,196,21,1533,0,18.9414,0.000000,3.155802,2159.2000,0.05,1512824279.9
36,2026-07-23,2026-08-20,200,21,1533,0,10.3267,0.000000,2.026225,1947.0000,0.05,11456012759.35
36,2026-07-23,2026-08-20,201,21,1533,0,17.1337,0.000000,2.924939,410.9000,0.05,2689569246.425
36,2026-07-23,2026-08-20,206,21,1533,0,15.0980,2.295147,2.630505,425.5000,0.05,1087410329.2
36,2026-07-23,2026-08-20,217,21,1533,0,23.0721,3.277330,3.676496,1623.7000,0.05,667764043.1
36,2026-07-23,2026-08-20,220,21,1533,0,16.8147,0.000000,2.533769,42375.0000,0.05,914349630.0
36,2026-07-23,2026-08-20,221,21,1533,0,13.4715,0.444941,2.316954,316.9500,0.05,2531698311.475
36,2026-07-23,2026-08-20,225,21,1533,0,12.9375,2.356420,2.337116,5515.0000,0.05,1645704210.5
36,2026-07-23,2026-08-20,228,21,1533,0,18.0823,1.595647,3.014187,3521.0000,0.05,11041478592.65
36,2026-07-23,2026-08-20,239,21,1533,0,13.3254,0.000000,2.298996,128.8200,0.01,3219544898.2200003
36,2026-07-23,2026-08-20,252,21,1533,0,13.2734,0.892677,2.476807,1337.6000,0.05,2388923655.8999996
36,2026-07-23,2026-08-20,267,21,1533,0,18.3729,0.000000,3.050052,875.9000,0.05,1933007235.375
36,2026-07-23,2026-08-20,273,21,1533,0,19.8181,0.000000,2.826975,1877.2000,0.05,2258717663.45
36,2026-07-23,2026-08-20,279,21,1533,0,13.8970,3.521272,2.329432,1457.9000,0.05,1828399301.0
36,2026-07-23,2026-08-20,283,21,1533,0,9.6436,1.514442,1.986031,412.6500,0.05,2463565440.925
36,2026-07-23,2026-08-20,284,21,1533,0,16.6486,2.145366,2.726398,1457.2000,0.05,1485907422.75
36,2026-07-23,2026-08-20,306,21,1533,0,14.3261,0.000000,2.558867,5424.5000,0.05,2133899076.75
36,2026-07-23,2026-08-20,345,21,1533,0,15.2960,5.399707,2.528465,8358.5000,0.05,2040299335.75
36,2026-07-23,2026-08-20,346,21,1533,0,17.5414,0.000000,2.791087,14100.0000,0.05,5739862525.0
36,2026-07-23,2026-08-20,347,21,1533,0,15.8399,0.000000,2.870551,658.9500,0.05,1980707071.25
36,2026-07-23,2026-08-20,356,21,1533,0,12.2716,2.283977,2.392642,1166.6000,0.05,1910755256.0
36,2026-07-23,2026-08-20,368,21,1533,0,11.2287,0.000000,2.282644,7981.0000,0.05,3346508688.5
36,2026-07-23,2026-08-20,409,21,1533,0,9.7557,1.559366,2.117419,355.5000,0.05,1847382962.375
36,2026-07-23,2026-08-20,423,21,1533,0,17.8042,0.000000,2.667801,934.0500,0.05,1526039483.5
36,2026-07-23,2026-08-20,430,21,1533,0,13.6001,0.000000,2.358841,173.7200,0.01,1549998267.045
36,2026-07-23,2026-08-20,465,21,1533,1,17.3089,0.000000,2.528058,2253.1000,0.05,1148980946.8
36,2026-07-23,2026-08-20,477,21,1533,0,24.2288,0.000000,3.260158,2154.0000,0.05,1092040487.1999998
36,2026-07-23,2026-08-20,479,21,1533,0,16.9911,3.257370,2.766280,1060.8000,0.05,1364841669.925
36,2026-07-23,2026-08-20,481,21,1533,0,20.6915,0.000000,3.145815,2061.6000,0.05,1341463655.05
36,2026-07-23,2026-08-20,496,21,1533,0,13.9392,1.845969,2.605378,3211.0000,0.05,1685583373.4
36,2026-07-23,2026-08-20,524,21,1533,0,14.8347,0.000000,2.640451,4873.0000,0.05,4349768944.8
36,2026-07-23,2026-08-20,529,21,1533,0,12.7606,2.173099,2.219754,1272.5000,0.05,1036040808.6
36,2026-07-23,2026-08-20,534,21,1533,0,13.6740,0.000000,2.411644,1345.5000,0.05,3858287253.75
36,2026-07-23,2026-08-20,536,21,1533,0,13.0894,2.163474,2.446095,2539.3000,0.05,2296105437.75
36,2026-07-23,2026-08-20,537,21,1533,0,7.4824,0.581240,1.606599,734.8500,0.05,22322787718.550003
36,2026-07-23,2026-08-20,538,21,1533,0,10.6324,1.540778,2.102127,542.5000,0.05,1789293395.825
36,2026-07-23,2026-08-20,546,21,1533,0,15.1737,0.000000,2.625434,5661.0000,0.05,2900080619.2
36,2026-07-23,2026-08-20,556,21,1533,0,14.7683,3.148177,2.596347,1023.2000,0.05,4485996041.6
36,2026-07-23,2026-08-20,562,21,1533,0,12.6012,1.037011,2.201361,372.1000,0.05,2049641287.0749998
36,2026-07-23,2026-08-20,563,21,1533,0,17.9562,2.036978,2.263427,2085.5000,0.05,3380858979.45
36,2026-07-23,2026-08-20,564,21,1533,0,17.1401,2.172217,3.065401,560.8500,0.05,2632890439.95
36,2026-07-23,2026-08-20,590,21,1533,0,10.0760,1.324927,1.918752,1429.3000,0.05,17365022335.5
36,2026-07-23,2026-08-20,593,21,1533,1,15.0668,2.162448,2.340143,1639.5000,0.05,931247464.9000001
36,2026-07-23,2026-08-20,609,21,1533,0,20.6048,2.624117,4.145151,13.0600,0.01,6206969763.22
36,2026-07-23,2026-08-20,611,21,1533,0,12.0988,0.405919,2.353026,85.1400,0.01,1621127394.635
36,2026-07-23,2026-08-20,627,21,1533,0,11.8202,1.534609,2.115297,731.2000,0.05,1731799166.4499998
36,2026-07-23,2026-08-20,631,21,1533,0,14.4727,0.941501,2.611227,860.8000,0.05,1519638813.15
36,2026-07-23,2026-08-20,634,21,1533,0,13.6094,2.594171,2.461494,5260.5000,0.05,4821796410.700001
36,2026-07-23,2026-08-20,647,21,1533,0,12.8865,1.247385,2.419925,1011.4000,0.05,2406457300.075
36,2026-07-23,2026-08-20,653,21,1533,0,14.2431,1.665084,2.767637,1157.7000,0.05,12447129441.900002
36,2026-07-23,2026-08-20,656,21,1533,0,21.2868,0.000000,3.261544,76.3500,0.01,896574174.675
36,2026-07-23,2026-08-20,663,21,1533,0,10.4869,1.421956,1.994426,140.3700,0.01,1755780822.415
36,2026-07-23,2026-08-20,672,21,1533,0,10.7776,2.091004,2.084782,282.9000,0.05,4938957298.65
36,2026-07-23,2026-08-20,698,21,1533,0,14.9816,2.158196,2.647168,1101.1000,0.05,1380821855.5
36,2026-07-23,2026-08-20,720,21,1533,0,13.8269,2.152814,2.470059,554.9000,0.05,1194405938.55
36,2026-07-23,2026-08-20,722,21,1533,0,12.2561,1.365762,2.380976,1274.3000,0.05,1737979778.6
36,2026-07-23,2026-08-20,725,21,1533,1,21.5308,2.352032,3.377262,477.3000,0.05,861153896.2249999
36,2026-07-23,2026-08-20,750,21,1533,0,18.9053,3.168852,3.563366,5542.2000,0.05,1177232939.1
36,2026-07-23,2026-08-20,771,21,1533,0,9.8103,1.529699,2.130974,390.4500,0.05,6075564010.45
36,2026-07-23,2026-08-20,780,21,1533,0,28.6958,6.217413,4.169249,611.3500,0.05,970109734.35
36,2026-07-23,2026-08-20,798,21,1533,0,15.3421,1.815973,2.470110,1820.3000,0.05,1769060254.325
36,2026-07-23,2026-08-20,818,21,1533,0,10.1113,0.000000,1.986595,4029.4000,0.05,7033162787.8
36,2026-07-23,2026-08-20,823,21,1533,0,13.6004,1.594289,2.361937,2370.5000,0.05,1804037358.25
36,2026-07-23,2026-08-20,827,21,1533,0,14.7484,0.000000,2.455314,3412.9000,0.05,7718111160.0
36,2026-07-23,2026-08-20,838,21,1575,0,14.6442,1.401894,2.635689,80.0000,0.01,1000494833.195
36,2026-07-23,2026-08-20,853,21,1533,0,21.4469,0.000000,3.378060,357.2000,0.05,949219146.3
36,2026-07-23,2026-08-20,863,21,1533,0,13.5524,2.029489,2.464970,857.4000,0.05,1275045169.6
36,2026-07-23,2026-08-20,865,21,1533,0,12.3955,0.000000,1.984399,13905.0000,0.05,5525080409.5
36,2026-07-23,2026-08-20,878,21,1533,0,20.2480,0.000000,3.462310,2741.3000,0.05,6194953957.6
36,2026-07-23,2026-08-20,886,21,1533,0,16.7617,2.678674,2.974191,1516.2000,0.05,988579441.5
36,2026-07-23,2026-08-20,910,21,1533,0,19.7107,0.000000,3.063959,2434.4000,0.05,1174905821.55
36,2026-07-23,2026-08-20,925,21,1533,0,15.2358,0.000000,2.548747,2917.7000,0.05,1829904516.1
36,2026-07-23,2026-08-20,935,21,1533,0,18.6333,0.972501,3.284120,1171.0000,0.05,677113463.3
36,2026-07-23,2026-08-20,938,21,1533,0,17.8271,3.465954,2.984470,378.7000,0.05,2965588800.4
36,2026-07-23,2026-08-20,939,21,1533,0,19.1235,1.879125,3.271304,1256.5000,0.05,1482353240.275
36,2026-07-23,2026-08-20,943,21,1533,0,13.1906,1.182797,2.468117,94.1700,0.01,992894308.065
36,2026-07-23,2026-08-20,956,21,1533,0,16.2734,0.000000,2.215332,1503.4000,0.05,1494334041.15
36,2026-07-23,2026-08-20,970,21,1533,0,12.5099,0.000000,2.278975,77.7800,0.01,940239024.84
36,2026-07-23,2026-08-20,982,21,1533,0,13.6958,2.418591,2.664745,84.6600,0.01,1638756654.08
36,2026-07-23,2026-08-20,990,21,1533,0,10.7523,2.160360,2.074197,343.6500,0.05,3308605083.425
36,2026-07-23,2026-08-20,994,21,1533,0,17.3080,0.000000,3.061875,1822.4000,0.05,715486983.5999999
36,2026-07-23,2026-08-20,996,21,1533,0,28.5854,0.000000,3.352982,11609.0000,0.05,1116254479.5
36,2026-07-23,2026-08-20,997,21,1533,0,19.8821,2.873684,2.844936,455.4000,0.05,1109794662.95
36,2026-07-23,2026-08-20,1007,21,1533,0,10.3788,0.000000,1.835193,239.7200,0.05,2758056007.33
36,2026-07-23,2026-08-20,1049,21,1533,0,17.0661,1.429889,3.107437,5506.0000,0.05,2599476123.5
36,2026-07-23,2026-08-20,1050,21,1533,0,15.1748,3.676854,2.484045,279.1000,0.05,575994269.575
36,2026-07-23,2026-08-20,1051,21,1533,0,13.1984,1.761641,2.599332,412.0500,0.05,2324703319.6
36,2026-07-23,2026-08-20,1055,21,1533,0,23.9478,0.000000,4.010457,608.0000,0.05,1286377111.3
36,2026-07-23,2026-08-20,1060,21,1533,0,16.5554,2.644713,2.943510,1922.6000,0.05,784474008.0
36,2026-07-23,2026-08-20,1061,21,1533,0,14.5747,2.013245,2.245449,1652.2000,0.05,883858624.3
36,2026-07-23,2026-08-20,1068,21,1533,0,11.7509,0.000000,2.110191,113.8500,0.01,1806897751.525
36,2026-07-23,2026-08-20,1070,21,1533,0,20.5241,3.375823,3.414444,1135.6000,0.05,904200083.05
36,2026-07-23,2026-08-20,1076,21,1533,0,13.5835,2.229835,2.449651,9133.0000,0.05,2214764812.5
36,2026-07-23,2026-08-20,1080,21,1533,0,10.4726,0.000000,1.693814,272.1000,0.05,3058011076.7749996
36,2026-07-23,2026-08-20,1095,21,1533,0,19.2123,2.757153,3.216842,1602.0000,0.05,1015367709.9
36,2026-07-23,2026-08-20,1113,21,1533,0,18.7215,3.395728,3.113111,4479.1000,0.05,903032044.25
36,2026-07-23,2026-08-20,1132,21,1533,0,15.2823,1.350487,2.825926,382.3500,0.05,1680199565.625
36,2026-07-23,2026-08-20,1135,21,1533,0,13.7995,1.196256,2.760751,361.7500,0.05,2108896600.575
36,2026-07-23,2026-08-20,1140,21,1533,0,9.1161,1.175889,1.764042,1307.4000,0.05,16833008208.55
36,2026-07-23,2026-08-20,1173,21,1533,0,14.4375,1.013391,2.528409,227.0400,0.05,1681768538.55
36,2026-07-23,2026-08-20,1179,21,1533,0,22.5040,0.000000,3.139312,170.9700,0.01,2509124203.13
36,2026-07-23,2026-08-20,1208,21,1533,0,12.9994,2.488504,2.487071,1851.8000,0.05,1634632135.1
36,2026-07-23,2026-08-20,1209,21,1533,0,13.5119,0.000000,2.258193,1049.1000,0.05,11325936722.875
36,2026-07-23,2026-08-20,1261,21,1533,0,19.6894,3.208855,3.283204,3915.2000,0.05,1111443322.05
36,2026-07-23,2026-08-20,1283,21,1533,0,19.7092,2.007609,3.106676,18627.0000,0.05,1784965525.5
36,2026-07-23,2026-08-20,1305,21,1533,0,13.0048,2.401368,2.723515,2624.9000,0.05,1167214982.55
36,2026-07-23,2026-08-20,1334,21,1533,0,12.9201,0.000000,2.295217,1943.0000,0.05,3737618191.4
36,2026-07-23,2026-08-20,1349,21,1533,0,17.8414,3.361873,2.932112,47.9600,0.01,3088101894.19
36,2026-07-23,2026-08-20,1366,21,1533,0,13.1627,1.630239,2.353718,1088.0000,0.05,1321107193.5
36,2026-07-23,2026-08-20,1367,21,1533,0,15.3172,0.000000,2.689609,3719.9000,0.05,913287820.0
36,2026-07-23,2026-08-20,1372,21,1533,0,10.4284,2.040519,2.214567,378.7500,0.05,1770530778.25
36,2026-07-23,2026-08-20,1373,21,1533,0,12.1401,0.246462,2.097179,185.9400,0.01,4614624407.205
36,2026-07-23,2026-08-20,1383,21,1533,0,14.9872,1.387064,2.575009,2372.2000,0.05,8647275082.55
36,2026-07-23,2026-08-20,1386,21,1533,0,13.4783,1.638910,2.525561,1638.8000,0.05,2618048619.55
36,2026-07-23,2026-08-20,1406,21,1533,0,21.6571,0.000000,3.507843,2783.9000,0.05,798366950.0
36,2026-07-23,2026-08-20,1415,21,1533,0,10.9937,1.608980,2.173286,4955.1000,0.05,3060629261.75
36,2026-07-23,2026-08-20,1420,21,1533,0,15.1007,2.952655,2.771318,4956.9000,0.05,1156429121.45
36,2026-07-23,2026-08-20,1426,21,1533,0,19.4167,0.000000,2.734951,2993.2000,0.05,3494160001.45
36,2026-07-23,2026-08-20,1438,21,1533,0,12.5869,1.402957,2.631965,4346.9000,0.05,2682902096.6
36,2026-07-23,2026-08-20,1451,21,1533,0,10.6929,1.192752,2.066022,11735.0000,0.05,2759935252.5
36,2026-07-23,2026-08-20,1455,21,1533,0,15.5693,1.638645,2.535515,177.3300,0.01,1928081857.295
36,2026-07-23,2026-08-20,1461,21,1533,0,12.6602,0.000000,2.356144,577.7500,0.05,1368664543.1750002
36,2026-07-23,2026-08-20,1480,21,1533,0,17.7511,0.000000,2.985827,443.0000,0.05,2348289916.5
36,2026-07-23,2026-08-20,1481,21,1533,0,16.1713,3.396161,2.872118,267.8500,0.05,6575777839.65
36,2026-07-23,2026-08-20,1510,21,1533,0,18.1428,3.851218,2.988446,1305.5000,0.05,1214702924.25
36,2026-07-23,2026-08-20,1532,21,1533,0,12.4422,0.000000,2.181228,183.6500,0.01,2564024578.08
36,2026-07-23,2026-08-20,1539,21,1533,0,9.6749,2.717395,2.601184,22.8300,0.01,1780068800.915
36,2026-07-23,2026-08-20,9424,21,1533,0,18.1259,0.000000,2.534491,4000.9000,0.05,1552759048.1
36,2026-07-23,2026-08-20,9428,21,1533,0,17.0701,3.317241,3.160449,1029.7000,0.05,1098582528.05
36,2026-07-23,2026-08-20,9486,21,1533,0,19.3642,3.657207,3.261462,154.5800,0.01,1890774196.2
36,2026-07-23,2026-08-20,9621,21,1533,0,17.3540,1.313799,2.765413,250.1500,0.05,3217850377.3500004
36,2026-07-23,2026-08-20,9674,21,1533,0,18.8824,0.000000,2.588800,1118.9000,0.05,716877951.475
36,2026-07-23,2026-08-20,9728,21,1533,0,18.7381,0.000000,3.176237,32385.0000,0.05,3026716625.0
36,2026-07-23,2026-08-20,9752,21,1533,0,24.6100,1.696180,3.799465,1444.0000,0.05,3084260776.9
36,2026-07-23,2026-08-20,9754,21,1533,0,10.6585,2.352980,2.333259,88.2200,0.01,1107374157.5
36,2026-07-23,2026-08-20,9873,21,1575,0,26.1662,0.000000,4.206120,1454.2000,0.05,1937970906.4
36,2026-07-23,2026-08-20,9882,21,1533,0,18.6468,1.799563,3.004625,374.5500,0.05,2364351261.2
36,2026-07-23,2026-08-20,9891,21,1533,0,20.3262,2.361779,3.222395,1636.1000,0.05,1583188299.375
36,2026-07-23,2026-08-20,9894,21,1533,0,14.4720,2.413696,2.543122,413.4500,0.05,924577946.45
36,2026-07-23,2026-08-20,9936,21,1533,0,15.8369,0.000000,2.251523,2445.1000,0.05,929033688.5
36,2026-07-23,2026-08-20,9962,21,1575,0,22.0427,4.591287,4.027978,43.3000,0.01,969666203.625
36,2026-07-23,2026-08-20,9973,21,1533,0,17.7990,0.642420,3.154633,1773.1000,0.05,3176250293.7
36,2026-07-23,2026-08-20,9983,21,1533,0,20.5982,0.000000,3.211883,794.7000,0.05,927905451.65
36,2026-07-23,2026-08-20,10023,21,1533,0,27.1332,0.000000,4.373959,279.5500,0.05,3199491682.125
36,2026-07-23,2026-08-20,10038,21,1533,0,19.9862,3.382932,3.317993,468.7000,0.05,1036373863.125
36,2026-07-23,2026-08-20,10052,21,1533,0,27.8326,0.000000,4.260177,3732.4000,0.05,4137108299.1
36,2026-07-23,2026-08-20,10071,21,1533,0,16.3067,0.000000,2.617512,329.1000,0.05,1181999675.175
36,2026-07-23,2026-08-20,10140,21,1533,0,15.6186,3.448053,2.880191,2203.1000,0.05,1475047201.7
36,2026-07-23,2026-08-20,10160,21,1533,0,18.6845,2.915979,2.897827,313.1000,0.05,8733039755.4
36,2026-07-23,2026-08-20,10188,21,1533,0,23.4602,0.424879,3.723194,1233.5000,0.05,1426228456.05
36,2026-07-23,2026-08-20,10351,21,1533,0,18.1269,3.139089,3.119761,1163.2000,0.05,820293037.25
36,2026-07-23,2026-08-20,10361,21,1533,0,17.5958,0.000000,2.972915,312.5000,0.05,1406933072.48
36,2026-07-23,2026-08-20,10399,21,1533,0,14.7239,2.505337,2.644790,1522.9000,0.05,1087438957.25
36,2026-07-23,2026-08-20,10431,21,1533,0,26.3877,0.000000,4.242771,601.4000,0.05,1642036572.225
36,2026-07-23,2026-08-20,10587,21,1533,0,11.5681,2.164554,2.514765,119.7600,0.01,822345196.9200001
36,2026-07-23,2026-08-20,10627,21,1533,0,17.8876,2.299559,3.042394,1243.2000,0.05,906517201.6
36,2026-07-23,2026-08-20,10687,21,1533,0,14.4914,3.732186,2.743207,105.7500,0.01,1190282764.4
36,2026-07-23,2026-08-20,10691,21,1533,0,15.8989,0.000000,2.958929,108.3000,0.01,1217513302.35
36,2026-07-23,2026-08-20,10694,21,1533,2,20.8583,0.000000,3.142972,939.4500,0.05,876400132.75
36,2026-07-23,2026-08-20,10840,21,1533,0,19.1491,4.154649,3.555785,351.9500,0.05,814749771.9000001
36,2026-07-23,2026-08-20,11084,21,1533,0,17.3100,1.166017,2.852690,1106.0000,0.05,4954964209.425
36,2026-07-23,2026-08-20,11223,21,1533,0,14.6712,1.924204,2.674289,2690.0000,0.05,3472325265.3500004
36,2026-07-23,2026-08-20,11430,21,1533,0,24.0816,2.533697,4.243418,4310.0000,0.05,2006349375.55
36,2026-07-23,2026-08-20,11452,21,1533,0,16.9761,2.184791,2.899384,1623.6000,0.05,2244175779.15
36,2026-07-23,2026-08-20,11457,21,1533,0,18.7214,1.494590,3.344705,295.1500,0.05,1917734039.75
36,2026-07-23,2026-08-20,11480,21,1533,0,17.4479,0.000000,2.717329,1074.1000,0.05,2530892480.6
36,2026-07-23,2026-08-20,11705,21,1533,0,17.6699,1.840524,3.029056,2440.6000,0.05,2673633335.3
36,2026-07-23,2026-08-20,11761,21,1533,0,15.0434,0.000000,2.474058,333.0000,0.05,3490314211.05
36,2026-07-23,2026-08-20,11777,21,1533,0,15.7754,3.234526,2.928954,784.9500,0.05,939914899.4
